2026.05.11 14:20:02 INFO  Started: Metals version 1.6.7 in folders 'C:\Users\carol\Desktop\UNIVERSIDAD\SID2\proyectoIntegradorSid' for client Visual Studio Code 1.119.0.
2026.05.11 14:20:02 INFO  Memory monitor started
2026.05.11 14:20:03 WARN  Using H2 2.4.240 which is newer than the version Flyway has been verified with. The latest verified version of H2 is 2.3.232.
2026.05.11 14:20:03 INFO  no build target found for C:\Users\carol\Desktop\UNIVERSIDAD\SID2\proyectoIntegradorSid\src\main\java\co\icesi\UniPlan\model\IcesiStudent.java. Using fallback presentation compiler.
2026.05.11 14:20:03 INFO  no build target found for C:\Users\carol\Desktop\UNIVERSIDAD\SID2\proyectoIntegradorSid\src\main\java\co\icesi\UniPlan\model\IcesiStudent.java. Using fallback presentation compiler.
2026.05.11 14:20:07 INFO  no build target found for C:\Users\carol\Desktop\UNIVERSIDAD\SID2\proyectoIntegradorSid\src\main\java\co\icesi\UniPlan\model\IcesiStudent.java. Using fallback presentation compiler.
2026.05.11 14:20:07 INFO  no build target found for C:\Users\carol\Desktop\UNIVERSIDAD\SID2\proyectoIntegradorSid\src\main\java\co\icesi\UniPlan\model\IcesiStudent.java. Using fallback presentation compiler.
2026.05.11 14:20:09 INFO  no build target found for C:\Users\carol\Desktop\UNIVERSIDAD\SID2\proyectoIntegradorSid\src\main\java\co\icesi\UniPlan\model\IcesiStudent.java. Using fallback presentation compiler.
2026.05.11 14:20:09 INFO  no build target found for C:\Users\carol\Desktop\UNIVERSIDAD\SID2\proyectoIntegradorSid\src\main\java\co\icesi\UniPlan\model\IcesiStudent.java. Using fallback presentation compiler.
2026.05.11 14:20:09 INFO  no build target found for C:\Users\carol\Desktop\UNIVERSIDAD\SID2\proyectoIntegradorSid\src\main\java\co\icesi\UniPlan\model\IcesiStudent.java. Using fallback presentation compiler.
2026.05.11 14:20:09 INFO  no build target found for C:\Users\carol\Desktop\UNIVERSIDAD\SID2\proyectoIntegradorSid\src\main\java\co\icesi\UniPlan\model\IcesiStudent.java. Using fallback presentation compiler.
2026.05.11 14:20:11 INFO  no build target found for C:\Users\carol\Desktop\UNIVERSIDAD\SID2\proyectoIntegradorSid\src\main\java\co\icesi\UniPlan\model\IcesiStudent.java. Using fallback presentation compiler.
2026.05.11 14:20:11 INFO  no build target found for C:\Users\carol\Desktop\UNIVERSIDAD\SID2\proyectoIntegradorSid\src\main\java\co\icesi\UniPlan\model\IcesiStudent.java. Using fallback presentation compiler.
2026.05.11 14:20:11 INFO  no build target found for C:\Users\carol\Desktop\UNIVERSIDAD\SID2\proyectoIntegradorSid\src\main\java\co\icesi\UniPlan\model\IcesiStudent.java. Using fallback presentation compiler.
2026.05.11 14:20:12 INFO  no build target found for C:\Users\carol\Desktop\UNIVERSIDAD\SID2\proyectoIntegradorSid\src\main\java\co\icesi\UniPlan\model\IcesiStudent.java. Using fallback presentation compiler.
2026.05.11 14:20:11 INFO  no build target found for C:\Users\carol\Desktop\UNIVERSIDAD\SID2\proyectoIntegradorSid\src\main\java\co\icesi\UniPlan\model\IcesiStudent.java. Using fallback presentation compiler.
2026.05.11 14:20:12 WARN  no build target for: C:\Users\carol\Desktop\UNIVERSIDAD\SID2\proyectoIntegradorSid\src\main\java\co\icesi\UniPlan\model\IcesiStudent.java
2026.05.11 14:20:12 INFO  no build target found for C:\Users\carol\Desktop\UNIVERSIDAD\SID2\proyectoIntegradorSid\src\main\java\co\icesi\UniPlan\model\IcesiStudent.java. Using fallback presentation compiler.
2026.05.11 14:20:14 INFO  no build target found for C:\Users\carol\Desktop\UNIVERSIDAD\SID2\proyectoIntegradorSid\src\main\java\co\icesi\UniPlan\model\IcesiStudent.java. Using fallback presentation compiler.
2026.05.11 14:20:17 INFO  no build target found for C:\Users\carol\Desktop\UNIVERSIDAD\SID2\proyectoIntegradorSid\src\main\java\co\icesi\UniPlan\model\IcesiStudent.java. Using fallback presentation compiler.
2026.05.11 14:20:17 INFO  no build target found for C:\Users\carol\Desktop\UNIVERSIDAD\SID2\proyectoIntegradorSid\src\main\java\co\icesi\UniPlan\model\IcesiStudent.java. Using fallback presentation compiler.
2026.05.11 14:20:17 INFO  no build target found for C:\Users\carol\Desktop\UNIVERSIDAD\SID2\proyectoIntegradorSid\src\main\java\co\icesi\UniPlan\model\IcesiStudent.java. Using fallback presentation compiler.
2026.05.11 14:20:17 INFO  no build target found for C:\Users\carol\Desktop\UNIVERSIDAD\SID2\proyectoIntegradorSid\src\main\java\co\icesi\UniPlan\model\IcesiStudent.java. Using fallback presentation compiler.
2026.05.11 14:20:21 INFO  no build target found for C:\Users\carol\Desktop\UNIVERSIDAD\SID2\proyectoIntegradorSid\src\main\java\co\icesi\UniPlan\model\IcesiStudent.java. Using fallback presentation compiler.
2026.05.11 14:20:21 INFO  no build target found for C:\Users\carol\Desktop\UNIVERSIDAD\SID2\proyectoIntegradorSid\src\main\java\co\icesi\UniPlan\model\IcesiStudent.java. Using fallback presentation compiler.
2026.05.11 14:20:21 INFO  no build target found for C:\Users\carol\Desktop\UNIVERSIDAD\SID2\proyectoIntegradorSid\src\main\java\co\icesi\UniPlan\model\IcesiStudent.java. Using fallback presentation compiler.
2026.05.11 14:20:21 INFO  no build target found for C:\Users\carol\Desktop\UNIVERSIDAD\SID2\proyectoIntegradorSid\src\main\java\co\icesi\UniPlan\model\IcesiStudent.java. Using fallback presentation compiler.
2026.05.11 14:20:21 INFO  no build target found for C:\Users\carol\Desktop\UNIVERSIDAD\SID2\proyectoIntegradorSid\src\main\java\co\icesi\UniPlan\model\IcesiStudent.java. Using fallback presentation compiler.
2026.05.11 14:20:21 INFO  no build target found for C:\Users\carol\Desktop\UNIVERSIDAD\SID2\proyectoIntegradorSid\src\main\java\co\icesi\UniPlan\model\IcesiStudent.java. Using fallback presentation compiler.
2026.05.11 14:20:22 WARN  no build target for: C:\Users\carol\Desktop\UNIVERSIDAD\SID2\proyectoIntegradorSid\src\main\java\co\icesi\UniPlan\model\IcesiStudent.java
2026.05.11 14:20:22 INFO  no build target found for C:\Users\carol\Desktop\UNIVERSIDAD\SID2\proyectoIntegradorSid\src\main\java\co\icesi\UniPlan\model\IcesiStudent.java. Using fallback presentation compiler.
2026.05.11 14:20:22 INFO  no build target found for C:\Users\carol\Desktop\UNIVERSIDAD\SID2\proyectoIntegradorSid\src\main\java\co\icesi\UniPlan\model\IcesiStudent.java. Using fallback presentation compiler.
2026.05.11 14:20:22 INFO  no build target found for C:\Users\carol\Desktop\UNIVERSIDAD\SID2\proyectoIntegradorSid\src\main\java\co\icesi\UniPlan\model\IcesiStudent.java. Using fallback presentation compiler.
2026.05.11 14:20:22 INFO  no build target found for C:\Users\carol\Desktop\UNIVERSIDAD\SID2\proyectoIntegradorSid\src\main\java\co\icesi\UniPlan\model\IcesiStudent.java. Using fallback presentation compiler.
2026.05.11 14:20:22 INFO  no build target found for C:\Users\carol\Desktop\UNIVERSIDAD\SID2\proyectoIntegradorSid\src\main\java\co\icesi\UniPlan\model\IcesiStudent.java. Using fallback presentation compiler.
2026.05.11 14:20:23 INFO  no build target found for C:\Users\carol\Desktop\UNIVERSIDAD\SID2\proyectoIntegradorSid\src\main\java\co\icesi\UniPlan\model\IcesiStudent.java. Using fallback presentation compiler.
2026.05.11 14:20:26 INFO  no build target found for C:\Users\carol\Desktop\UNIVERSIDAD\SID2\proyectoIntegradorSid\src\main\java\co\icesi\UniPlan\model\IcesiStudent.java. Using fallback presentation compiler.
2026.05.11 14:20:26 INFO  no build target found for C:\Users\carol\Desktop\UNIVERSIDAD\SID2\proyectoIntegradorSid\src\main\java\co\icesi\UniPlan\model\IcesiStudent.java. Using fallback presentation compiler.
2026.05.11 14:20:26 INFO  no build target found for C:\Users\carol\Desktop\UNIVERSIDAD\SID2\proyectoIntegradorSid\src\main\java\co\icesi\UniPlan\model\IcesiStudent.java. Using fallback presentation compiler.
2026.05.11 14:20:26 INFO  no build target found for C:\Users\carol\Desktop\UNIVERSIDAD\SID2\proyectoIntegradorSid\src\main\java\co\icesi\UniPlan\model\IcesiStudent.java. Using fallback presentation compiler.
2026.05.11 14:20:26 INFO  no build target found for C:\Users\carol\Desktop\UNIVERSIDAD\SID2\proyectoIntegradorSid\src\main\java\co\icesi\UniPlan\model\IcesiStudent.java. Using fallback presentation compiler.
2026.05.11 14:20:27 WARN  no build target for: C:\Users\carol\Desktop\UNIVERSIDAD\SID2\proyectoIntegradorSid\src\main\java\co\icesi\UniPlan\model\IcesiStudent.java
2026.05.11 14:20:27 INFO  no build target found for C:\Users\carol\Desktop\UNIVERSIDAD\SID2\proyectoIntegradorSid\src\main\java\co\icesi\UniPlan\model\IcesiStudent.java. Using fallback presentation compiler.
2026.05.11 14:20:27 INFO  no build target found for C:\Users\carol\Desktop\UNIVERSIDAD\SID2\proyectoIntegradorSid\src\main\java\co\icesi\UniPlan\model\IcesiStudent.java. Using fallback presentation compiler.
2026.05.11 14:20:27 INFO  no build target found for C:\Users\carol\Desktop\UNIVERSIDAD\SID2\proyectoIntegradorSid\src\main\java\co\icesi\UniPlan\model\IcesiStudent.java. Using fallback presentation compiler.
2026.05.11 14:20:27 INFO  no build target found for C:\Users\carol\Desktop\UNIVERSIDAD\SID2\proyectoIntegradorSid\src\main\java\co\icesi\UniPlan\model\IcesiStudent.java. Using fallback presentation compiler.
2026.05.11 14:20:27 INFO  no build target found for C:\Users\carol\Desktop\UNIVERSIDAD\SID2\proyectoIntegradorSid\src\main\java\co\icesi\UniPlan\model\IcesiStudent.java. Using fallback presentation compiler.
2026.05.11 14:20:32 INFO  no build target found for C:\Users\carol\Desktop\UNIVERSIDAD\SID2\proyectoIntegradorSid\src\main\java\co\icesi\UniPlan\model\IcesiStudent.java. Using fallback presentation compiler.
2026.05.11 14:20:32 INFO  no build target found for C:\Users\carol\Desktop\UNIVERSIDAD\SID2\proyectoIntegradorSid\src\main\java\co\icesi\UniPlan\model\IcesiStudent.java. Using fallback presentation compiler.
2026.05.11 14:20:32 INFO  no build target found for C:\Users\carol\Desktop\UNIVERSIDAD\SID2\proyectoIntegradorSid\src\main\java\co\icesi\UniPlan\model\IcesiStudent.java. Using fallback presentation compiler.
2026.05.11 14:20:32 INFO  no build target found for C:\Users\carol\Desktop\UNIVERSIDAD\SID2\proyectoIntegradorSid\src\main\java\co\icesi\UniPlan\model\IcesiStudent.java. Using fallback presentation compiler.
2026.05.11 14:20:32 INFO  no build target found for C:\Users\carol\Desktop\UNIVERSIDAD\SID2\proyectoIntegradorSid\src\main\java\co\icesi\UniPlan\model\IcesiStudent.java. Using fallback presentation compiler.
2026.05.11 14:20:33 WARN  no build target for: C:\Users\carol\Desktop\UNIVERSIDAD\SID2\proyectoIntegradorSid\src\main\java\co\icesi\UniPlan\model\IcesiStudent.java
2026.05.11 14:20:32 INFO  no build target found for C:\Users\carol\Desktop\UNIVERSIDAD\SID2\proyectoIntegradorSid\src\main\java\co\icesi\UniPlan\model\IcesiStudent.java. Using fallback presentation compiler.
2026.05.11 14:20:33 INFO  no build target found for C:\Users\carol\Desktop\UNIVERSIDAD\SID2\proyectoIntegradorSid\src\main\java\co\icesi\UniPlan\model\IcesiStudent.java. Using fallback presentation compiler.
may 11, 2026 2:20:33 P. M. org.eclipse.lsp4j.jsonrpc.RemoteEndpoint handleCancellation
WARNING: Unmatched cancel notification for request id 74
2026.05.11 14:20:33 INFO  no build target found for C:\Users\carol\Desktop\UNIVERSIDAD\SID2\proyectoIntegradorSid\src\main\java\co\icesi\UniPlan\model\IcesiStudent.java. Using fallback presentation compiler.
2026.05.11 14:20:33 INFO  no build target found for C:\Users\carol\Desktop\UNIVERSIDAD\SID2\proyectoIntegradorSid\src\main\java\co\icesi\UniPlan\model\IcesiStudent.java. Using fallback presentation compiler.
2026.05.11 14:20:33 INFO  no build target found for C:\Users\carol\Desktop\UNIVERSIDAD\SID2\proyectoIntegradorSid\src\main\java\co\icesi\UniPlan\model\IcesiStudent.java. Using fallback presentation compiler.
2026.05.11 14:20:34 INFO  no build target found for C:\Users\carol\Desktop\UNIVERSIDAD\SID2\proyectoIntegradorSid\src\main\java\co\icesi\UniPlan\model\IcesiStudent.java. Using fallback presentation compiler.
2026.05.11 14:20:34 INFO  no build target found for C:\Users\carol\Desktop\UNIVERSIDAD\SID2\proyectoIntegradorSid\src\main\java\co\icesi\UniPlan\model\IcesiStudent.java. Using fallback presentation compiler.
2026.05.11 14:20:37 INFO  no build target found for C:\Users\carol\Desktop\UNIVERSIDAD\SID2\proyectoIntegradorSid\src\main\java\co\icesi\UniPlan\model\IcesiStudent.java. Using fallback presentation compiler.
2026.05.11 14:20:37 INFO  no build target found for C:\Users\carol\Desktop\UNIVERSIDAD\SID2\proyectoIntegradorSid\src\main\java\co\icesi\UniPlan\model\IcesiStudent.java. Using fallback presentation compiler.
2026.05.11 14:20:37 INFO  no build target found for C:\Users\carol\Desktop\UNIVERSIDAD\SID2\proyectoIntegradorSid\src\main\java\co\icesi\UniPlan\model\IcesiStudent.java. Using fallback presentation compiler.
2026.05.11 14:20:37 INFO  no build target found for C:\Users\carol\Desktop\UNIVERSIDAD\SID2\proyectoIntegradorSid\src\main\java\co\icesi\UniPlan\model\IcesiStudent.java. Using fallback presentation compiler.
2026.05.11 14:20:37 INFO  no build target found for C:\Users\carol\Desktop\UNIVERSIDAD\SID2\proyectoIntegradorSid\src\main\java\co\icesi\UniPlan\model\IcesiStudent.java. Using fallback presentation compiler.
2026.05.11 14:20:38 WARN  no build target for: C:\Users\carol\Desktop\UNIVERSIDAD\SID2\proyectoIntegradorSid\src\main\java\co\icesi\UniPlan\model\IcesiStudent.java
2026.05.11 14:20:38 INFO  no build target found for C:\Users\carol\Desktop\UNIVERSIDAD\SID2\proyectoIntegradorSid\src\main\java\co\icesi\UniPlan\model\IcesiStudent.java. Using fallback presentation compiler.
2026.05.11 14:20:38 INFO  no build target found for C:\Users\carol\Desktop\UNIVERSIDAD\SID2\proyectoIntegradorSid\src\main\java\co\icesi\UniPlan\model\IcesiStudent.java. Using fallback presentation compiler.
2026.05.11 14:20:38 INFO  no build target found for C:\Users\carol\Desktop\UNIVERSIDAD\SID2\proyectoIntegradorSid\src\main\java\co\icesi\UniPlan\model\IcesiStudent.java. Using fallback presentation compiler.
2026.05.11 14:20:38 INFO  no build target found for C:\Users\carol\Desktop\UNIVERSIDAD\SID2\proyectoIntegradorSid\src\main\java\co\icesi\UniPlan\model\IcesiStudent.java. Using fallback presentation compiler.
2026.05.11 14:20:39 INFO  no build target found for C:\Users\carol\Desktop\UNIVERSIDAD\SID2\proyectoIntegradorSid\src\main\java\co\icesi\UniPlan\model\IcesiStudent.java. Using fallback presentation compiler.
2026.05.11 14:20:39 INFO  no build target found for C:\Users\carol\Desktop\UNIVERSIDAD\SID2\proyectoIntegradorSid\src\main\java\co\icesi\UniPlan\model\IcesiStudent.java. Using fallback presentation compiler.
2026.05.11 14:20:39 INFO  no build target found for C:\Users\carol\Desktop\UNIVERSIDAD\SID2\proyectoIntegradorSid\src\main\java\co\icesi\UniPlan\model\IcesiStudent.java. Using fallback presentation compiler.
2026.05.11 14:20:39 INFO  no build target found for C:\Users\carol\Desktop\UNIVERSIDAD\SID2\proyectoIntegradorSid\src\main\java\co\icesi\UniPlan\model\IcesiStudent.java. Using fallback presentation compiler.
2026.05.11 14:20:41 INFO  no build target found for C:\Users\carol\Desktop\UNIVERSIDAD\SID2\proyectoIntegradorSid\src\main\java\co\icesi\UniPlan\model\IcesiStudent.java. Using fallback presentation compiler.
2026.05.11 14:20:41 INFO  no build target found for C:\Users\carol\Desktop\UNIVERSIDAD\SID2\proyectoIntegradorSid\src\main\java\co\icesi\UniPlan\model\IcesiStudent.java. Using fallback presentation compiler.
2026.05.11 14:20:41 INFO  no build target found for C:\Users\carol\Desktop\UNIVERSIDAD\SID2\proyectoIntegradorSid\src\main\java\co\icesi\UniPlan\model\IcesiStudent.java. Using fallback presentation compiler.
2026.05.11 14:20:42 INFO  no build target found for C:\Users\carol\Desktop\UNIVERSIDAD\SID2\proyectoIntegradorSid\src\main\java\co\icesi\UniPlan\model\IcesiStudent.java. Using fallback presentation compiler.
2026.05.11 14:20:42 INFO  no build target found for C:\Users\carol\Desktop\UNIVERSIDAD\SID2\proyectoIntegradorSid\src\main\java\co\icesi\UniPlan\model\IcesiStudent.java. Using fallback presentation compiler.
2026.05.11 14:20:42 INFO  no build target found for C:\Users\carol\Desktop\UNIVERSIDAD\SID2\proyectoIntegradorSid\src\main\java\co\icesi\UniPlan\model\IcesiStudent.java. Using fallback presentation compiler.
2026.05.11 14:20:46 INFO  no build target found for C:\Users\carol\Desktop\UNIVERSIDAD\SID2\proyectoIntegradorSid\src\main\java\co\icesi\UniPlan\model\IcesiStudent.java. Using fallback presentation compiler.
2026.05.11 14:20:46 INFO  no build target found for C:\Users\carol\Desktop\UNIVERSIDAD\SID2\proyectoIntegradorSid\src\main\java\co\icesi\UniPlan\model\IcesiStudent.java. Using fallback presentation compiler.
2026.05.11 14:20:46 INFO  no build target found for C:\Users\carol\Desktop\UNIVERSIDAD\SID2\proyectoIntegradorSid\src\main\java\co\icesi\UniPlan\model\IcesiStudent.java. Using fallback presentation compiler.
2026.05.11 14:20:47 INFO  no build target found for C:\Users\carol\Desktop\UNIVERSIDAD\SID2\proyectoIntegradorSid\src\main\java\co\icesi\UniPlan\model\IcesiStudent.java. Using fallback presentation compiler.
2026.05.11 14:20:46 INFO  no build target found for C:\Users\carol\Desktop\UNIVERSIDAD\SID2\proyectoIntegradorSid\src\main\java\co\icesi\UniPlan\model\IcesiStudent.java. Using fallback presentation compiler.
2026.05.11 14:20:47 WARN  no build target for: C:\Users\carol\Desktop\UNIVERSIDAD\SID2\proyectoIntegradorSid\src\main\java\co\icesi\UniPlan\model\IcesiStudent.java
2026.05.11 14:20:47 INFO  no build target found for C:\Users\carol\Desktop\UNIVERSIDAD\SID2\proyectoIntegradorSid\src\main\java\co\icesi\UniPlan\model\IcesiStudent.java. Using fallback presentation compiler.
2026.05.11 14:20:52 INFO  no build target found for C:\Users\carol\Desktop\UNIVERSIDAD\SID2\proyectoIntegradorSid\src\main\java\co\icesi\UniPlan\model\IcesiStudent.java. Using fallback presentation compiler.
2026.05.11 14:20:52 INFO  no build target found for C:\Users\carol\Desktop\UNIVERSIDAD\SID2\proyectoIntegradorSid\src\main\java\co\icesi\UniPlan\model\IcesiStudent.java. Using fallback presentation compiler.
2026.05.11 14:20:52 INFO  no build target found for C:\Users\carol\Desktop\UNIVERSIDAD\SID2\proyectoIntegradorSid\src\main\java\co\icesi\UniPlan\model\IcesiStudent.java. Using fallback presentation compiler.
2026.05.11 14:20:52 INFO  no build target found for C:\Users\carol\Desktop\UNIVERSIDAD\SID2\proyectoIntegradorSid\src\main\java\co\icesi\UniPlan\model\IcesiStudent.java. Using fallback presentation compiler.
2026.05.11 14:20:53 INFO  no build target found for C:\Users\carol\Desktop\UNIVERSIDAD\SID2\proyectoIntegradorSid\src\main\java\co\icesi\UniPlan\model\IcesiStudent.java. Using fallback presentation compiler.
2026.05.11 14:20:53 INFO  no build target found for C:\Users\carol\Desktop\UNIVERSIDAD\SID2\proyectoIntegradorSid\src\main\java\co\icesi\UniPlan\model\IcesiStudent.java. Using fallback presentation compiler.
2026.05.11 14:20:53 INFO  no build target found for C:\Users\carol\Desktop\UNIVERSIDAD\SID2\proyectoIntegradorSid\src\main\java\co\icesi\UniPlan\model\IcesiStudent.java. Using fallback presentation compiler.
2026.05.11 14:20:54 INFO  no build target found for C:\Users\carol\Desktop\UNIVERSIDAD\SID2\proyectoIntegradorSid\src\main\java\co\icesi\UniPlan\model\IcesiStudent.java. Using fallback presentation compiler.
2026.05.11 14:20:54 INFO  no build target found for C:\Users\carol\Desktop\UNIVERSIDAD\SID2\proyectoIntegradorSid\src\main\java\co\icesi\UniPlan\model\IcesiStudent.java. Using fallback presentation compiler.
2026.05.11 14:20:54 INFO  no build target found for C:\Users\carol\Desktop\UNIVERSIDAD\SID2\proyectoIntegradorSid\src\main\java\co\icesi\UniPlan\model\IcesiStudent.java. Using fallback presentation compiler.
2026.05.11 14:20:54 INFO  no build target found for C:\Users\carol\Desktop\UNIVERSIDAD\SID2\proyectoIntegradorSid\src\main\java\co\icesi\UniPlan\model\IcesiStudent.java. Using fallback presentation compiler.
2026.05.11 14:20:56 INFO  no build target found for C:\Users\carol\Desktop\UNIVERSIDAD\SID2\proyectoIntegradorSid\src\main\java\co\icesi\UniPlan\model\IcesiStudent.java. Using fallback presentation compiler.
2026.05.11 14:20:56 INFO  no build target found for C:\Users\carol\Desktop\UNIVERSIDAD\SID2\proyectoIntegradorSid\src\main\java\co\icesi\UniPlan\model\IcesiStudent.java. Using fallback presentation compiler.
2026.05.11 14:20:56 INFO  no build target found for C:\Users\carol\Desktop\UNIVERSIDAD\SID2\proyectoIntegradorSid\src\main\java\co\icesi\UniPlan\model\IcesiStudent.java. Using fallback presentation compiler.
2026.05.11 14:20:57 INFO  no build target found for C:\Users\carol\Desktop\UNIVERSIDAD\SID2\proyectoIntegradorSid\src\main\java\co\icesi\UniPlan\model\IcesiStudent.java. Using fallback presentation compiler.
2026.05.11 14:20:58 INFO  no build target found for C:\Users\carol\Desktop\UNIVERSIDAD\SID2\proyectoIntegradorSid\src\main\java\co\icesi\UniPlan\model\IcesiStudent.java. Using fallback presentation compiler.
2026.05.11 14:20:58 WARN  no build target for: C:\Users\carol\Desktop\UNIVERSIDAD\SID2\proyectoIntegradorSid\src\main\java\co\icesi\UniPlan\model\IcesiStudent.java
2026.05.11 14:20:58 INFO  no build target found for C:\Users\carol\Desktop\UNIVERSIDAD\SID2\proyectoIntegradorSid\src\main\java\co\icesi\UniPlan\model\IcesiStudent.java. Using fallback presentation compiler.
2026.05.11 14:21:01 INFO  no build target found for C:\Users\carol\Desktop\UNIVERSIDAD\SID2\proyectoIntegradorSid\src\main\java\co\icesi\UniPlan\model\IcesiStudent.java. Using fallback presentation compiler.
2026.05.11 14:21:01 INFO  no build target found for C:\Users\carol\Desktop\UNIVERSIDAD\SID2\proyectoIntegradorSid\src\main\java\co\icesi\UniPlan\model\IcesiStudent.java. Using fallback presentation compiler.
2026.05.11 14:21:01 INFO  no build target found for C:\Users\carol\Desktop\UNIVERSIDAD\SID2\proyectoIntegradorSid\src\main\java\co\icesi\UniPlan\model\IcesiStudent.java. Using fallback presentation compiler.
2026.05.11 14:21:02 INFO  no build target found for C:\Users\carol\Desktop\UNIVERSIDAD\SID2\proyectoIntegradorSid\src\main\java\co\icesi\UniPlan\model\IcesiStudent.java. Using fallback presentation compiler.
2026.05.11 14:21:02 INFO  no build target found for C:\Users\carol\Desktop\UNIVERSIDAD\SID2\proyectoIntegradorSid\src\main\java\co\icesi\UniPlan\model\IcesiStudent.java. Using fallback presentation compiler.
2026.05.11 14:21:02 INFO  no build target found for C:\Users\carol\Desktop\UNIVERSIDAD\SID2\proyectoIntegradorSid\src\main\java\co\icesi\UniPlan\model\IcesiStudent.java. Using fallback presentation compiler.
2026.05.11 14:21:03 INFO  no build target found for C:\Users\carol\Desktop\UNIVERSIDAD\SID2\proyectoIntegradorSid\src\main\java\co\icesi\UniPlan\model\IcesiStudent.java. Using fallback presentation compiler.
2026.05.11 14:21:03 INFO  no build target found for C:\Users\carol\Desktop\UNIVERSIDAD\SID2\proyectoIntegradorSid\src\main\java\co\icesi\UniPlan\model\IcesiStudent.java. Using fallback presentation compiler.
2026.05.11 14:21:04 INFO  no build target found for C:\Users\carol\Desktop\UNIVERSIDAD\SID2\proyectoIntegradorSid\src\main\java\co\icesi\UniPlan\model\IcesiStudent.java. Using fallback presentation compiler.
2026.05.11 14:21:04 WARN  no build target for: C:\Users\carol\Desktop\UNIVERSIDAD\SID2\proyectoIntegradorSid\src\main\java\co\icesi\UniPlan\model\IcesiStudent.java
2026.05.11 14:21:04 INFO  no build target found for C:\Users\carol\Desktop\UNIVERSIDAD\SID2\proyectoIntegradorSid\src\main\java\co\icesi\UniPlan\model\IcesiStudent.java. Using fallback presentation compiler.
2026.05.11 14:21:55 INFO  no build target found for C:\Users\carol\Desktop\UNIVERSIDAD\SID2\proyectoIntegradorSid\src\main\java\co\icesi\UniPlan\model\IcesiStudent.java. Using fallback presentation compiler.
2026.05.11 14:21:55 INFO  no build target found for C:\Users\carol\Desktop\UNIVERSIDAD\SID2\proyectoIntegradorSid\src\main\java\co\icesi\UniPlan\model\IcesiStudent.java. Using fallback presentation compiler.
2026.05.11 14:21:57 INFO  no build target found for C:\Users\carol\Desktop\UNIVERSIDAD\SID2\proyectoIntegradorSid\src\main\java\co\icesi\UniPlan\model\IcesiStudent.java. Using fallback presentation compiler.
2026.05.11 14:21:58 INFO  no build target found for C:\Users\carol\Desktop\UNIVERSIDAD\SID2\proyectoIntegradorSid\src\main\java\co\icesi\UniPlan\model\IcesiStudent.java. Using fallback presentation compiler.
2026.05.11 14:21:59 WARN  no build target for: C:\Users\carol\Desktop\UNIVERSIDAD\SID2\proyectoIntegradorSid\src\main\java\co\icesi\UniPlan\model\IcesiStudent.java
2026.05.11 14:22:35 INFO  no build target found for C:\Users\carol\Desktop\UNIVERSIDAD\SID2\proyectoIntegradorSid\src\main\java\co\icesi\UniPlan\model\IcesiStudent.java. Using fallback presentation compiler.
2026.05.11 14:22:36 WARN  no build target for: C:\Users\carol\Desktop\UNIVERSIDAD\SID2\proyectoIntegradorSid\src\main\java\co\icesi\UniPlan\model\IcesiStudent.java
2026.05.11 14:22:36 INFO  no build target found for C:\Users\carol\Desktop\UNIVERSIDAD\SID2\proyectoIntegradorSid\src\main\java\co\icesi\UniPlan\model\IcesiStudent.java. Using fallback presentation compiler.
2026.05.11 14:22:40 INFO  no build target found for C:\Users\carol\Desktop\UNIVERSIDAD\SID2\proyectoIntegradorSid\src\main\java\co\icesi\UniPlan\model\IcesiStudent.java. Using fallback presentation compiler.
2026.05.11 14:22:40 INFO  no build target found for C:\Users\carol\Desktop\UNIVERSIDAD\SID2\proyectoIntegradorSid\src\main\java\co\icesi\UniPlan\model\IcesiStudent.java. Using fallback presentation compiler.
2026.05.11 14:22:43 INFO  no build target found for C:\Users\carol\Desktop\UNIVERSIDAD\SID2\proyectoIntegradorSid\src\main\java\co\icesi\UniPlan\model\IcesiStudent.java. Using fallback presentation compiler.
2026.05.11 14:22:43 INFO  no build target found for C:\Users\carol\Desktop\UNIVERSIDAD\SID2\proyectoIntegradorSid\src\main\java\co\icesi\UniPlan\model\IcesiStudent.java. Using fallback presentation compiler.
2026.05.11 14:22:43 INFO  no build target found for C:\Users\carol\Desktop\UNIVERSIDAD\SID2\proyectoIntegradorSid\src\main\java\co\icesi\UniPlan\model\IcesiStudent.java. Using fallback presentation compiler.
2026.05.11 14:22:44 INFO  no build target found for C:\Users\carol\Desktop\UNIVERSIDAD\SID2\proyectoIntegradorSid\src\main\java\co\icesi\UniPlan\model\IcesiStudent.java. Using fallback presentation compiler.
2026.05.11 14:22:44 INFO  no build target found for C:\Users\carol\Desktop\UNIVERSIDAD\SID2\proyectoIntegradorSid\src\main\java\co\icesi\UniPlan\model\IcesiStudent.java. Using fallback presentation compiler.
2026.05.11 14:22:49 INFO  no build target found for C:\Users\carol\Desktop\UNIVERSIDAD\SID2\proyectoIntegradorSid\src\main\java\co\icesi\UniPlan\model\IcesiStudent.java. Using fallback presentation compiler.
2026.05.11 14:22:54 INFO  no build target found for C:\Users\carol\Desktop\UNIVERSIDAD\SID2\proyectoIntegradorSid\src\main\java\co\icesi\UniPlan\model\IcesiStudent.java. Using fallback presentation compiler.
2026.05.11 14:23:02 INFO  no build target found for C:\Users\carol\Desktop\UNIVERSIDAD\SID2\proyectoIntegradorSid\src\main\java\co\icesi\UniPlan\model\IcesiStudent.java. Using fallback presentation compiler.
2026.05.11 14:23:11 INFO  no build target found for C:\Users\carol\Desktop\UNIVERSIDAD\SID2\proyectoIntegradorSid\src\main\java\co\icesi\UniPlan\model\IcesiEnrollment.java. Using fallback presentation compiler.
2026.05.11 14:23:11 INFO  no build target found for C:\Users\carol\Desktop\UNIVERSIDAD\SID2\proyectoIntegradorSid\src\main\java\co\icesi\UniPlan\model\IcesiEnrollment.java. Using fallback presentation compiler.
2026.05.11 14:23:11 INFO  no build target found for C:\Users\carol\Desktop\UNIVERSIDAD\SID2\proyectoIntegradorSid\src\main\java\co\icesi\UniPlan\model\IcesiEnrollment.java. Using fallback presentation compiler.
2026.05.11 14:23:11 INFO  no build target found for C:\Users\carol\Desktop\UNIVERSIDAD\SID2\proyectoIntegradorSid\src\main\java\co\icesi\UniPlan\model\IcesiEnrollment.java. Using fallback presentation compiler.
2026.05.11 14:23:12 INFO  no build target found for C:\Users\carol\Desktop\UNIVERSIDAD\SID2\proyectoIntegradorSid\src\main\java\co\icesi\UniPlan\model\IcesiEnrollment.java. Using fallback presentation compiler.
2026.05.11 14:23:12 WARN  no build target for: C:\Users\carol\Desktop\UNIVERSIDAD\SID2\proyectoIntegradorSid\src\main\java\co\icesi\UniPlan\model\IcesiEnrollment.java
2026.05.11 14:23:12 INFO  no build target found for C:\Users\carol\Desktop\UNIVERSIDAD\SID2\proyectoIntegradorSid\src\main\java\co\icesi\UniPlan\model\IcesiEnrollment.java. Using fallback presentation compiler.
2026.05.11 14:23:13 INFO  no build target found for C:\Users\carol\Desktop\UNIVERSIDAD\SID2\proyectoIntegradorSid\src\main\java\co\icesi\UniPlan\model\IcesiEnrollment.java. Using fallback presentation compiler.
2026.05.11 14:23:13 INFO  no build target found for C:\Users\carol\Desktop\UNIVERSIDAD\SID2\proyectoIntegradorSid\src\main\java\co\icesi\UniPlan\model\IcesiEnrollment.java. Using fallback presentation compiler.
2026.05.11 14:23:22 INFO  no build target found for C:\Users\carol\Desktop\UNIVERSIDAD\SID2\proyectoIntegradorSid\src\main\java\co\icesi\UniPlan\model\IcesiEnrollment.java. Using fallback presentation compiler.
2026.05.11 14:23:22 INFO  no build target found for C:\Users\carol\Desktop\UNIVERSIDAD\SID2\proyectoIntegradorSid\src\main\java\co\icesi\UniPlan\model\IcesiEnrollment.java. Using fallback presentation compiler.
2026.05.11 14:23:22 WARN  no build target for: C:\Users\carol\Desktop\UNIVERSIDAD\SID2\proyectoIntegradorSid\src\main\java\co\icesi\UniPlan\model\IcesiEnrollment.java
2026.05.11 14:23:22 INFO  no build target found for C:\Users\carol\Desktop\UNIVERSIDAD\SID2\proyectoIntegradorSid\src\main\java\co\icesi\UniPlan\model\IcesiEnrollment.java. Using fallback presentation compiler.
2026.05.11 14:23:23 INFO  no build target found for C:\Users\carol\Desktop\UNIVERSIDAD\SID2\proyectoIntegradorSid\src\main\java\co\icesi\UniPlan\model\IcesiEnrollment.java. Using fallback presentation compiler.
2026.05.11 14:23:23 INFO  no build target found for C:\Users\carol\Desktop\UNIVERSIDAD\SID2\proyectoIntegradorSid\src\main\java\co\icesi\UniPlan\model\IcesiEnrollment.java. Using fallback presentation compiler.
2026.05.11 14:23:23 INFO  no build target found for C:\Users\carol\Desktop\UNIVERSIDAD\SID2\proyectoIntegradorSid\src\main\java\co\icesi\UniPlan\model\IcesiEnrollment.java. Using fallback presentation compiler.
2026.05.11 14:23:23 INFO  no build target found for C:\Users\carol\Desktop\UNIVERSIDAD\SID2\proyectoIntegradorSid\src\main\java\co\icesi\UniPlan\model\IcesiEnrollment.java. Using fallback presentation compiler.
2026.05.11 14:23:24 WARN  no build target for: C:\Users\carol\Desktop\UNIVERSIDAD\SID2\proyectoIntegradorSid\src\main\java\co\icesi\UniPlan\model\IcesiEnrollment.java
2026.05.11 14:23:24 INFO  no build target found for C:\Users\carol\Desktop\UNIVERSIDAD\SID2\proyectoIntegradorSid\src\main\java\co\icesi\UniPlan\model\IcesiEnrollment.java. Using fallback presentation compiler.
2026.05.11 14:23:25 INFO  no build target found for C:\Users\carol\Desktop\UNIVERSIDAD\SID2\proyectoIntegradorSid\src\main\java\co\icesi\UniPlan\model\IcesiEnrollment.java. Using fallback presentation compiler.
2026.05.11 14:23:25 INFO  no build target found for C:\Users\carol\Desktop\UNIVERSIDAD\SID2\proyectoIntegradorSid\src\main\java\co\icesi\UniPlan\model\IcesiEnrollment.java. Using fallback presentation compiler.
2026.05.11 14:23:26 WARN  no build target for: C:\Users\carol\Desktop\UNIVERSIDAD\SID2\proyectoIntegradorSid\src\main\java\co\icesi\UniPlan\model\IcesiEnrollment.java
2026.05.11 14:23:26 INFO  no build target found for C:\Users\carol\Desktop\UNIVERSIDAD\SID2\proyectoIntegradorSid\src\main\java\co\icesi\UniPlan\model\IcesiEnrollment.java. Using fallback presentation compiler.
2026.05.11 14:23:26 INFO  no build target found for C:\Users\carol\Desktop\UNIVERSIDAD\SID2\proyectoIntegradorSid\src\main\java\co\icesi\UniPlan\model\IcesiEnrollment.java. Using fallback presentation compiler.
2026.05.11 14:23:26 INFO  no build target found for C:\Users\carol\Desktop\UNIVERSIDAD\SID2\proyectoIntegradorSid\src\main\java\co\icesi\UniPlan\model\IcesiEnrollment.java. Using fallback presentation compiler.
2026.05.11 14:23:26 INFO  no build target found for C:\Users\carol\Desktop\UNIVERSIDAD\SID2\proyectoIntegradorSid\src\main\java\co\icesi\UniPlan\model\IcesiEnrollment.java. Using fallback presentation compiler.
2026.05.11 14:23:27 INFO  no build target found for C:\Users\carol\Desktop\UNIVERSIDAD\SID2\proyectoIntegradorSid\src\main\java\co\icesi\UniPlan\model\IcesiEnrollment.java. Using fallback presentation compiler.
2026.05.11 14:23:27 INFO  no build target found for C:\Users\carol\Desktop\UNIVERSIDAD\SID2\proyectoIntegradorSid\src\main\java\co\icesi\UniPlan\model\IcesiEnrollment.java. Using fallback presentation compiler.
2026.05.11 14:23:27 INFO  no build target found for C:\Users\carol\Desktop\UNIVERSIDAD\SID2\proyectoIntegradorSid\src\main\java\co\icesi\UniPlan\model\IcesiEnrollment.java. Using fallback presentation compiler.
2026.05.11 14:23:27 INFO  no build target found for C:\Users\carol\Desktop\UNIVERSIDAD\SID2\proyectoIntegradorSid\src\main\java\co\icesi\UniPlan\model\IcesiEnrollment.java. Using fallback presentation compiler.
2026.05.11 14:23:32 INFO  no build target found for C:\Users\carol\Desktop\UNIVERSIDAD\SID2\proyectoIntegradorSid\src\main\java\co\icesi\UniPlan\model\IcesiEnrollment.java. Using fallback presentation compiler.
2026.05.11 14:23:32 INFO  no build target found for C:\Users\carol\Desktop\UNIVERSIDAD\SID2\proyectoIntegradorSid\src\main\java\co\icesi\UniPlan\model\IcesiEnrollment.java. Using fallback presentation compiler.
2026.05.11 14:23:32 INFO  no build target found for C:\Users\carol\Desktop\UNIVERSIDAD\SID2\proyectoIntegradorSid\src\main\java\co\icesi\UniPlan\model\IcesiEnrollment.java. Using fallback presentation compiler.
2026.05.11 14:23:35 INFO  no build target found for C:\Users\carol\Desktop\UNIVERSIDAD\SID2\proyectoIntegradorSid\src\main\java\co\icesi\UniPlan\model\IcesiEnrollment.java. Using fallback presentation compiler.
2026.05.11 14:23:35 INFO  no build target found for C:\Users\carol\Desktop\UNIVERSIDAD\SID2\proyectoIntegradorSid\src\main\java\co\icesi\UniPlan\model\IcesiEnrollment.java. Using fallback presentation compiler.
2026.05.11 14:23:35 INFO  no build target found for C:\Users\carol\Desktop\UNIVERSIDAD\SID2\proyectoIntegradorSid\src\main\java\co\icesi\UniPlan\model\IcesiEnrollment.java. Using fallback presentation compiler.
2026.05.11 14:23:35 INFO  no build target found for C:\Users\carol\Desktop\UNIVERSIDAD\SID2\proyectoIntegradorSid\src\main\java\co\icesi\UniPlan\model\IcesiEnrollment.java. Using fallback presentation compiler.
may 11, 2026 2:23:36 P. M. org.eclipse.lsp4j.jsonrpc.RemoteEndpoint handleCancellation
WARNING: Unmatched cancel notification for request id 250
2026.05.11 14:23:36 WARN  no build target for: C:\Users\carol\Desktop\UNIVERSIDAD\SID2\proyectoIntegradorSid\src\main\java\co\icesi\UniPlan\model\IcesiEnrollment.java
2026.05.11 14:23:36 INFO  no build target found for C:\Users\carol\Desktop\UNIVERSIDAD\SID2\proyectoIntegradorSid\src\main\java\co\icesi\UniPlan\model\IcesiEnrollment.java. Using fallback presentation compiler.
2026.05.11 14:23:37 INFO  no build target found for C:\Users\carol\Desktop\UNIVERSIDAD\SID2\proyectoIntegradorSid\src\main\java\co\icesi\UniPlan\model\IcesiEnrollment.java. Using fallback presentation compiler.
2026.05.11 14:23:37 INFO  no build target found for C:\Users\carol\Desktop\UNIVERSIDAD\SID2\proyectoIntegradorSid\src\main\java\co\icesi\UniPlan\model\IcesiEnrollment.java. Using fallback presentation compiler.
2026.05.11 14:23:40 INFO  no build target found for C:\Users\carol\Desktop\UNIVERSIDAD\SID2\proyectoIntegradorSid\src\main\java\co\icesi\UniPlan\model\IcesiEnrollment.java. Using fallback presentation compiler.
2026.05.11 14:23:40 INFO  no build target found for C:\Users\carol\Desktop\UNIVERSIDAD\SID2\proyectoIntegradorSid\src\main\java\co\icesi\UniPlan\model\IcesiEnrollment.java. Using fallback presentation compiler.
2026.05.11 14:23:40 INFO  no build target found for C:\Users\carol\Desktop\UNIVERSIDAD\SID2\proyectoIntegradorSid\src\main\java\co\icesi\UniPlan\model\IcesiEnrollment.java. Using fallback presentation compiler.
2026.05.11 14:23:40 INFO  no build target found for C:\Users\carol\Desktop\UNIVERSIDAD\SID2\proyectoIntegradorSid\src\main\java\co\icesi\UniPlan\model\IcesiEnrollment.java. Using fallback presentation compiler.
2026.05.11 14:23:40 INFO  no build target found for C:\Users\carol\Desktop\UNIVERSIDAD\SID2\proyectoIntegradorSid\src\main\java\co\icesi\UniPlan\model\IcesiEnrollment.java. Using fallback presentation compiler.
2026.05.11 14:23:41 WARN  no build target for: C:\Users\carol\Desktop\UNIVERSIDAD\SID2\proyectoIntegradorSid\src\main\java\co\icesi\UniPlan\model\IcesiEnrollment.java
2026.05.11 14:23:41 INFO  no build target found for C:\Users\carol\Desktop\UNIVERSIDAD\SID2\proyectoIntegradorSid\src\main\java\co\icesi\UniPlan\model\IcesiEnrollment.java. Using fallback presentation compiler.
2026.05.11 14:23:44 INFO  no build target found for C:\Users\carol\Desktop\UNIVERSIDAD\SID2\proyectoIntegradorSid\src\main\java\co\icesi\UniPlan\model\IcesiEnrollment.java. Using fallback presentation compiler.
2026.05.11 14:23:44 INFO  no build target found for C:\Users\carol\Desktop\UNIVERSIDAD\SID2\proyectoIntegradorSid\src\main\java\co\icesi\UniPlan\model\IcesiEnrollment.java. Using fallback presentation compiler.
2026.05.11 14:23:45 WARN  no build target for: C:\Users\carol\Desktop\UNIVERSIDAD\SID2\proyectoIntegradorSid\src\main\java\co\icesi\UniPlan\model\IcesiEnrollment.java
2026.05.11 14:23:45 INFO  no build target found for C:\Users\carol\Desktop\UNIVERSIDAD\SID2\proyectoIntegradorSid\src\main\java\co\icesi\UniPlan\model\IcesiEnrollment.java. Using fallback presentation compiler.
2026.05.11 14:23:46 INFO  no build target found for C:\Users\carol\Desktop\UNIVERSIDAD\SID2\proyectoIntegradorSid\src\main\java\co\icesi\UniPlan\model\IcesiStudent.java. Using fallback presentation compiler.
2026.05.11 14:23:46 WARN  no build target for: C:\Users\carol\Desktop\UNIVERSIDAD\SID2\proyectoIntegradorSid\src\main\java\co\icesi\UniPlan\model\IcesiStudent.java
2026.05.11 14:23:46 INFO  no build target found for C:\Users\carol\Desktop\UNIVERSIDAD\SID2\proyectoIntegradorSid\src\main\java\co\icesi\UniPlan\model\IcesiStudent.java. Using fallback presentation compiler.
2026.05.11 14:23:48 INFO  no build target found for C:\Users\carol\Desktop\UNIVERSIDAD\SID2\proyectoIntegradorSid\src\main\java\co\icesi\UniPlan\model\IcesiStudent.java. Using fallback presentation compiler.
2026.05.11 14:23:48 INFO  no build target found for C:\Users\carol\Desktop\UNIVERSIDAD\SID2\proyectoIntegradorSid\src\main\java\co\icesi\UniPlan\model\IcesiStudent.java. Using fallback presentation compiler.
2026.05.11 14:23:50 INFO  no build target found for C:\Users\carol\Desktop\UNIVERSIDAD\SID2\proyectoIntegradorSid\src\main\java\co\icesi\UniPlan\model\IcesiEnrollment.java. Using fallback presentation compiler.
2026.05.11 14:23:50 WARN  no build target for: C:\Users\carol\Desktop\UNIVERSIDAD\SID2\proyectoIntegradorSid\src\main\java\co\icesi\UniPlan\model\IcesiEnrollment.java
2026.05.11 14:23:50 INFO  no build target found for C:\Users\carol\Desktop\UNIVERSIDAD\SID2\proyectoIntegradorSid\src\main\java\co\icesi\UniPlan\model\IcesiEnrollment.java. Using fallback presentation compiler.
2026.05.11 14:23:51 INFO  no build target found for C:\Users\carol\Desktop\UNIVERSIDAD\SID2\proyectoIntegradorSid\src\main\java\co\icesi\UniPlan\model\IcesiEnrollment.java. Using fallback presentation compiler.
2026.05.11 14:23:51 INFO  no build target found for C:\Users\carol\Desktop\UNIVERSIDAD\SID2\proyectoIntegradorSid\src\main\java\co\icesi\UniPlan\model\IcesiEnrollment.java. Using fallback presentation compiler.
2026.05.11 14:23:52 INFO  no build target found for C:\Users\carol\Desktop\UNIVERSIDAD\SID2\proyectoIntegradorSid\src\main\java\co\icesi\UniPlan\model\IcesiEnrollment.java. Using fallback presentation compiler.
2026.05.11 14:23:53 WARN  no build target for: C:\Users\carol\Desktop\UNIVERSIDAD\SID2\proyectoIntegradorSid\src\main\java\co\icesi\UniPlan\model\IcesiEnrollment.java
2026.05.11 14:23:53 INFO  no build target found for C:\Users\carol\Desktop\UNIVERSIDAD\SID2\proyectoIntegradorSid\src\main\java\co\icesi\UniPlan\model\IcesiEnrollment.java. Using fallback presentation compiler.
2026.05.11 14:23:54 INFO  no build target found for C:\Users\carol\Desktop\UNIVERSIDAD\SID2\proyectoIntegradorSid\src\main\java\co\icesi\UniPlan\model\IcesiEnrollment.java. Using fallback presentation compiler.
2026.05.11 14:23:54 INFO  no build target found for C:\Users\carol\Desktop\UNIVERSIDAD\SID2\proyectoIntegradorSid\src\main\java\co\icesi\UniPlan\model\IcesiEnrollment.java. Using fallback presentation compiler.
2026.05.11 14:23:54 INFO  no build target found for C:\Users\carol\Desktop\UNIVERSIDAD\SID2\proyectoIntegradorSid\src\main\java\co\icesi\UniPlan\model\IcesiEnrollment.java. Using fallback presentation compiler.
2026.05.11 14:23:55 INFO  no build target found for C:\Users\carol\Desktop\UNIVERSIDAD\SID2\proyectoIntegradorSid\src\main\java\co\icesi\UniPlan\model\IcesiEnrollment.java. Using fallback presentation compiler.
2026.05.11 14:23:55 INFO  no build target found for C:\Users\carol\Desktop\UNIVERSIDAD\SID2\proyectoIntegradorSid\src\main\java\co\icesi\UniPlan\model\IcesiEnrollment.java. Using fallback presentation compiler.
2026.05.11 14:23:55 INFO  no build target found for C:\Users\carol\Desktop\UNIVERSIDAD\SID2\proyectoIntegradorSid\src\main\java\co\icesi\UniPlan\model\IcesiEnrollment.java. Using fallback presentation compiler.
2026.05.11 14:23:55 INFO  no build target found for C:\Users\carol\Desktop\UNIVERSIDAD\SID2\proyectoIntegradorSid\src\main\java\co\icesi\UniPlan\model\IcesiEnrollment.java. Using fallback presentation compiler.
2026.05.11 14:23:56 INFO  no build target found for C:\Users\carol\Desktop\UNIVERSIDAD\SID2\proyectoIntegradorSid\src\main\java\co\icesi\UniPlan\model\IcesiEnrollment.java. Using fallback presentation compiler.
2026.05.11 14:24:00 INFO  no build target found for C:\Users\carol\Desktop\UNIVERSIDAD\SID2\proyectoIntegradorSid\src\main\java\co\icesi\UniPlan\model\IcesiEnrollment.java. Using fallback presentation compiler.
2026.05.11 14:24:00 INFO  no build target found for C:\Users\carol\Desktop\UNIVERSIDAD\SID2\proyectoIntegradorSid\src\main\java\co\icesi\UniPlan\model\IcesiEnrollment.java. Using fallback presentation compiler.
2026.05.11 14:24:00 WARN  no build target for: C:\Users\carol\Desktop\UNIVERSIDAD\SID2\proyectoIntegradorSid\src\main\java\co\icesi\UniPlan\model\IcesiEnrollment.java
2026.05.11 14:24:01 INFO  no build target found for C:\Users\carol\Desktop\UNIVERSIDAD\SID2\proyectoIntegradorSid\src\main\java\co\icesi\UniPlan\model\IcesiEnrollment.java. Using fallback presentation compiler.
2026.05.11 14:24:01 INFO  no build target found for C:\Users\carol\Desktop\UNIVERSIDAD\SID2\proyectoIntegradorSid\src\main\java\co\icesi\UniPlan\model\IcesiEnrollment.java. Using fallback presentation compiler.
2026.05.11 14:24:01 INFO  no build target found for C:\Users\carol\Desktop\UNIVERSIDAD\SID2\proyectoIntegradorSid\src\main\java\co\icesi\UniPlan\model\IcesiEnrollment.java. Using fallback presentation compiler.
2026.05.11 14:24:02 INFO  no build target found for C:\Users\carol\Desktop\UNIVERSIDAD\SID2\proyectoIntegradorSid\src\main\java\co\icesi\UniPlan\model\IcesiEnrollment.java. Using fallback presentation compiler.
2026.05.11 14:24:02 INFO  no build target found for C:\Users\carol\Desktop\UNIVERSIDAD\SID2\proyectoIntegradorSid\src\main\java\co\icesi\UniPlan\model\IcesiEnrollment.java. Using fallback presentation compiler.
2026.05.11 14:24:03 WARN  no build target for: C:\Users\carol\Desktop\UNIVERSIDAD\SID2\proyectoIntegradorSid\src\main\java\co\icesi\UniPlan\model\IcesiEnrollment.java
2026.05.11 14:24:03 INFO  no build target found for C:\Users\carol\Desktop\UNIVERSIDAD\SID2\proyectoIntegradorSid\src\main\java\co\icesi\UniPlan\model\IcesiEnrollment.java. Using fallback presentation compiler.
2026.05.11 14:24:12 INFO  no build target found for C:\Users\carol\Desktop\UNIVERSIDAD\SID2\proyectoIntegradorSid\src\main\java\co\icesi\UniPlan\model\IcesiEnrollment.java. Using fallback presentation compiler.
2026.05.11 14:24:12 INFO  no build target found for C:\Users\carol\Desktop\UNIVERSIDAD\SID2\proyectoIntegradorSid\src\main\java\co\icesi\UniPlan\model\IcesiEnrollment.java. Using fallback presentation compiler.
2026.05.11 14:24:13 INFO  no build target found for C:\Users\carol\Desktop\UNIVERSIDAD\SID2\proyectoIntegradorSid\src\main\java\co\icesi\UniPlan\model\IcesiEnrollment.java. Using fallback presentation compiler.
2026.05.11 14:24:12 INFO  no build target found for C:\Users\carol\Desktop\UNIVERSIDAD\SID2\proyectoIntegradorSid\src\main\java\co\icesi\UniPlan\model\IcesiEnrollment.java. Using fallback presentation compiler.
2026.05.11 14:24:13 WARN  no build target for: C:\Users\carol\Desktop\UNIVERSIDAD\SID2\proyectoIntegradorSid\src\main\java\co\icesi\UniPlan\model\IcesiEnrollment.java
2026.05.11 14:24:13 INFO  no build target found for C:\Users\carol\Desktop\UNIVERSIDAD\SID2\proyectoIntegradorSid\src\main\java\co\icesi\UniPlan\model\IcesiEnrollment.java. Using fallback presentation compiler.
2026.05.11 14:24:14 INFO  no build target found for C:\Users\carol\Desktop\UNIVERSIDAD\SID2\proyectoIntegradorSid\src\main\java\co\icesi\UniPlan\model\IcesiEnrollment.java. Using fallback presentation compiler.
2026.05.11 14:24:14 INFO  no build target found for C:\Users\carol\Desktop\UNIVERSIDAD\SID2\proyectoIntegradorSid\src\main\java\co\icesi\UniPlan\model\IcesiEnrollment.java. Using fallback presentation compiler.
2026.05.11 14:24:14 INFO  no build target found for C:\Users\carol\Desktop\UNIVERSIDAD\SID2\proyectoIntegradorSid\src\main\java\co\icesi\UniPlan\model\IcesiEnrollment.java. Using fallback presentation compiler.
2026.05.11 14:24:14 INFO  no build target found for C:\Users\carol\Desktop\UNIVERSIDAD\SID2\proyectoIntegradorSid\src\main\java\co\icesi\UniPlan\model\IcesiEnrollment.java. Using fallback presentation compiler.
2026.05.11 14:24:15 INFO  no build target found for C:\Users\carol\Desktop\UNIVERSIDAD\SID2\proyectoIntegradorSid\src\main\java\co\icesi\UniPlan\model\IcesiEnrollment.java. Using fallback presentation compiler.
2026.05.11 14:24:15 INFO  no build target found for C:\Users\carol\Desktop\UNIVERSIDAD\SID2\proyectoIntegradorSid\src\main\java\co\icesi\UniPlan\model\IcesiEnrollment.java. Using fallback presentation compiler.
2026.05.11 14:24:15 INFO  no build target found for C:\Users\carol\Desktop\UNIVERSIDAD\SID2\proyectoIntegradorSid\src\main\java\co\icesi\UniPlan\model\IcesiEnrollment.java. Using fallback presentation compiler.
2026.05.11 14:24:15 WARN  no build target for: C:\Users\carol\Desktop\UNIVERSIDAD\SID2\proyectoIntegradorSid\src\main\java\co\icesi\UniPlan\model\IcesiEnrollment.java
2026.05.11 14:24:16 INFO  no build target found for C:\Users\carol\Desktop\UNIVERSIDAD\SID2\proyectoIntegradorSid\src\main\java\co\icesi\UniPlan\model\IcesiEnrollment.java. Using fallback presentation compiler.
2026.05.11 14:24:17 INFO  no build target found for C:\Users\carol\Desktop\UNIVERSIDAD\SID2\proyectoIntegradorSid\src\main\java\co\icesi\UniPlan\model\IcesiEnrollment.java. Using fallback presentation compiler.
2026.05.11 14:24:17 INFO  no build target found for C:\Users\carol\Desktop\UNIVERSIDAD\SID2\proyectoIntegradorSid\src\main\java\co\icesi\UniPlan\model\IcesiEnrollment.java. Using fallback presentation compiler.
2026.05.11 14:24:17 INFO  no build target found for C:\Users\carol\Desktop\UNIVERSIDAD\SID2\proyectoIntegradorSid\src\main\java\co\icesi\UniPlan\model\IcesiEnrollment.java. Using fallback presentation compiler.
2026.05.11 14:24:18 INFO  no build target found for C:\Users\carol\Desktop\UNIVERSIDAD\SID2\proyectoIntegradorSid\src\main\java\co\icesi\UniPlan\model\IcesiEnrollment.java. Using fallback presentation compiler.
2026.05.11 14:24:19 INFO  no build target found for C:\Users\carol\Desktop\UNIVERSIDAD\SID2\proyectoIntegradorSid\src\main\java\co\icesi\UniPlan\model\IcesiEnrollment.java. Using fallback presentation compiler.
2026.05.11 14:24:19 INFO  no build target found for C:\Users\carol\Desktop\UNIVERSIDAD\SID2\proyectoIntegradorSid\src\main\java\co\icesi\UniPlan\model\IcesiEnrollment.java. Using fallback presentation compiler.
2026.05.11 14:24:19 INFO  no build target found for C:\Users\carol\Desktop\UNIVERSIDAD\SID2\proyectoIntegradorSid\src\main\java\co\icesi\UniPlan\model\IcesiEnrollment.java. Using fallback presentation compiler.
2026.05.11 14:24:19 INFO  no build target found for C:\Users\carol\Desktop\UNIVERSIDAD\SID2\proyectoIntegradorSid\src\main\java\co\icesi\UniPlan\model\IcesiEnrollment.java. Using fallback presentation compiler.
2026.05.11 14:24:19 INFO  no build target found for C:\Users\carol\Desktop\UNIVERSIDAD\SID2\proyectoIntegradorSid\src\main\java\co\icesi\UniPlan\model\IcesiEnrollment.java. Using fallback presentation compiler.
2026.05.11 14:24:20 INFO  no build target found for C:\Users\carol\Desktop\UNIVERSIDAD\SID2\proyectoIntegradorSid\src\main\java\co\icesi\UniPlan\model\IcesiEnrollment.java. Using fallback presentation compiler.
may 11, 2026 2:24:20 P. M. org.eclipse.lsp4j.jsonrpc.RemoteEndpoint handleCancellation
WARNING: Unmatched cancel notification for request id 353
2026.05.11 14:24:20 INFO  no build target found for C:\Users\carol\Desktop\UNIVERSIDAD\SID2\proyectoIntegradorSid\src\main\java\co\icesi\UniPlan\model\IcesiEnrollment.java. Using fallback presentation compiler.
2026.05.11 14:24:20 INFO  no build target found for C:\Users\carol\Desktop\UNIVERSIDAD\SID2\proyectoIntegradorSid\src\main\java\co\icesi\UniPlan\model\IcesiEnrollment.java. Using fallback presentation compiler.
2026.05.11 14:24:23 INFO  no build target found for C:\Users\carol\Desktop\UNIVERSIDAD\SID2\proyectoIntegradorSid\src\main\java\co\icesi\UniPlan\model\IcesiEnrollment.java. Using fallback presentation compiler.
2026.05.11 14:24:23 INFO  no build target found for C:\Users\carol\Desktop\UNIVERSIDAD\SID2\proyectoIntegradorSid\src\main\java\co\icesi\UniPlan\model\IcesiEnrollment.java. Using fallback presentation compiler.
2026.05.11 14:24:23 INFO  no build target found for C:\Users\carol\Desktop\UNIVERSIDAD\SID2\proyectoIntegradorSid\src\main\java\co\icesi\UniPlan\model\IcesiEnrollment.java. Using fallback presentation compiler.
2026.05.11 14:24:24 INFO  no build target found for C:\Users\carol\Desktop\UNIVERSIDAD\SID2\proyectoIntegradorSid\src\main\java\co\icesi\UniPlan\model\IcesiEnrollment.java. Using fallback presentation compiler.
2026.05.11 14:24:23 INFO  no build target found for C:\Users\carol\Desktop\UNIVERSIDAD\SID2\proyectoIntegradorSid\src\main\java\co\icesi\UniPlan\model\IcesiEnrollment.java. Using fallback presentation compiler.
2026.05.11 14:24:24 WARN  no build target for: C:\Users\carol\Desktop\UNIVERSIDAD\SID2\proyectoIntegradorSid\src\main\java\co\icesi\UniPlan\model\IcesiEnrollment.java
2026.05.11 14:24:24 INFO  no build target found for C:\Users\carol\Desktop\UNIVERSIDAD\SID2\proyectoIntegradorSid\src\main\java\co\icesi\UniPlan\model\IcesiEnrollment.java. Using fallback presentation compiler.
2026.05.11 14:32:56 INFO  Shutting down server
2026.05.11 14:32:56 INFO  Memory monitor stopped
2026.05.11 14:32:56 INFO  shutting down Metals
2026.05.11 14:32:56 INFO  Exiting server
2026.05.11 14:32:56 ERROR Unexpected error initializing server: 
org.eclipse.lsp4j.jsonrpc.ResponseErrorException: Request window/showMessageRequest failed with message: Canceled
	at org.eclipse.lsp4j.jsonrpc.RemoteEndpoint.handleResponse(RemoteEndpoint.java:214)
	at org.eclipse.lsp4j.jsonrpc.RemoteEndpoint.consume(RemoteEndpoint.java:198)
	at org.eclipse.lsp4j.jsonrpc.json.StreamMessageProducer.handleMessage(StreamMessageProducer.java:189)
	at org.eclipse.lsp4j.jsonrpc.json.StreamMessageProducer.listen(StreamMessageProducer.java:97)
	at org.eclipse.lsp4j.jsonrpc.json.ConcurrentMessageProcessor.run(ConcurrentMessageProcessor.java:97)
	at java.util.concurrent.Executors$RunnableAdapter.call(Executors.java:572)
	at java.util.concurrent.FutureTask.run(FutureTask.java:317)
	at java.util.concurrent.ThreadPoolExecutor.runWorker(ThreadPoolExecutor.java:1144)
	at java.util.concurrent.ThreadPoolExecutor$Worker.run(ThreadPoolExecutor.java:642)
	at java.lang.Thread.run(Thread.java:1583)

2026.05.21 08:11:30 INFO  Started: Metals version 1.6.7 in folders 'C:\Users\carol\Desktop\UNIVERSIDAD\SID2\proyectoIntegradorSid\ProyectoSid2-losIlucionistas' for client Visual Studio Code 1.120.0.
2026.05.21 08:11:30 INFO  Memory monitor started
2026.05.21 08:11:35 WARN  Using H2 2.4.240 which is newer than the version Flyway has been verified with. The latest verified version of H2 is 2.3.232.
2026.05.21 08:11:35 INFO  no build target found for C:\Users\carol\Desktop\UNIVERSIDAD\SID2\proyectoIntegradorSid\ProyectoSid2-losIlucionistas\src\main\java\co\icesi\UniPlan\model\mongo\Organization.java. Using fallback presentation compiler.
may 21, 2026 8:11:38 A. M. org.eclipse.lsp4j.jsonrpc.RemoteEndpoint handleCancellation
WARNING: Unmatched cancel notification for request id 2
2026.05.21 08:11:38 INFO  no build target found for C:\Users\carol\Desktop\UNIVERSIDAD\SID2\proyectoIntegradorSid\ProyectoSid2-losIlucionistas\src\main\java\co\icesi\UniPlan\model\mongo\Organization.java. Using fallback presentation compiler.
may 21, 2026 8:11:39 A. M. org.eclipse.lsp4j.jsonrpc.RemoteEndpoint handleCancellation
WARNING: Unmatched cancel notification for request id 7
may 21, 2026 8:11:39 A. M. org.eclipse.lsp4j.jsonrpc.RemoteEndpoint handleCancellation
WARNING: Unmatched cancel notification for request id 5
may 21, 2026 8:11:39 A. M. org.eclipse.lsp4j.jsonrpc.RemoteEndpoint handleCancellation
WARNING: Unmatched cancel notification for request id 1
2026.05.21 08:11:38 INFO  no build target found for C:\Users\carol\Desktop\UNIVERSIDAD\SID2\proyectoIntegradorSid\ProyectoSid2-losIlucionistas\src\main\java\co\icesi\UniPlan\model\mongo\Organization.java. Using fallback presentation compiler.
2026.05.21 08:11:38 INFO  no build target found for C:\Users\carol\Desktop\UNIVERSIDAD\SID2\proyectoIntegradorSid\ProyectoSid2-losIlucionistas\src\main\java\co\icesi\UniPlan\model\Subject.java. Using fallback presentation compiler.
may 21, 2026 8:11:39 A. M. org.eclipse.lsp4j.jsonrpc.RemoteEndpoint handleCancellation
WARNING: Unmatched cancel notification for request id 10
2026.05.21 08:11:38 INFO  no build target found for C:\Users\carol\Desktop\UNIVERSIDAD\SID2\proyectoIntegradorSid\ProyectoSid2-losIlucionistas\src\main\java\co\icesi\UniPlan\model\Subject.java. Using fallback presentation compiler.
2026.05.21 08:11:39 INFO  no build target found for C:\Users\carol\Desktop\UNIVERSIDAD\SID2\proyectoIntegradorSid\ProyectoSid2-losIlucionistas\src\main\java\co\icesi\UniPlan\model\Subject.java. Using fallback presentation compiler.
2026.05.21 08:11:41 WARN  no build target for: C:\Users\carol\Desktop\UNIVERSIDAD\SID2\proyectoIntegradorSid\ProyectoSid2-losIlucionistas\src\main\java\co\icesi\UniPlan\model\Subject.java
2026.05.21 08:11:41 WARN  no build target for: C:\Users\carol\Desktop\UNIVERSIDAD\SID2\proyectoIntegradorSid\ProyectoSid2-losIlucionistas\src\main\java\co\icesi\UniPlan\model\mongo\Organization.java
2026.05.21 08:11:44 INFO  time: code lens generation in 2.99s
2026.05.21 08:11:44 INFO  time: code lens generation in 3.06s
2026.05.21 08:11:49 INFO  no build target found for C:\Users\carol\Desktop\UNIVERSIDAD\SID2\proyectoIntegradorSid\ProyectoSid2-losIlucionistas\src\main\java\co\icesi\UniPlan\model\Subject.java. Using fallback presentation compiler.
2026.05.21 08:13:19 INFO  no build target found for C:\Users\carol\Desktop\UNIVERSIDAD\SID2\proyectoIntegradorSid\ProyectoSid2-losIlucionistas\src\main\java\co\icesi\UniPlan\model\mongo\EventDetails.java. Using fallback presentation compiler.
2026.05.21 08:13:19 WARN  no build target for: C:\Users\carol\Desktop\UNIVERSIDAD\SID2\proyectoIntegradorSid\ProyectoSid2-losIlucionistas\src\main\java\co\icesi\UniPlan\model\mongo\EventDetails.java
2026.05.21 08:13:19 INFO  no build target found for C:\Users\carol\Desktop\UNIVERSIDAD\SID2\proyectoIntegradorSid\ProyectoSid2-losIlucionistas\src\main\java\co\icesi\UniPlan\model\mongo\EventDetails.java. Using fallback presentation compiler.
2026.05.21 08:13:19 INFO  no build target found for C:\Users\carol\Desktop\UNIVERSIDAD\SID2\proyectoIntegradorSid\ProyectoSid2-losIlucionistas\src\main\java\co\icesi\UniPlan\model\mongo\EventDetails.java. Using fallback presentation compiler.
2026.05.21 08:13:21 INFO  no build target found for C:\Users\carol\Desktop\UNIVERSIDAD\SID2\proyectoIntegradorSid\ProyectoSid2-losIlucionistas\src\main\java\co\icesi\UniPlan\model\mongo\EventDetails.java. Using fallback presentation compiler.
2026.05.21 08:14:52 INFO  no build target found for C:\Users\carol\Desktop\UNIVERSIDAD\SID2\proyectoIntegradorSid\ProyectoSid2-losIlucionistas\src\main\java\co\icesi\UniPlan\model\mongo\EventDetails.java. Using fallback presentation compiler.
2026.05.21 08:14:53 INFO  no build target found for C:\Users\carol\Desktop\UNIVERSIDAD\SID2\proyectoIntegradorSid\ProyectoSid2-losIlucionistas\src\main\java\co\icesi\UniPlan\model\mongo\EventDetails.java. Using fallback presentation compiler.
2026.05.21 08:30:48 INFO  Shutting down server
2026.05.21 08:30:48 INFO  Memory monitor stopped
2026.05.21 08:30:48 INFO  shutting down Metals
2026.05.21 08:30:48 INFO  Exiting server
2026.05.22 20:20:40 INFO  Started: Metals version 1.6.7 in folders 'C:\Users\carol\Desktop\UNIVERSIDAD\SID2\proyectoIntegradorSid\ProyectoSid2-losIlucionistas' for client Visual Studio Code 1.121.0.
2026.05.22 20:20:41 INFO  time: initialize in 0.13s
2026.05.22 20:20:40 INFO  Memory monitor started
2026.05.22 20:20:48 WARN  Using H2 2.4.240 which is newer than the version Flyway has been verified with. The latest verified version of H2 is 2.3.232.
2026.05.22 20:21:00 INFO  no build target found for C:\Users\carol\Desktop\UNIVERSIDAD\SID2\proyectoIntegradorSid\ProyectoSid2-losIlucionistas\src\main\java\co\icesi\UniPlan\model\mongo\AppUser.java. Using fallback presentation compiler.
2026.05.22 20:21:47 INFO  no build target found for C:\Users\carol\Desktop\UNIVERSIDAD\SID2\proyectoIntegradorSid\ProyectoSid2-losIlucionistas\src\main\java\co\icesi\UniPlan\model\mongo\AppUser.java. Using fallback presentation compiler.
2026.05.22 20:28:46 INFO  no build target found for C:\Users\carol\Desktop\UNIVERSIDAD\SID2\proyectoIntegradorSid\ProyectoSid2-losIlucionistas\src\main\java\co\icesi\UniPlan\model\mongo\AppUser.java. Using fallback presentation compiler.
2026.05.22 20:28:46 INFO  no build target found for C:\Users\carol\Desktop\UNIVERSIDAD\SID2\proyectoIntegradorSid\ProyectoSid2-losIlucionistas\src\main\java\co\icesi\UniPlan\repository\mongo\AppUserRepository.java. Using fallback presentation compiler.
2026.05.22 20:28:46 INFO  no build target found for C:\Users\carol\Desktop\UNIVERSIDAD\SID2\proyectoIntegradorSid\ProyectoSid2-losIlucionistas\src\main\java\co\icesi\UniPlan\repository\mongo\AppUserRepository.java. Using fallback presentation compiler.
2026.05.22 20:28:46 INFO  no build target found for C:\Users\carol\Desktop\UNIVERSIDAD\SID2\proyectoIntegradorSid\ProyectoSid2-losIlucionistas\src\main\java\co\icesi\UniPlan\repository\mongo\AppUserRepository.java. Using fallback presentation compiler.
2026.05.22 20:28:48 INFO  no build target found for C:\Users\carol\Desktop\UNIVERSIDAD\SID2\proyectoIntegradorSid\ProyectoSid2-losIlucionistas\src\main\java\co\icesi\UniPlan\repository\mongo\AppUserRepository.java. Using fallback presentation compiler.
2026.05.22 20:29:24 INFO  no build target found for C:\Users\carol\Desktop\UNIVERSIDAD\SID2\proyectoIntegradorSid\ProyectoSid2-losIlucionistas\src\main\java\co\icesi\UniPlan\repository\mongo\AppUserRepository.java. Using fallback presentation compiler.
2026.05.22 20:29:24 INFO  no build target found for C:\Users\carol\Desktop\UNIVERSIDAD\SID2\proyectoIntegradorSid\ProyectoSid2-losIlucionistas\src\main\java\co\icesi\UniPlan\controller\MongoController.java. Using fallback presentation compiler.
2026.05.22 20:29:26 INFO  no build target found for C:\Users\carol\Desktop\UNIVERSIDAD\SID2\proyectoIntegradorSid\ProyectoSid2-losIlucionistas\src\main\java\co\icesi\UniPlan\controller\MongoController.java. Using fallback presentation compiler.
may 22, 2026 8:29:26 P. M. org.eclipse.lsp4j.jsonrpc.RemoteEndpoint handleCancellation
WARNING: Unmatched cancel notification for request id 25
2026.05.22 20:29:26 INFO  no build target found for C:\Users\carol\Desktop\UNIVERSIDAD\SID2\proyectoIntegradorSid\ProyectoSid2-losIlucionistas\src\main\java\co\icesi\UniPlan\controller\MongoController.java. Using fallback presentation compiler.
2026.05.22 20:29:34 INFO  no build target found for C:\Users\carol\Desktop\UNIVERSIDAD\SID2\proyectoIntegradorSid\ProyectoSid2-losIlucionistas\src\main\java\co\icesi\UniPlan\controller\MongoController.java. Using fallback presentation compiler.
2026.05.22 20:29:36 INFO  no build target found for C:\Users\carol\Desktop\UNIVERSIDAD\SID2\proyectoIntegradorSid\ProyectoSid2-losIlucionistas\src\main\java\co\icesi\UniPlan\controller\MongoController.java. Using fallback presentation compiler.
2026.05.22 20:29:36 INFO  no build target found for C:\Users\carol\Desktop\UNIVERSIDAD\SID2\proyectoIntegradorSid\ProyectoSid2-losIlucionistas\src\main\java\co\icesi\UniPlan\dto\EventStatisticsResponse.java. Using fallback presentation compiler.
2026.05.22 20:29:36 INFO  no build target found for C:\Users\carol\Desktop\UNIVERSIDAD\SID2\proyectoIntegradorSid\ProyectoSid2-losIlucionistas\src\main\java\co\icesi\UniPlan\dto\EventStatisticsResponse.java. Using fallback presentation compiler.
2026.05.22 20:29:36 INFO  no build target found for C:\Users\carol\Desktop\UNIVERSIDAD\SID2\proyectoIntegradorSid\ProyectoSid2-losIlucionistas\src\main\java\co\icesi\UniPlan\dto\EventStatisticsResponse.java. Using fallback presentation compiler.
2026.05.22 20:30:29 INFO  no build target found for C:\Users\carol\Desktop\UNIVERSIDAD\SID2\proyectoIntegradorSid\ProyectoSid2-losIlucionistas\src\main\java\co\icesi\UniPlan\dto\EventStatisticsResponse.java. Using fallback presentation compiler.
2026.05.22 20:30:29 INFO  no build target found for C:\Users\carol\Desktop\UNIVERSIDAD\SID2\proyectoIntegradorSid\ProyectoSid2-losIlucionistas\src\main\java\co\icesi\UniPlan\controller\MongoController.java. Using fallback presentation compiler.
may 22, 2026 8:30:29 P. M. org.eclipse.lsp4j.jsonrpc.RemoteEndpoint handleCancellation
WARNING: Unmatched cancel notification for request id 47
2026.05.22 20:30:29 INFO  no build target found for C:\Users\carol\Desktop\UNIVERSIDAD\SID2\proyectoIntegradorSid\ProyectoSid2-losIlucionistas\src\main\java\co\icesi\UniPlan\controller\MongoController.java. Using fallback presentation compiler.
2026.05.22 20:30:29 INFO  no build target found for C:\Users\carol\Desktop\UNIVERSIDAD\SID2\proyectoIntegradorSid\ProyectoSid2-losIlucionistas\src\main\java\co\icesi\UniPlan\controller\MongoController.java. Using fallback presentation compiler.
2026.05.22 20:30:38 INFO  no build target found for C:\Users\carol\Desktop\UNIVERSIDAD\SID2\proyectoIntegradorSid\ProyectoSid2-losIlucionistas\src\main\java\co\icesi\UniPlan\controller\MongoController.java. Using fallback presentation compiler.
2026.05.22 20:30:38 INFO  no build target found for C:\Users\carol\Desktop\UNIVERSIDAD\SID2\proyectoIntegradorSid\ProyectoSid2-losIlucionistas\src\main\java\co\icesi\UniPlan\controller\MongoController.java. Using fallback presentation compiler.
may 22, 2026 8:30:38 P. M. org.eclipse.lsp4j.jsonrpc.RemoteEndpoint handleCancellation
WARNING: Unmatched cancel notification for request id 70
2026.05.22 20:35:38 INFO  no build target found for C:\Users\carol\Desktop\UNIVERSIDAD\SID2\proyectoIntegradorSid\ProyectoSid2-losIlucionistas\src\main\java\co\icesi\UniPlan\controller\MongoController.java. Using fallback presentation compiler.
2026.05.22 20:35:48 INFO  Shutting down server
2026.05.22 20:35:48 INFO  Memory monitor stopped
2026.05.22 20:35:48 INFO  shutting down Metals
2026.05.22 20:35:48 INFO  Exiting server
2026.05.22 20:35:49 ERROR Unexpected error initializing server: 
org.eclipse.lsp4j.jsonrpc.ResponseErrorException: Request window/showMessageRequest failed with message: Canceled
	at org.eclipse.lsp4j.jsonrpc.RemoteEndpoint.handleResponse(RemoteEndpoint.java:214)
	at org.eclipse.lsp4j.jsonrpc.RemoteEndpoint.consume(RemoteEndpoint.java:198)
	at org.eclipse.lsp4j.jsonrpc.json.StreamMessageProducer.handleMessage(StreamMessageProducer.java:189)
	at org.eclipse.lsp4j.jsonrpc.json.StreamMessageProducer.listen(StreamMessageProducer.java:97)
	at org.eclipse.lsp4j.jsonrpc.json.ConcurrentMessageProcessor.run(ConcurrentMessageProcessor.java:97)
	at java.util.concurrent.Executors$RunnableAdapter.call(Executors.java:572)
	at java.util.concurrent.FutureTask.run(FutureTask.java:317)
	at java.util.concurrent.ThreadPoolExecutor.runWorker(ThreadPoolExecutor.java:1144)
	at java.util.concurrent.ThreadPoolExecutor$Worker.run(ThreadPoolExecutor.java:642)
	at java.lang.Thread.run(Thread.java:1583)

2026.05.30 11:40:46 INFO  Started: Metals version 1.6.7 in folders 'C:\Users\carol\Desktop\UNIVERSIDAD\SID2\proyectoIntegradorSid\ProyectoSid2-losIlucionistas' for client Visual Studio Code 1.122.1.
2026.05.30 11:40:46 INFO  Memory monitor started
2026.05.30 11:41:00 WARN  Using H2 2.4.240 which is newer than the version Flyway has been verified with. The latest verified version of H2 is 2.3.232.
2026.05.30 11:41:03 INFO  no build target found for C:\Users\carol\Desktop\UNIVERSIDAD\SID2\proyectoIntegradorSid\ProyectoSid2-losIlucionistas\src\main\java\co\icesi\UniPlan\config\DataInitializer.java. Using fallback presentation compiler.
2026.05.30 11:41:08 INFO  no build target found for C:\Users\carol\Desktop\UNIVERSIDAD\SID2\proyectoIntegradorSid\ProyectoSid2-losIlucionistas\src\main\java\co\icesi\UniPlan\config\DataInitializer.java. Using fallback presentation compiler.
may 30, 2026 11:41:08 A. M. org.eclipse.lsp4j.jsonrpc.RemoteEndpoint handleCancellation
WARNING: Unmatched cancel notification for request id 2
2026.05.30 11:41:08 INFO  no build target found for C:\Users\carol\Desktop\UNIVERSIDAD\SID2\proyectoIntegradorSid\ProyectoSid2-losIlucionistas\src\main\java\co\icesi\UniPlan\config\DataInitializer.java. Using fallback presentation compiler.
2026.05.30 11:42:18 INFO  no build target found for C:\Users\carol\Desktop\UNIVERSIDAD\SID2\proyectoIntegradorSid\ProyectoSid2-losIlucionistas\src\main\java\co\icesi\UniPlan\config\DataInitializer.java. Using fallback presentation compiler.
2026.05.30 11:42:23 INFO  no build target found for C:\Users\carol\Desktop\UNIVERSIDAD\SID2\proyectoIntegradorSid\ProyectoSid2-losIlucionistas\src\main\java\co\icesi\UniPlan\config\DataInitializer.java. Using fallback presentation compiler.
2026.05.30 11:42:55 INFO  no build target found for C:\Users\carol\Desktop\UNIVERSIDAD\SID2\proyectoIntegradorSid\ProyectoSid2-losIlucionistas\src\main\java\co\icesi\UniPlan\config\DataInitializer.java. Using fallback presentation compiler.
2026.05.30 11:42:56 INFO  no build target found for C:\Users\carol\Desktop\UNIVERSIDAD\SID2\proyectoIntegradorSid\ProyectoSid2-losIlucionistas\src\main\java\co\icesi\UniPlan\config\DataInitializer.java. Using fallback presentation compiler.
2026.05.30 11:42:57 INFO  no build target found for C:\Users\carol\Desktop\UNIVERSIDAD\SID2\proyectoIntegradorSid\ProyectoSid2-losIlucionistas\src\main\java\co\icesi\UniPlan\config\DataInitializer.java. Using fallback presentation compiler.
2026.05.30 11:42:57 INFO  no build target found for C:\Users\carol\Desktop\UNIVERSIDAD\SID2\proyectoIntegradorSid\ProyectoSid2-losIlucionistas\src\main\java\co\icesi\UniPlan\config\DataInitializer.java. Using fallback presentation compiler.
2026.05.30 11:42:58 INFO  no build target found for C:\Users\carol\Desktop\UNIVERSIDAD\SID2\proyectoIntegradorSid\ProyectoSid2-losIlucionistas\src\main\java\co\icesi\UniPlan\config\DataInitializer.java. Using fallback presentation compiler.
2026.05.30 11:42:58 INFO  no build target found for C:\Users\carol\Desktop\UNIVERSIDAD\SID2\proyectoIntegradorSid\ProyectoSid2-losIlucionistas\src\main\java\co\icesi\UniPlan\config\DataInitializer.java. Using fallback presentation compiler.
2026.05.30 11:43:10 INFO  no build target found for C:\Users\carol\Desktop\UNIVERSIDAD\SID2\proyectoIntegradorSid\ProyectoSid2-losIlucionistas\src\main\java\co\icesi\UniPlan\config\DataInitializer.java. Using fallback presentation compiler.
may 30, 2026 11:43:10 A. M. org.eclipse.lsp4j.jsonrpc.RemoteEndpoint handleCancellation
WARNING: Unmatched cancel notification for request id 25
2026.05.30 11:43:10 INFO  no build target found for C:\Users\carol\Desktop\UNIVERSIDAD\SID2\proyectoIntegradorSid\ProyectoSid2-losIlucionistas\src\main\java\co\icesi\UniPlan\config\DataInitializer.java. Using fallback presentation compiler.
2026.05.30 11:43:10 INFO  no build target found for C:\Users\carol\Desktop\UNIVERSIDAD\SID2\proyectoIntegradorSid\ProyectoSid2-losIlucionistas\src\main\java\co\icesi\UniPlan\config\DataInitializer.java. Using fallback presentation compiler.
2026.05.30 11:43:11 INFO  no build target found for C:\Users\carol\Desktop\UNIVERSIDAD\SID2\proyectoIntegradorSid\ProyectoSid2-losIlucionistas\src\main\java\co\icesi\UniPlan\config\DataInitializer.java. Using fallback presentation compiler.
2026.05.30 11:43:14 INFO  no build target found for C:\Users\carol\Desktop\UNIVERSIDAD\SID2\proyectoIntegradorSid\ProyectoSid2-losIlucionistas\src\main\java\co\icesi\UniPlan\config\DataInitializer.java. Using fallback presentation compiler.
2026.05.30 11:43:14 INFO  no build target found for C:\Users\carol\Desktop\UNIVERSIDAD\SID2\proyectoIntegradorSid\ProyectoSid2-losIlucionistas\src\main\java\co\icesi\UniPlan\config\DataInitializer.java. Using fallback presentation compiler.
2026.05.30 11:43:32 INFO  no build target found for C:\Users\carol\Desktop\UNIVERSIDAD\SID2\proyectoIntegradorSid\ProyectoSid2-losIlucionistas\src\main\java\co\icesi\UniPlan\config\DataInitializer.java. Using fallback presentation compiler.
2026.05.30 11:43:37 INFO  no build target found for C:\Users\carol\Desktop\UNIVERSIDAD\SID2\proyectoIntegradorSid\ProyectoSid2-losIlucionistas\src\main\java\co\icesi\UniPlan\config\DataInitializer.java. Using fallback presentation compiler.
2026.05.30 11:43:37 INFO  no build target found for C:\Users\carol\Desktop\UNIVERSIDAD\SID2\proyectoIntegradorSid\ProyectoSid2-losIlucionistas\src\main\java\co\icesi\UniPlan\config\DataInitializer.java. Using fallback presentation compiler.
2026.05.30 11:43:37 INFO  no build target found for C:\Users\carol\Desktop\UNIVERSIDAD\SID2\proyectoIntegradorSid\ProyectoSid2-losIlucionistas\src\main\java\co\icesi\UniPlan\config\DataInitializer.java. Using fallback presentation compiler.
2026.05.30 11:43:37 INFO  no build target found for C:\Users\carol\Desktop\UNIVERSIDAD\SID2\proyectoIntegradorSid\ProyectoSid2-losIlucionistas\src\main\java\co\icesi\UniPlan\config\DataInitializer.java. Using fallback presentation compiler.
2026.05.30 11:43:38 INFO  no build target found for C:\Users\carol\Desktop\UNIVERSIDAD\SID2\proyectoIntegradorSid\ProyectoSid2-losIlucionistas\src\main\java\co\icesi\UniPlan\config\DataInitializer.java. Using fallback presentation compiler.
2026.05.30 11:43:38 INFO  no build target found for C:\Users\carol\Desktop\UNIVERSIDAD\SID2\proyectoIntegradorSid\ProyectoSid2-losIlucionistas\src\main\java\co\icesi\UniPlan\config\DataInitializer.java. Using fallback presentation compiler.
2026.05.30 11:43:38 INFO  no build target found for C:\Users\carol\Desktop\UNIVERSIDAD\SID2\proyectoIntegradorSid\ProyectoSid2-losIlucionistas\src\main\java\co\icesi\UniPlan\config\DataInitializer.java. Using fallback presentation compiler.
2026.05.30 11:43:39 INFO  no build target found for C:\Users\carol\Desktop\UNIVERSIDAD\SID2\proyectoIntegradorSid\ProyectoSid2-losIlucionistas\src\main\java\co\icesi\UniPlan\config\DataInitializer.java. Using fallback presentation compiler.
2026.05.30 11:43:39 INFO  no build target found for C:\Users\carol\Desktop\UNIVERSIDAD\SID2\proyectoIntegradorSid\ProyectoSid2-losIlucionistas\src\main\java\co\icesi\UniPlan\config\DataInitializer.java. Using fallback presentation compiler.
2026.05.30 11:43:44 INFO  no build target found for C:\Users\carol\Desktop\UNIVERSIDAD\SID2\proyectoIntegradorSid\ProyectoSid2-losIlucionistas\src\main\java\co\icesi\UniPlan\config\DataInitializer.java. Using fallback presentation compiler.
2026.05.30 11:43:44 INFO  no build target found for C:\Users\carol\Desktop\UNIVERSIDAD\SID2\proyectoIntegradorSid\ProyectoSid2-losIlucionistas\src\main\java\co\icesi\UniPlan\config\DataInitializer.java. Using fallback presentation compiler.
2026.05.30 11:43:44 INFO  no build target found for C:\Users\carol\Desktop\UNIVERSIDAD\SID2\proyectoIntegradorSid\ProyectoSid2-losIlucionistas\src\main\java\co\icesi\UniPlan\config\DataInitializer.java. Using fallback presentation compiler.
2026.05.30 11:43:44 INFO  no build target found for C:\Users\carol\Desktop\UNIVERSIDAD\SID2\proyectoIntegradorSid\ProyectoSid2-losIlucionistas\src\main\java\co\icesi\UniPlan\config\DataInitializer.java. Using fallback presentation compiler.
2026.05.30 11:43:46 INFO  no build target found for C:\Users\carol\Desktop\UNIVERSIDAD\SID2\proyectoIntegradorSid\ProyectoSid2-losIlucionistas\src\main\java\co\icesi\UniPlan\config\DataInitializer.java. Using fallback presentation compiler.
2026.05.30 11:43:46 INFO  no build target found for C:\Users\carol\Desktop\UNIVERSIDAD\SID2\proyectoIntegradorSid\ProyectoSid2-losIlucionistas\src\main\java\co\icesi\UniPlan\config\DataInitializer.java. Using fallback presentation compiler.
2026.05.30 11:43:46 INFO  no build target found for C:\Users\carol\Desktop\UNIVERSIDAD\SID2\proyectoIntegradorSid\ProyectoSid2-losIlucionistas\src\main\java\co\icesi\UniPlan\config\DataInitializer.java. Using fallback presentation compiler.
2026.05.30 11:43:46 INFO  no build target found for C:\Users\carol\Desktop\UNIVERSIDAD\SID2\proyectoIntegradorSid\ProyectoSid2-losIlucionistas\src\main\java\co\icesi\UniPlan\config\DataInitializer.java. Using fallback presentation compiler.
2026.05.30 11:54:19 INFO  no build target found for C:\Users\carol\Desktop\UNIVERSIDAD\SID2\proyectoIntegradorSid\ProyectoSid2-losIlucionistas\src\main\java\co\icesi\UniPlan\config\DataInitializer.java. Using fallback presentation compiler.
2026.05.30 11:54:19 INFO  no build target found for C:\Users\carol\Desktop\UNIVERSIDAD\SID2\proyectoIntegradorSid\ProyectoSid2-losIlucionistas\src\main\java\co\icesi\UniPlan\config\DataInitializer.java. Using fallback presentation compiler.
2026.05.30 11:54:19 INFO  no build target found for C:\Users\carol\Desktop\UNIVERSIDAD\SID2\proyectoIntegradorSid\ProyectoSid2-losIlucionistas\src\main\java\co\icesi\UniPlan\config\DataInitializer.java. Using fallback presentation compiler.
2026.05.30 11:54:20 INFO  no build target found for C:\Users\carol\Desktop\UNIVERSIDAD\SID2\proyectoIntegradorSid\ProyectoSid2-losIlucionistas\src\main\java\co\icesi\UniPlan\config\DataInitializer.java. Using fallback presentation compiler.
2026.05.30 11:54:46 INFO  no build target found for C:\Users\carol\Desktop\UNIVERSIDAD\SID2\proyectoIntegradorSid\ProyectoSid2-losIlucionistas\src\main\java\co\icesi\UniPlan\config\DataInitializer.java. Using fallback presentation compiler.
2026.05.30 11:55:59 INFO  no build target found for C:\Users\carol\Desktop\UNIVERSIDAD\SID2\proyectoIntegradorSid\ProyectoSid2-losIlucionistas\src\main\java\co\icesi\UniPlan\config\DataInitializer.java. Using fallback presentation compiler.
2026.05.30 11:55:59 INFO  no build target found for C:\Users\carol\Desktop\UNIVERSIDAD\SID2\proyectoIntegradorSid\ProyectoSid2-losIlucionistas\src\main\java\co\icesi\UniPlan\config\DataInitializer.java. Using fallback presentation compiler.
2026.05.30 11:56:01 INFO  no build target found for C:\Users\carol\Desktop\UNIVERSIDAD\SID2\proyectoIntegradorSid\ProyectoSid2-losIlucionistas\src\main\java\co\icesi\UniPlan\config\DataInitializer.java. Using fallback presentation compiler.
2026.05.30 11:57:45 INFO  no build target found for C:\Users\carol\Desktop\UNIVERSIDAD\SID2\proyectoIntegradorSid\ProyectoSid2-losIlucionistas\src\main\java\co\icesi\UniPlan\config\DataInitializer.java. Using fallback presentation compiler.
2026.05.30 11:57:45 INFO  no build target found for C:\Users\carol\Desktop\UNIVERSIDAD\SID2\proyectoIntegradorSid\ProyectoSid2-losIlucionistas\src\main\java\co\icesi\UniPlan\controller\HomeController.java. Using fallback presentation compiler.
2026.05.30 11:57:46 INFO  no build target found for C:\Users\carol\Desktop\UNIVERSIDAD\SID2\proyectoIntegradorSid\ProyectoSid2-losIlucionistas\src\main\java\co\icesi\UniPlan\controller\HomeController.java. Using fallback presentation compiler.
may 30, 2026 11:57:46 A. M. org.eclipse.lsp4j.jsonrpc.RemoteEndpoint handleCancellation
WARNING: Unmatched cancel notification for request id 83
2026.05.30 11:57:45 INFO  no build target found for C:\Users\carol\Desktop\UNIVERSIDAD\SID2\proyectoIntegradorSid\ProyectoSid2-losIlucionistas\src\main\java\co\icesi\UniPlan\controller\HomeController.java. Using fallback presentation compiler.
2026.05.30 11:57:48 INFO  no build target found for C:\Users\carol\Desktop\UNIVERSIDAD\SID2\proyectoIntegradorSid\ProyectoSid2-losIlucionistas\src\main\java\co\icesi\UniPlan\controller\HomeController.java. Using fallback presentation compiler.
may 30, 2026 11:57:51 A. M. org.eclipse.lsp4j.jsonrpc.RemoteEndpoint handleCancellation
WARNING: Unmatched cancel notification for request id 106
2026.05.30 11:57:51 INFO  no build target found for C:\Users\carol\Desktop\UNIVERSIDAD\SID2\proyectoIntegradorSid\ProyectoSid2-losIlucionistas\src\main\java\co\icesi\UniPlan\controller\HomeController.java. Using fallback presentation compiler.
may 30, 2026 11:57:52 A. M. org.eclipse.lsp4j.jsonrpc.RemoteEndpoint handleCancellation
WARNING: Unmatched cancel notification for request id 108
2026.05.30 11:58:09 INFO  no build target found for C:\Users\carol\Desktop\UNIVERSIDAD\SID2\proyectoIntegradorSid\ProyectoSid2-losIlucionistas\src\main\java\co\icesi\UniPlan\controller\HomeController.java. Using fallback presentation compiler.
2026.05.30 11:58:22 INFO  no build target found for C:\Users\carol\Desktop\UNIVERSIDAD\SID2\proyectoIntegradorSid\ProyectoSid2-losIlucionistas\src\main\java\co\icesi\UniPlan\controller\HomeController.java. Using fallback presentation compiler.
2026.05.30 11:59:05 INFO  no build target found for C:\Users\carol\Desktop\UNIVERSIDAD\SID2\proyectoIntegradorSid\ProyectoSid2-losIlucionistas\src\main\java\co\icesi\UniPlan\controller\EventViewController.java. Using fallback presentation compiler.
2026.05.30 11:59:06 INFO  no build target found for C:\Users\carol\Desktop\UNIVERSIDAD\SID2\proyectoIntegradorSid\ProyectoSid2-losIlucionistas\src\main\java\co\icesi\UniPlan\controller\EventViewController.java. Using fallback presentation compiler.
may 30, 2026 11:59:06 A. M. org.eclipse.lsp4j.jsonrpc.RemoteEndpoint handleCancellation
WARNING: Unmatched cancel notification for request id 119
2026.05.30 11:59:05 INFO  no build target found for C:\Users\carol\Desktop\UNIVERSIDAD\SID2\proyectoIntegradorSid\ProyectoSid2-losIlucionistas\src\main\java\co\icesi\UniPlan\controller\EventViewController.java. Using fallback presentation compiler.
2026.05.30 11:59:05 INFO  no build target found for C:\Users\carol\Desktop\UNIVERSIDAD\SID2\proyectoIntegradorSid\ProyectoSid2-losIlucionistas\src\main\java\co\icesi\UniPlan\controller\EventViewController.java. Using fallback presentation compiler.
2026.05.30 11:59:09 INFO  no build target found for C:\Users\carol\Desktop\UNIVERSIDAD\SID2\proyectoIntegradorSid\ProyectoSid2-losIlucionistas\src\main\java\co\icesi\UniPlan\controller\EventViewController.java. Using fallback presentation compiler.
2026.05.30 11:59:11 INFO  no build target found for C:\Users\carol\Desktop\UNIVERSIDAD\SID2\proyectoIntegradorSid\ProyectoSid2-losIlucionistas\src\main\java\co\icesi\UniPlan\controller\EventViewController.java. Using fallback presentation compiler.
2026.05.30 11:59:18 INFO  no build target found for C:\Users\carol\Desktop\UNIVERSIDAD\SID2\proyectoIntegradorSid\ProyectoSid2-losIlucionistas\src\main\java\co\icesi\UniPlan\controller\EventViewController.java. Using fallback presentation compiler.
2026.05.30 11:59:20 INFO  no build target found for C:\Users\carol\Desktop\UNIVERSIDAD\SID2\proyectoIntegradorSid\ProyectoSid2-losIlucionistas\src\main\java\co\icesi\UniPlan\controller\EventViewController.java. Using fallback presentation compiler.
2026.05.30 11:59:21 INFO  no build target found for C:\Users\carol\Desktop\UNIVERSIDAD\SID2\proyectoIntegradorSid\ProyectoSid2-losIlucionistas\src\main\java\co\icesi\UniPlan\controller\EventViewController.java. Using fallback presentation compiler.
2026.05.30 11:59:35 INFO  no build target found for C:\Users\carol\Desktop\UNIVERSIDAD\SID2\proyectoIntegradorSid\ProyectoSid2-losIlucionistas\src\main\java\co\icesi\UniPlan\controller\EventViewController.java. Using fallback presentation compiler.
2026.05.30 11:59:45 INFO  no build target found for C:\Users\carol\Desktop\UNIVERSIDAD\SID2\proyectoIntegradorSid\ProyectoSid2-losIlucionistas\src\main\java\co\icesi\UniPlan\controller\EventViewController.java. Using fallback presentation compiler.
2026.05.30 11:59:46 INFO  no build target found for C:\Users\carol\Desktop\UNIVERSIDAD\SID2\proyectoIntegradorSid\ProyectoSid2-losIlucionistas\src\main\java\co\icesi\UniPlan\controller\EventViewController.java. Using fallback presentation compiler.
2026.05.30 11:59:45 INFO  no build target found for C:\Users\carol\Desktop\UNIVERSIDAD\SID2\proyectoIntegradorSid\ProyectoSid2-losIlucionistas\src\main\java\co\icesi\UniPlan\controller\EventViewController.java. Using fallback presentation compiler.
2026.05.30 11:59:54 INFO  no build target found for C:\Users\carol\Desktop\UNIVERSIDAD\SID2\proyectoIntegradorSid\ProyectoSid2-losIlucionistas\src\main\java\co\icesi\UniPlan\controller\EventViewController.java. Using fallback presentation compiler.
2026.05.30 11:59:54 WARN  no build target for: C:\Users\carol\Desktop\UNIVERSIDAD\SID2\proyectoIntegradorSid\ProyectoSid2-losIlucionistas\src\main\java\co\icesi\UniPlan\controller\EventViewController.java
2026.05.30 11:59:54 INFO  no build target found for C:\Users\carol\Desktop\UNIVERSIDAD\SID2\proyectoIntegradorSid\ProyectoSid2-losIlucionistas\src\main\java\co\icesi\UniPlan\controller\EventViewController.java. Using fallback presentation compiler.
2026.05.30 11:59:54 INFO  no build target found for C:\Users\carol\Desktop\UNIVERSIDAD\SID2\proyectoIntegradorSid\ProyectoSid2-losIlucionistas\src\main\java\co\icesi\UniPlan\controller\EventViewController.java. Using fallback presentation compiler.
2026.05.30 11:59:54 INFO  no build target found for C:\Users\carol\Desktop\UNIVERSIDAD\SID2\proyectoIntegradorSid\ProyectoSid2-losIlucionistas\src\main\java\co\icesi\UniPlan\controller\EventViewController.java. Using fallback presentation compiler.
may 30, 2026 11:59:55 A. M. org.eclipse.lsp4j.jsonrpc.RemoteEndpoint handleCancellation
WARNING: Unmatched cancel notification for request id 177
2026.05.30 12:00:45 INFO  no build target found for C:\Users\carol\Desktop\UNIVERSIDAD\SID2\proyectoIntegradorSid\ProyectoSid2-losIlucionistas\src\main\java\co\icesi\UniPlan\controller\HomeController.java. Using fallback presentation compiler.
2026.05.30 12:00:45 INFO  no build target found for C:\Users\carol\Desktop\UNIVERSIDAD\SID2\proyectoIntegradorSid\ProyectoSid2-losIlucionistas\src\main\java\co\icesi\UniPlan\controller\HomeController.java. Using fallback presentation compiler.
2026.05.30 12:00:45 INFO  no build target found for C:\Users\carol\Desktop\UNIVERSIDAD\SID2\proyectoIntegradorSid\ProyectoSid2-losIlucionistas\src\main\java\co\icesi\UniPlan\controller\HomeController.java. Using fallback presentation compiler.
2026.05.30 12:00:49 INFO  no build target found for C:\Users\carol\Desktop\UNIVERSIDAD\SID2\proyectoIntegradorSid\ProyectoSid2-losIlucionistas\src\main\java\co\icesi\UniPlan\controller\HomeController.java. Using fallback presentation compiler.
2026.05.30 12:00:55 INFO  no build target found for C:\Users\carol\Desktop\UNIVERSIDAD\SID2\proyectoIntegradorSid\ProyectoSid2-losIlucionistas\src\main\java\co\icesi\UniPlan\controller\HomeController.java. Using fallback presentation compiler.
2026.05.30 12:01:39 INFO  no build target found for C:\Users\carol\Desktop\UNIVERSIDAD\SID2\proyectoIntegradorSid\ProyectoSid2-losIlucionistas\src\main\java\co\icesi\UniPlan\controller\HomeController.java. Using fallback presentation compiler.
2026.05.30 12:01:39 INFO  no build target found for C:\Users\carol\Desktop\UNIVERSIDAD\SID2\proyectoIntegradorSid\ProyectoSid2-losIlucionistas\src\main\java\co\icesi\UniPlan\service\EventStatisticsService.java. Using fallback presentation compiler.
2026.05.30 12:01:39 INFO  no build target found for C:\Users\carol\Desktop\UNIVERSIDAD\SID2\proyectoIntegradorSid\ProyectoSid2-losIlucionistas\src\main\java\co\icesi\UniPlan\service\EventStatisticsService.java. Using fallback presentation compiler.
2026.05.30 12:01:39 INFO  no build target found for C:\Users\carol\Desktop\UNIVERSIDAD\SID2\proyectoIntegradorSid\ProyectoSid2-losIlucionistas\src\main\java\co\icesi\UniPlan\service\EventStatisticsService.java. Using fallback presentation compiler.
2026.05.30 12:01:40 INFO  no build target found for C:\Users\carol\Desktop\UNIVERSIDAD\SID2\proyectoIntegradorSid\ProyectoSid2-losIlucionistas\src\main\java\co\icesi\UniPlan\service\EventStatisticsService.java. Using fallback presentation compiler.
2026.05.30 12:01:40 INFO  no build target found for C:\Users\carol\Desktop\UNIVERSIDAD\SID2\proyectoIntegradorSid\ProyectoSid2-losIlucionistas\src\main\java\co\icesi\UniPlan\service\EventStatisticsService.java. Using fallback presentation compiler.
2026.05.30 12:01:48 INFO  no build target found for C:\Users\carol\Desktop\UNIVERSIDAD\SID2\proyectoIntegradorSid\ProyectoSid2-losIlucionistas\src\main\java\co\icesi\UniPlan\service\EventStatisticsService.java. Using fallback presentation compiler.
2026.05.30 12:01:49 INFO  no build target found for C:\Users\carol\Desktop\UNIVERSIDAD\SID2\proyectoIntegradorSid\ProyectoSid2-losIlucionistas\src\main\java\co\icesi\UniPlan\service\EventStatisticsService.java. Using fallback presentation compiler.
2026.05.30 12:01:51 INFO  no build target found for C:\Users\carol\Desktop\UNIVERSIDAD\SID2\proyectoIntegradorSid\ProyectoSid2-losIlucionistas\src\main\java\co\icesi\UniPlan\service\EventStatisticsService.java. Using fallback presentation compiler.
2026.05.30 12:10:27 INFO  no build target found for C:\Users\carol\Desktop\UNIVERSIDAD\SID2\proyectoIntegradorSid\ProyectoSid2-losIlucionistas\src\main\java\co\icesi\UniPlan\service\EventStatisticsService.java. Using fallback presentation compiler.
2026.05.30 12:10:27 INFO  no build target found for C:\Users\carol\Desktop\UNIVERSIDAD\SID2\proyectoIntegradorSid\ProyectoSid2-losIlucionistas\src\main\java\co\icesi\UniPlan\controller\api\EventController.java. Using fallback presentation compiler.
2026.05.30 12:10:28 INFO  no build target found for C:\Users\carol\Desktop\UNIVERSIDAD\SID2\proyectoIntegradorSid\ProyectoSid2-losIlucionistas\src\main\java\co\icesi\UniPlan\controller\api\EventController.java. Using fallback presentation compiler.
may 30, 2026 12:10:28 P. M. org.eclipse.lsp4j.jsonrpc.RemoteEndpoint handleCancellation
WARNING: Unmatched cancel notification for request id 291
2026.05.30 12:10:27 INFO  no build target found for C:\Users\carol\Desktop\UNIVERSIDAD\SID2\proyectoIntegradorSid\ProyectoSid2-losIlucionistas\src\main\java\co\icesi\UniPlan\controller\api\EventController.java. Using fallback presentation compiler.
2026.05.30 12:10:37 INFO  no build target found for C:\Users\carol\Desktop\UNIVERSIDAD\SID2\proyectoIntegradorSid\ProyectoSid2-losIlucionistas\src\main\java\co\icesi\UniPlan\controller\api\EventController.java. Using fallback presentation compiler.
2026.05.30 12:10:37 INFO  no build target found for C:\Users\carol\Desktop\UNIVERSIDAD\SID2\proyectoIntegradorSid\ProyectoSid2-losIlucionistas\src\main\java\co\icesi\UniPlan\controller\api\EventController.java. Using fallback presentation compiler.
2026.05.30 12:10:37 INFO  no build target found for C:\Users\carol\Desktop\UNIVERSIDAD\SID2\proyectoIntegradorSid\ProyectoSid2-losIlucionistas\src\main\java\co\icesi\UniPlan\controller\api\EventController.java. Using fallback presentation compiler.
2026.05.30 12:10:39 INFO  no build target found for C:\Users\carol\Desktop\UNIVERSIDAD\SID2\proyectoIntegradorSid\ProyectoSid2-losIlucionistas\src\main\java\co\icesi\UniPlan\controller\api\EventController.java. Using fallback presentation compiler.
2026.05.30 12:10:39 INFO  no build target found for C:\Users\carol\Desktop\UNIVERSIDAD\SID2\proyectoIntegradorSid\ProyectoSid2-losIlucionistas\src\main\java\co\icesi\UniPlan\controller\api\EventController.java. Using fallback presentation compiler.
2026.05.30 12:11:02 INFO  no build target found for C:\Users\carol\Desktop\UNIVERSIDAD\SID2\proyectoIntegradorSid\ProyectoSid2-losIlucionistas\src\main\java\co\icesi\UniPlan\controller\api\EventController.java. Using fallback presentation compiler.
2026.05.30 12:11:04 INFO  no build target found for C:\Users\carol\Desktop\UNIVERSIDAD\SID2\proyectoIntegradorSid\ProyectoSid2-losIlucionistas\src\main\java\co\icesi\UniPlan\controller\api\EventController.java. Using fallback presentation compiler.
2026.05.30 12:11:04 INFO  no build target found for C:\Users\carol\Desktop\UNIVERSIDAD\SID2\proyectoIntegradorSid\ProyectoSid2-losIlucionistas\src\main\java\co\icesi\UniPlan\controller\api\EventController.java. Using fallback presentation compiler.
2026.05.30 12:13:33 INFO  no build target found for C:\Users\carol\Desktop\UNIVERSIDAD\SID2\proyectoIntegradorSid\ProyectoSid2-losIlucionistas\src\main\java\co\icesi\UniPlan\controller\api\EventController.java. Using fallback presentation compiler.
2026.05.30 12:15:23 INFO  no build target found for C:\Users\carol\Desktop\UNIVERSIDAD\SID2\proyectoIntegradorSid\ProyectoSid2-losIlucionistas\src\main\java\co\icesi\UniPlan\controller\api\EventController.java. Using fallback presentation compiler.
2026.05.30 12:15:23 INFO  no build target found for C:\Users\carol\Desktop\UNIVERSIDAD\SID2\proyectoIntegradorSid\ProyectoSid2-losIlucionistas\src\main\java\co\icesi\UniPlan\controller\api\EventController.java. Using fallback presentation compiler.
2026.05.30 12:15:23 INFO  no build target found for C:\Users\carol\Desktop\UNIVERSIDAD\SID2\proyectoIntegradorSid\ProyectoSid2-losIlucionistas\src\main\java\co\icesi\UniPlan\controller\api\EventController.java. Using fallback presentation compiler.
2026.05.30 12:15:23 INFO  no build target found for C:\Users\carol\Desktop\UNIVERSIDAD\SID2\proyectoIntegradorSid\ProyectoSid2-losIlucionistas\src\main\java\co\icesi\UniPlan\controller\api\EventController.java. Using fallback presentation compiler.
2026.05.30 12:15:25 INFO  no build target found for C:\Users\carol\Desktop\UNIVERSIDAD\SID2\proyectoIntegradorSid\ProyectoSid2-losIlucionistas\src\main\java\co\icesi\UniPlan\controller\api\EventController.java. Using fallback presentation compiler.
2026.05.30 12:15:29 INFO  no build target found for C:\Users\carol\Desktop\UNIVERSIDAD\SID2\proyectoIntegradorSid\ProyectoSid2-losIlucionistas\src\main\java\co\icesi\UniPlan\controller\api\EventController.java. Using fallback presentation compiler.
2026.05.30 12:15:29 INFO  no build target found for C:\Users\carol\Desktop\UNIVERSIDAD\SID2\proyectoIntegradorSid\ProyectoSid2-losIlucionistas\src\main\java\co\icesi\UniPlan\controller\api\EventController.java. Using fallback presentation compiler.
2026.05.30 12:15:31 INFO  no build target found for C:\Users\carol\Desktop\UNIVERSIDAD\SID2\proyectoIntegradorSid\ProyectoSid2-losIlucionistas\src\main\java\co\icesi\UniPlan\controller\api\EventController.java. Using fallback presentation compiler.
2026.05.30 12:15:31 INFO  no build target found for C:\Users\carol\Desktop\UNIVERSIDAD\SID2\proyectoIntegradorSid\ProyectoSid2-losIlucionistas\src\main\java\co\icesi\UniPlan\controller\api\EventController.java. Using fallback presentation compiler.
2026.05.30 12:15:31 INFO  no build target found for C:\Users\carol\Desktop\UNIVERSIDAD\SID2\proyectoIntegradorSid\ProyectoSid2-losIlucionistas\src\main\java\co\icesi\UniPlan\controller\api\EventController.java. Using fallback presentation compiler.
2026.05.30 12:15:31 INFO  no build target found for C:\Users\carol\Desktop\UNIVERSIDAD\SID2\proyectoIntegradorSid\ProyectoSid2-losIlucionistas\src\main\java\co\icesi\UniPlan\controller\api\EventController.java. Using fallback presentation compiler.
2026.05.30 12:15:31 INFO  no build target found for C:\Users\carol\Desktop\UNIVERSIDAD\SID2\proyectoIntegradorSid\ProyectoSid2-losIlucionistas\src\main\java\co\icesi\UniPlan\controller\api\EventController.java. Using fallback presentation compiler.
2026.05.30 12:15:32 WARN  no build target for: C:\Users\carol\Desktop\UNIVERSIDAD\SID2\proyectoIntegradorSid\ProyectoSid2-losIlucionistas\src\main\java\co\icesi\UniPlan\controller\api\EventController.java
2026.05.30 12:15:32 INFO  no build target found for C:\Users\carol\Desktop\UNIVERSIDAD\SID2\proyectoIntegradorSid\ProyectoSid2-losIlucionistas\src\main\java\co\icesi\UniPlan\controller\api\EventController.java. Using fallback presentation compiler.
2026.05.30 12:15:33 INFO  no build target found for C:\Users\carol\Desktop\UNIVERSIDAD\SID2\proyectoIntegradorSid\ProyectoSid2-losIlucionistas\src\main\java\co\icesi\UniPlan\controller\api\EventController.java. Using fallback presentation compiler.
2026.05.30 12:15:37 INFO  no build target found for C:\Users\carol\Desktop\UNIVERSIDAD\SID2\proyectoIntegradorSid\ProyectoSid2-losIlucionistas\src\main\java\co\icesi\UniPlan\controller\api\EventController.java. Using fallback presentation compiler.
2026.05.30 12:18:01 INFO  no build target found for C:\Users\carol\Desktop\UNIVERSIDAD\SID2\proyectoIntegradorSid\ProyectoSid2-losIlucionistas\src\main\java\co\icesi\UniPlan\config\DataInitializer.java. Using fallback presentation compiler.
2026.05.30 12:18:01 INFO  no build target found for C:\Users\carol\Desktop\UNIVERSIDAD\SID2\proyectoIntegradorSid\ProyectoSid2-losIlucionistas\src\main\java\co\icesi\UniPlan\config\DataInitializer.java. Using fallback presentation compiler.
2026.05.30 12:18:01 INFO  no build target found for C:\Users\carol\Desktop\UNIVERSIDAD\SID2\proyectoIntegradorSid\ProyectoSid2-losIlucionistas\src\main\java\co\icesi\UniPlan\config\DataInitializer.java. Using fallback presentation compiler.
2026.05.30 12:18:01 INFO  no build target found for C:\Users\carol\Desktop\UNIVERSIDAD\SID2\proyectoIntegradorSid\ProyectoSid2-losIlucionistas\src\main\java\co\icesi\UniPlan\config\DataInitializer.java. Using fallback presentation compiler.
2026.05.30 12:18:03 INFO  no build target found for C:\Users\carol\Desktop\UNIVERSIDAD\SID2\proyectoIntegradorSid\ProyectoSid2-losIlucionistas\src\main\java\co\icesi\UniPlan\config\DataInitializer.java. Using fallback presentation compiler.
2026.05.30 12:18:03 INFO  no build target found for C:\Users\carol\Desktop\UNIVERSIDAD\SID2\proyectoIntegradorSid\ProyectoSid2-losIlucionistas\src\main\java\co\icesi\UniPlan\config\DataInitializer.java. Using fallback presentation compiler.
2026.05.30 12:18:04 INFO  no build target found for C:\Users\carol\Desktop\UNIVERSIDAD\SID2\proyectoIntegradorSid\ProyectoSid2-losIlucionistas\src\main\java\co\icesi\UniPlan\config\DataInitializer.java. Using fallback presentation compiler.
2026.05.30 12:18:14 INFO  no build target found for C:\Users\carol\Desktop\UNIVERSIDAD\SID2\proyectoIntegradorSid\ProyectoSid2-losIlucionistas\src\main\java\co\icesi\UniPlan\config\DataInitializer.java. Using fallback presentation compiler.
2026.05.30 12:18:16 INFO  no build target found for C:\Users\carol\Desktop\UNIVERSIDAD\SID2\proyectoIntegradorSid\ProyectoSid2-losIlucionistas\src\main\java\co\icesi\UniPlan\config\DataInitializer.java. Using fallback presentation compiler.
2026.05.30 12:18:16 INFO  no build target found for C:\Users\carol\Desktop\UNIVERSIDAD\SID2\proyectoIntegradorSid\ProyectoSid2-losIlucionistas\src\main\java\co\icesi\UniPlan\config\DataInitializer.java. Using fallback presentation compiler.
2026.05.30 12:18:16 INFO  no build target found for C:\Users\carol\Desktop\UNIVERSIDAD\SID2\proyectoIntegradorSid\ProyectoSid2-losIlucionistas\src\main\java\co\icesi\UniPlan\config\DataInitializer.java. Using fallback presentation compiler.
2026.05.30 12:19:12 INFO  no build target found for C:\Users\carol\Desktop\UNIVERSIDAD\SID2\proyectoIntegradorSid\ProyectoSid2-losIlucionistas\src\main\java\co\icesi\UniPlan\controller\api\EventController.java. Using fallback presentation compiler.
2026.05.30 12:19:12 WARN  no build target for: C:\Users\carol\Desktop\UNIVERSIDAD\SID2\proyectoIntegradorSid\ProyectoSid2-losIlucionistas\src\main\java\co\icesi\UniPlan\controller\api\EventController.java
2026.05.30 12:19:12 INFO  no build target found for C:\Users\carol\Desktop\UNIVERSIDAD\SID2\proyectoIntegradorSid\ProyectoSid2-losIlucionistas\src\main\java\co\icesi\UniPlan\controller\api\EventController.java. Using fallback presentation compiler.
2026.05.30 12:19:12 INFO  no build target found for C:\Users\carol\Desktop\UNIVERSIDAD\SID2\proyectoIntegradorSid\ProyectoSid2-losIlucionistas\src\main\java\co\icesi\UniPlan\controller\api\EventController.java. Using fallback presentation compiler.
2026.05.30 12:19:12 INFO  no build target found for C:\Users\carol\Desktop\UNIVERSIDAD\SID2\proyectoIntegradorSid\ProyectoSid2-losIlucionistas\src\main\java\co\icesi\UniPlan\controller\api\EventController.java. Using fallback presentation compiler.
2026.05.30 12:19:12 INFO  no build target found for C:\Users\carol\Desktop\UNIVERSIDAD\SID2\proyectoIntegradorSid\ProyectoSid2-losIlucionistas\src\main\java\co\icesi\UniPlan\controller\api\EventController.java. Using fallback presentation compiler.
2026.05.30 12:19:14 INFO  no build target found for C:\Users\carol\Desktop\UNIVERSIDAD\SID2\proyectoIntegradorSid\ProyectoSid2-losIlucionistas\src\main\java\co\icesi\UniPlan\controller\api\EventController.java. Using fallback presentation compiler.
2026.05.30 12:19:15 INFO  no build target found for C:\Users\carol\Desktop\UNIVERSIDAD\SID2\proyectoIntegradorSid\ProyectoSid2-losIlucionistas\src\main\java\co\icesi\UniPlan\controller\api\EventController.java. Using fallback presentation compiler.
2026.05.30 12:19:18 INFO  no build target found for C:\Users\carol\Desktop\UNIVERSIDAD\SID2\proyectoIntegradorSid\ProyectoSid2-losIlucionistas\src\main\java\co\icesi\UniPlan\controller\api\EventController.java. Using fallback presentation compiler.
2026.05.30 12:19:18 INFO  no build target found for C:\Users\carol\Desktop\UNIVERSIDAD\SID2\proyectoIntegradorSid\ProyectoSid2-losIlucionistas\src\main\java\co\icesi\UniPlan\controller\api\EventController.java. Using fallback presentation compiler.
2026.05.30 12:19:24 INFO  no build target found for C:\Users\carol\Desktop\UNIVERSIDAD\SID2\proyectoIntegradorSid\ProyectoSid2-losIlucionistas\src\main\java\co\icesi\UniPlan\controller\api\EventController.java. Using fallback presentation compiler.
2026.05.30 12:19:28 INFO  no build target found for C:\Users\carol\Desktop\UNIVERSIDAD\SID2\proyectoIntegradorSid\ProyectoSid2-losIlucionistas\src\main\java\co\icesi\UniPlan\controller\api\EventController.java. Using fallback presentation compiler.
2026.05.30 12:19:31 INFO  no build target found for C:\Users\carol\Desktop\UNIVERSIDAD\SID2\proyectoIntegradorSid\ProyectoSid2-losIlucionistas\src\main\java\co\icesi\UniPlan\controller\api\EventController.java. Using fallback presentation compiler.
2026.05.30 12:22:49 INFO  no build target found for C:\Users\carol\Desktop\UNIVERSIDAD\SID2\proyectoIntegradorSid\ProyectoSid2-losIlucionistas\src\main\java\co\icesi\UniPlan\controller\api\EventController.java. Using fallback presentation compiler.
2026.05.30 12:22:49 INFO  no build target found for C:\Users\carol\Desktop\UNIVERSIDAD\SID2\proyectoIntegradorSid\ProyectoSid2-losIlucionistas\src\main\java\co\icesi\UniPlan\controller\api\EventController.java. Using fallback presentation compiler.
2026.05.30 12:22:52 INFO  no build target found for C:\Users\carol\Desktop\UNIVERSIDAD\SID2\proyectoIntegradorSid\ProyectoSid2-losIlucionistas\src\main\java\co\icesi\UniPlan\controller\api\EventController.java. Using fallback presentation compiler.
2026.05.30 12:22:54 INFO  no build target found for C:\Users\carol\Desktop\UNIVERSIDAD\SID2\proyectoIntegradorSid\ProyectoSid2-losIlucionistas\src\main\java\co\icesi\UniPlan\controller\api\EventController.java. Using fallback presentation compiler.
2026.05.30 12:22:54 INFO  no build target found for C:\Users\carol\Desktop\UNIVERSIDAD\SID2\proyectoIntegradorSid\ProyectoSid2-losIlucionistas\src\main\java\co\icesi\UniPlan\controller\api\EventController.java. Using fallback presentation compiler.
2026.05.30 12:22:56 INFO  no build target found for C:\Users\carol\Desktop\UNIVERSIDAD\SID2\proyectoIntegradorSid\ProyectoSid2-losIlucionistas\src\main\java\co\icesi\UniPlan\controller\api\EventController.java. Using fallback presentation compiler.
2026.05.30 12:23:02 INFO  no build target found for C:\Users\carol\Desktop\UNIVERSIDAD\SID2\proyectoIntegradorSid\ProyectoSid2-losIlucionistas\src\main\java\co\icesi\UniPlan\controller\api\EventController.java. Using fallback presentation compiler.
2026.05.30 12:23:04 INFO  no build target found for C:\Users\carol\Desktop\UNIVERSIDAD\SID2\proyectoIntegradorSid\ProyectoSid2-losIlucionistas\src\main\java\co\icesi\UniPlan\controller\api\EventController.java. Using fallback presentation compiler.
2026.05.30 12:24:45 INFO  no build target found for C:\Users\carol\Desktop\UNIVERSIDAD\SID2\proyectoIntegradorSid\ProyectoSid2-losIlucionistas\src\main\java\co\icesi\UniPlan\controller\api\EventController.java. Using fallback presentation compiler.
2026.05.30 12:24:47 INFO  no build target found for C:\Users\carol\Desktop\UNIVERSIDAD\SID2\proyectoIntegradorSid\ProyectoSid2-losIlucionistas\src\main\java\co\icesi\UniPlan\config\DataInitializer.java. Using fallback presentation compiler.
2026.05.30 12:24:47 WARN  no build target for: C:\Users\carol\Desktop\UNIVERSIDAD\SID2\proyectoIntegradorSid\ProyectoSid2-losIlucionistas\src\main\java\co\icesi\UniPlan\config\DataInitializer.java
2026.05.30 12:24:47 INFO  no build target found for C:\Users\carol\Desktop\UNIVERSIDAD\SID2\proyectoIntegradorSid\ProyectoSid2-losIlucionistas\src\main\java\co\icesi\UniPlan\config\DataInitializer.java. Using fallback presentation compiler.
2026.05.30 12:24:47 INFO  no build target found for C:\Users\carol\Desktop\UNIVERSIDAD\SID2\proyectoIntegradorSid\ProyectoSid2-losIlucionistas\src\main\java\co\icesi\UniPlan\config\DataInitializer.java. Using fallback presentation compiler.
2026.05.30 12:24:47 INFO  no build target found for C:\Users\carol\Desktop\UNIVERSIDAD\SID2\proyectoIntegradorSid\ProyectoSid2-losIlucionistas\src\main\java\co\icesi\UniPlan\config\DataInitializer.java. Using fallback presentation compiler.
2026.05.30 12:24:49 INFO  no build target found for C:\Users\carol\Desktop\UNIVERSIDAD\SID2\proyectoIntegradorSid\ProyectoSid2-losIlucionistas\src\main\java\co\icesi\UniPlan\config\DataInitializer.java. Using fallback presentation compiler.
2026.05.30 12:24:49 INFO  no build target found for C:\Users\carol\Desktop\UNIVERSIDAD\SID2\proyectoIntegradorSid\ProyectoSid2-losIlucionistas\src\main\java\co\icesi\UniPlan\config\DataInitializer.java. Using fallback presentation compiler.
2026.05.30 12:24:49 INFO  no build target found for C:\Users\carol\Desktop\UNIVERSIDAD\SID2\proyectoIntegradorSid\ProyectoSid2-losIlucionistas\src\main\java\co\icesi\UniPlan\config\DataInitializer.java. Using fallback presentation compiler.
2026.05.30 12:24:50 INFO  no build target found for C:\Users\carol\Desktop\UNIVERSIDAD\SID2\proyectoIntegradorSid\ProyectoSid2-losIlucionistas\src\main\java\co\icesi\UniPlan\config\DataInitializer.java. Using fallback presentation compiler.
2026.05.30 12:24:50 INFO  no build target found for C:\Users\carol\Desktop\UNIVERSIDAD\SID2\proyectoIntegradorSid\ProyectoSid2-losIlucionistas\src\main\java\co\icesi\UniPlan\config\DataInitializer.java. Using fallback presentation compiler.
2026.05.30 12:24:51 INFO  no build target found for C:\Users\carol\Desktop\UNIVERSIDAD\SID2\proyectoIntegradorSid\ProyectoSid2-losIlucionistas\src\main\java\co\icesi\UniPlan\config\DataInitializer.java. Using fallback presentation compiler.
2026.05.30 12:24:53 INFO  no build target found for C:\Users\carol\Desktop\UNIVERSIDAD\SID2\proyectoIntegradorSid\ProyectoSid2-losIlucionistas\src\main\java\co\icesi\UniPlan\config\DataInitializer.java. Using fallback presentation compiler.
2026.05.30 12:24:54 INFO  no build target found for C:\Users\carol\Desktop\UNIVERSIDAD\SID2\proyectoIntegradorSid\ProyectoSid2-losIlucionistas\src\main\java\co\icesi\UniPlan\config\DataInitializer.java. Using fallback presentation compiler.
2026.05.30 12:24:54 INFO  no build target found for C:\Users\carol\Desktop\UNIVERSIDAD\SID2\proyectoIntegradorSid\ProyectoSid2-losIlucionistas\src\main\java\co\icesi\UniPlan\config\DataInitializer.java. Using fallback presentation compiler.
2026.05.30 12:24:54 INFO  no build target found for C:\Users\carol\Desktop\UNIVERSIDAD\SID2\proyectoIntegradorSid\ProyectoSid2-losIlucionistas\src\main\java\co\icesi\UniPlan\config\DataInitializer.java. Using fallback presentation compiler.
2026.05.30 12:24:55 INFO  no build target found for C:\Users\carol\Desktop\UNIVERSIDAD\SID2\proyectoIntegradorSid\ProyectoSid2-losIlucionistas\src\main\java\co\icesi\UniPlan\config\DataInitializer.java. Using fallback presentation compiler.
2026.05.30 12:24:55 INFO  no build target found for C:\Users\carol\Desktop\UNIVERSIDAD\SID2\proyectoIntegradorSid\ProyectoSid2-losIlucionistas\src\main\java\co\icesi\UniPlan\config\DataInitializer.java. Using fallback presentation compiler.
2026.05.30 12:24:55 INFO  no build target found for C:\Users\carol\Desktop\UNIVERSIDAD\SID2\proyectoIntegradorSid\ProyectoSid2-losIlucionistas\src\main\java\co\icesi\UniPlan\config\DataInitializer.java. Using fallback presentation compiler.
2026.05.30 12:24:56 INFO  no build target found for C:\Users\carol\Desktop\UNIVERSIDAD\SID2\proyectoIntegradorSid\ProyectoSid2-losIlucionistas\src\main\java\co\icesi\UniPlan\config\DataInitializer.java. Using fallback presentation compiler.
2026.05.30 12:25:06 INFO  no build target found for C:\Users\carol\Desktop\UNIVERSIDAD\SID2\proyectoIntegradorSid\ProyectoSid2-losIlucionistas\src\main\java\co\icesi\UniPlan\config\DataInitializer.java. Using fallback presentation compiler.
2026.05.30 12:25:06 INFO  no build target found for C:\Users\carol\Desktop\UNIVERSIDAD\SID2\proyectoIntegradorSid\ProyectoSid2-losIlucionistas\src\main\java\co\icesi\UniPlan\config\DataInitializer.java. Using fallback presentation compiler.
2026.05.30 12:25:06 INFO  no build target found for C:\Users\carol\Desktop\UNIVERSIDAD\SID2\proyectoIntegradorSid\ProyectoSid2-losIlucionistas\src\main\java\co\icesi\UniPlan\config\DataInitializer.java. Using fallback presentation compiler.
2026.05.30 12:25:10 INFO  no build target found for C:\Users\carol\Desktop\UNIVERSIDAD\SID2\proyectoIntegradorSid\ProyectoSid2-losIlucionistas\src\main\java\co\icesi\UniPlan\config\DataInitializer.java. Using fallback presentation compiler.
2026.05.30 12:25:12 INFO  no build target found for C:\Users\carol\Desktop\UNIVERSIDAD\SID2\proyectoIntegradorSid\ProyectoSid2-losIlucionistas\src\main\java\co\icesi\UniPlan\config\DataInitializer.java. Using fallback presentation compiler.
2026.05.30 12:25:12 INFO  no build target found for C:\Users\carol\Desktop\UNIVERSIDAD\SID2\proyectoIntegradorSid\ProyectoSid2-losIlucionistas\src\main\java\co\icesi\UniPlan\config\DataInitializer.java. Using fallback presentation compiler.
2026.05.30 12:25:12 INFO  no build target found for C:\Users\carol\Desktop\UNIVERSIDAD\SID2\proyectoIntegradorSid\ProyectoSid2-losIlucionistas\src\main\java\co\icesi\UniPlan\config\DataInitializer.java. Using fallback presentation compiler.
2026.05.30 12:25:12 INFO  no build target found for C:\Users\carol\Desktop\UNIVERSIDAD\SID2\proyectoIntegradorSid\ProyectoSid2-losIlucionistas\src\main\java\co\icesi\UniPlan\config\DataInitializer.java. Using fallback presentation compiler.
2026.05.30 12:26:18 INFO  no build target found for C:\Users\carol\Desktop\UNIVERSIDAD\SID2\proyectoIntegradorSid\ProyectoSid2-losIlucionistas\src\main\java\co\icesi\UniPlan\config\DataInitializer.java. Using fallback presentation compiler.
2026.05.30 12:34:39 INFO  no build target found for C:\Users\carol\Desktop\UNIVERSIDAD\SID2\proyectoIntegradorSid\ProyectoSid2-losIlucionistas\src\main\java\co\icesi\UniPlan\config\DataInitializer.java. Using fallback presentation compiler.
2026.05.30 12:35:13 INFO  no build target found for C:\Users\carol\Desktop\UNIVERSIDAD\SID2\proyectoIntegradorSid\ProyectoSid2-losIlucionistas\src\main\java\co\icesi\UniPlan\config\DataInitializer.java. Using fallback presentation compiler.
2026.05.30 12:35:13 INFO  no build target found for C:\Users\carol\Desktop\UNIVERSIDAD\SID2\proyectoIntegradorSid\ProyectoSid2-losIlucionistas\src\main\java\co\icesi\UniPlan\dto\EnrolledUserResponse.java. Using fallback presentation compiler.
2026.05.30 12:35:13 INFO  no build target found for C:\Users\carol\Desktop\UNIVERSIDAD\SID2\proyectoIntegradorSid\ProyectoSid2-losIlucionistas\src\main\java\co\icesi\UniPlan\dto\EnrolledUserResponse.java. Using fallback presentation compiler.
2026.05.30 12:35:13 INFO  no build target found for C:\Users\carol\Desktop\UNIVERSIDAD\SID2\proyectoIntegradorSid\ProyectoSid2-losIlucionistas\src\main\java\co\icesi\UniPlan\dto\EnrolledUserResponse.java. Using fallback presentation compiler.
2026.05.30 12:35:14 INFO  no build target found for C:\Users\carol\Desktop\UNIVERSIDAD\SID2\proyectoIntegradorSid\ProyectoSid2-losIlucionistas\src\main\java\co\icesi\UniPlan\dto\EnrolledUserResponse.java. Using fallback presentation compiler.
2026.05.30 12:35:14 INFO  no build target found for C:\Users\carol\Desktop\UNIVERSIDAD\SID2\proyectoIntegradorSid\ProyectoSid2-losIlucionistas\src\main\java\co\icesi\UniPlan\dto\EnrolledUserResponse.java. Using fallback presentation compiler.
2026.05.30 12:35:14 INFO  no build target found for C:\Users\carol\Desktop\UNIVERSIDAD\SID2\proyectoIntegradorSid\ProyectoSid2-losIlucionistas\src\main\java\co\icesi\UniPlan\dto\EnrolledUserResponse.java. Using fallback presentation compiler.
2026.05.30 12:35:14 INFO  no build target found for C:\Users\carol\Desktop\UNIVERSIDAD\SID2\proyectoIntegradorSid\ProyectoSid2-losIlucionistas\src\main\java\co\icesi\UniPlan\dto\EnrolledUserResponse.java. Using fallback presentation compiler.
2026.05.30 12:35:16 INFO  no build target found for C:\Users\carol\Desktop\UNIVERSIDAD\SID2\proyectoIntegradorSid\ProyectoSid2-losIlucionistas\src\main\java\co\icesi\UniPlan\dto\EnrolledUserResponse.java. Using fallback presentation compiler.
2026.05.30 12:35:16 INFO  no build target found for C:\Users\carol\Desktop\UNIVERSIDAD\SID2\proyectoIntegradorSid\ProyectoSid2-losIlucionistas\src\main\java\co\icesi\UniPlan\dto\EnrolledUserResponse.java. Using fallback presentation compiler.
2026.05.30 12:35:16 INFO  no build target found for C:\Users\carol\Desktop\UNIVERSIDAD\SID2\proyectoIntegradorSid\ProyectoSid2-losIlucionistas\src\main\java\co\icesi\UniPlan\dto\EnrolledUserResponse.java. Using fallback presentation compiler.
2026.05.30 12:35:16 INFO  no build target found for C:\Users\carol\Desktop\UNIVERSIDAD\SID2\proyectoIntegradorSid\ProyectoSid2-losIlucionistas\src\main\java\co\icesi\UniPlan\dto\EnrolledUserResponse.java. Using fallback presentation compiler.
2026.05.30 12:35:17 INFO  no build target found for C:\Users\carol\Desktop\UNIVERSIDAD\SID2\proyectoIntegradorSid\ProyectoSid2-losIlucionistas\src\main\java\co\icesi\UniPlan\dto\EnrolledUserResponse.java. Using fallback presentation compiler.
2026.05.30 12:35:17 INFO  no build target found for C:\Users\carol\Desktop\UNIVERSIDAD\SID2\proyectoIntegradorSid\ProyectoSid2-losIlucionistas\src\main\java\co\icesi\UniPlan\dto\EnrolledUserResponse.java. Using fallback presentation compiler.
2026.05.30 12:35:36 INFO  no build target found for C:\Users\carol\Desktop\UNIVERSIDAD\SID2\proyectoIntegradorSid\ProyectoSid2-losIlucionistas\src\main\java\co\icesi\UniPlan\dto\EnrolledUserResponse.java. Using fallback presentation compiler.
2026.05.30 12:35:36 INFO  no build target found for C:\Users\carol\Desktop\UNIVERSIDAD\SID2\proyectoIntegradorSid\ProyectoSid2-losIlucionistas\src\main\java\co\icesi\UniPlan\service\EventStatisticsService.java. Using fallback presentation compiler.
2026.05.30 12:35:37 INFO  no build target found for C:\Users\carol\Desktop\UNIVERSIDAD\SID2\proyectoIntegradorSid\ProyectoSid2-losIlucionistas\src\main\java\co\icesi\UniPlan\service\EventStatisticsService.java. Using fallback presentation compiler.
2026.05.30 12:35:36 INFO  no build target found for C:\Users\carol\Desktop\UNIVERSIDAD\SID2\proyectoIntegradorSid\ProyectoSid2-losIlucionistas\src\main\java\co\icesi\UniPlan\service\EventStatisticsService.java. Using fallback presentation compiler.
2026.05.30 12:35:36 INFO  no build target found for C:\Users\carol\Desktop\UNIVERSIDAD\SID2\proyectoIntegradorSid\ProyectoSid2-losIlucionistas\src\main\java\co\icesi\UniPlan\service\EventStatisticsService.java. Using fallback presentation compiler.
2026.05.30 12:35:46 INFO  no build target found for C:\Users\carol\Desktop\UNIVERSIDAD\SID2\proyectoIntegradorSid\ProyectoSid2-losIlucionistas\src\main\java\co\icesi\UniPlan\service\EventStatisticsService.java. Using fallback presentation compiler.
2026.05.30 12:35:55 INFO  no build target found for C:\Users\carol\Desktop\UNIVERSIDAD\SID2\proyectoIntegradorSid\ProyectoSid2-losIlucionistas\src\main\java\co\icesi\UniPlan\service\EventStatisticsService.java. Using fallback presentation compiler.
2026.05.30 12:35:55 INFO  no build target found for C:\Users\carol\Desktop\UNIVERSIDAD\SID2\proyectoIntegradorSid\ProyectoSid2-losIlucionistas\src\main\java\co\icesi\UniPlan\service\EventService.java. Using fallback presentation compiler.
2026.05.30 12:35:55 INFO  no build target found for C:\Users\carol\Desktop\UNIVERSIDAD\SID2\proyectoIntegradorSid\ProyectoSid2-losIlucionistas\src\main\java\co\icesi\UniPlan\service\EventService.java. Using fallback presentation compiler.
2026.05.30 12:35:55 INFO  no build target found for C:\Users\carol\Desktop\UNIVERSIDAD\SID2\proyectoIntegradorSid\ProyectoSid2-losIlucionistas\src\main\java\co\icesi\UniPlan\service\EventService.java. Using fallback presentation compiler.
2026.05.30 12:35:56 INFO  no build target found for C:\Users\carol\Desktop\UNIVERSIDAD\SID2\proyectoIntegradorSid\ProyectoSid2-losIlucionistas\src\main\java\co\icesi\UniPlan\service\EventService.java. Using fallback presentation compiler.
2026.05.30 12:35:56 INFO  no build target found for C:\Users\carol\Desktop\UNIVERSIDAD\SID2\proyectoIntegradorSid\ProyectoSid2-losIlucionistas\src\main\java\co\icesi\UniPlan\service\EventService.java. Using fallback presentation compiler.
2026.05.30 12:35:56 INFO  no build target found for C:\Users\carol\Desktop\UNIVERSIDAD\SID2\proyectoIntegradorSid\ProyectoSid2-losIlucionistas\src\main\java\co\icesi\UniPlan\service\EventService.java. Using fallback presentation compiler.
2026.05.30 12:35:56 INFO  no build target found for C:\Users\carol\Desktop\UNIVERSIDAD\SID2\proyectoIntegradorSid\ProyectoSid2-losIlucionistas\src\main\java\co\icesi\UniPlan\service\EventService.java. Using fallback presentation compiler.
2026.05.30 12:36:09 INFO  no build target found for C:\Users\carol\Desktop\UNIVERSIDAD\SID2\proyectoIntegradorSid\ProyectoSid2-losIlucionistas\src\main\java\co\icesi\UniPlan\service\EventService.java. Using fallback presentation compiler.
2026.05.30 12:36:09 INFO  no build target found for C:\Users\carol\Desktop\UNIVERSIDAD\SID2\proyectoIntegradorSid\ProyectoSid2-losIlucionistas\src\main\java\co\icesi\UniPlan\service\EventService.java. Using fallback presentation compiler.
2026.05.30 12:36:11 INFO  no build target found for C:\Users\carol\Desktop\UNIVERSIDAD\SID2\proyectoIntegradorSid\ProyectoSid2-losIlucionistas\src\main\java\co\icesi\UniPlan\service\EventService.java. Using fallback presentation compiler.
2026.05.30 12:36:11 INFO  no build target found for C:\Users\carol\Desktop\UNIVERSIDAD\SID2\proyectoIntegradorSid\ProyectoSid2-losIlucionistas\src\main\java\co\icesi\UniPlan\service\EventService.java. Using fallback presentation compiler.
2026.05.30 12:36:12 INFO  no build target found for C:\Users\carol\Desktop\UNIVERSIDAD\SID2\proyectoIntegradorSid\ProyectoSid2-losIlucionistas\src\main\java\co\icesi\UniPlan\service\EventService.java. Using fallback presentation compiler.
2026.05.30 12:36:12 INFO  no build target found for C:\Users\carol\Desktop\UNIVERSIDAD\SID2\proyectoIntegradorSid\ProyectoSid2-losIlucionistas\src\main\java\co\icesi\UniPlan\service\EventService.java. Using fallback presentation compiler.
2026.05.30 12:36:13 INFO  no build target found for C:\Users\carol\Desktop\UNIVERSIDAD\SID2\proyectoIntegradorSid\ProyectoSid2-losIlucionistas\src\main\java\co\icesi\UniPlan\service\EventService.java. Using fallback presentation compiler.
2026.05.30 12:36:13 INFO  no build target found for C:\Users\carol\Desktop\UNIVERSIDAD\SID2\proyectoIntegradorSid\ProyectoSid2-losIlucionistas\src\main\java\co\icesi\UniPlan\service\EventService.java. Using fallback presentation compiler.
2026.05.30 12:36:15 INFO  no build target found for C:\Users\carol\Desktop\UNIVERSIDAD\SID2\proyectoIntegradorSid\ProyectoSid2-losIlucionistas\src\main\java\co\icesi\UniPlan\service\EventService.java. Using fallback presentation compiler.
2026.05.30 12:36:15 INFO  no build target found for C:\Users\carol\Desktop\UNIVERSIDAD\SID2\proyectoIntegradorSid\ProyectoSid2-losIlucionistas\src\main\java\co\icesi\UniPlan\service\EventService.java. Using fallback presentation compiler.
2026.05.30 12:36:25 INFO  no build target found for C:\Users\carol\Desktop\UNIVERSIDAD\SID2\proyectoIntegradorSid\ProyectoSid2-losIlucionistas\src\main\java\co\icesi\UniPlan\service\EventService.java. Using fallback presentation compiler.
2026.05.30 12:36:28 INFO  no build target found for C:\Users\carol\Desktop\UNIVERSIDAD\SID2\proyectoIntegradorSid\ProyectoSid2-losIlucionistas\src\main\java\co\icesi\UniPlan\service\EventService.java. Using fallback presentation compiler.
2026.05.30 12:38:29 INFO  no build target found for C:\Users\carol\Desktop\UNIVERSIDAD\SID2\proyectoIntegradorSid\ProyectoSid2-losIlucionistas\src\main\java\co\icesi\UniPlan\service\EventService.java. Using fallback presentation compiler.
2026.05.30 12:38:31 INFO  no build target found for C:\Users\carol\Desktop\UNIVERSIDAD\SID2\proyectoIntegradorSid\ProyectoSid2-losIlucionistas\src\main\java\co\icesi\UniPlan\service\EventService.java. Using fallback presentation compiler.
2026.05.30 12:38:32 INFO  no build target found for C:\Users\carol\Desktop\UNIVERSIDAD\SID2\proyectoIntegradorSid\ProyectoSid2-losIlucionistas\src\main\java\co\icesi\UniPlan\service\EventService.java. Using fallback presentation compiler.
2026.05.30 12:38:32 INFO  no build target found for C:\Users\carol\Desktop\UNIVERSIDAD\SID2\proyectoIntegradorSid\ProyectoSid2-losIlucionistas\src\main\java\co\icesi\UniPlan\service\EventService.java. Using fallback presentation compiler.
2026.05.30 12:38:33 INFO  no build target found for C:\Users\carol\Desktop\UNIVERSIDAD\SID2\proyectoIntegradorSid\ProyectoSid2-losIlucionistas\src\main\java\co\icesi\UniPlan\service\EventService.java. Using fallback presentation compiler.
2026.05.30 12:38:33 INFO  no build target found for C:\Users\carol\Desktop\UNIVERSIDAD\SID2\proyectoIntegradorSid\ProyectoSid2-losIlucionistas\src\main\java\co\icesi\UniPlan\service\EventService.java. Using fallback presentation compiler.
2026.05.30 12:38:33 INFO  no build target found for C:\Users\carol\Desktop\UNIVERSIDAD\SID2\proyectoIntegradorSid\ProyectoSid2-losIlucionistas\src\main\java\co\icesi\UniPlan\service\EventService.java. Using fallback presentation compiler.
2026.05.30 12:38:34 INFO  no build target found for C:\Users\carol\Desktop\UNIVERSIDAD\SID2\proyectoIntegradorSid\ProyectoSid2-losIlucionistas\src\main\java\co\icesi\UniPlan\service\EventService.java. Using fallback presentation compiler.
2026.05.30 12:38:34 INFO  no build target found for C:\Users\carol\Desktop\UNIVERSIDAD\SID2\proyectoIntegradorSid\ProyectoSid2-losIlucionistas\src\main\java\co\icesi\UniPlan\service\EventService.java. Using fallback presentation compiler.
2026.05.30 12:38:34 INFO  no build target found for C:\Users\carol\Desktop\UNIVERSIDAD\SID2\proyectoIntegradorSid\ProyectoSid2-losIlucionistas\src\main\java\co\icesi\UniPlan\service\EventService.java. Using fallback presentation compiler.
2026.05.30 12:38:36 INFO  no build target found for C:\Users\carol\Desktop\UNIVERSIDAD\SID2\proyectoIntegradorSid\ProyectoSid2-losIlucionistas\src\main\java\co\icesi\UniPlan\service\EventService.java. Using fallback presentation compiler.
2026.05.30 12:38:37 INFO  no build target found for C:\Users\carol\Desktop\UNIVERSIDAD\SID2\proyectoIntegradorSid\ProyectoSid2-losIlucionistas\src\main\java\co\icesi\UniPlan\service\EventService.java. Using fallback presentation compiler.
2026.05.30 12:38:37 INFO  no build target found for C:\Users\carol\Desktop\UNIVERSIDAD\SID2\proyectoIntegradorSid\ProyectoSid2-losIlucionistas\src\main\java\co\icesi\UniPlan\service\EventService.java. Using fallback presentation compiler.
2026.05.30 12:38:37 INFO  no build target found for C:\Users\carol\Desktop\UNIVERSIDAD\SID2\proyectoIntegradorSid\ProyectoSid2-losIlucionistas\src\main\java\co\icesi\UniPlan\service\EventService.java. Using fallback presentation compiler.
2026.05.30 12:38:37 INFO  no build target found for C:\Users\carol\Desktop\UNIVERSIDAD\SID2\proyectoIntegradorSid\ProyectoSid2-losIlucionistas\src\main\java\co\icesi\UniPlan\service\EventService.java. Using fallback presentation compiler.
2026.05.30 12:38:38 INFO  no build target found for C:\Users\carol\Desktop\UNIVERSIDAD\SID2\proyectoIntegradorSid\ProyectoSid2-losIlucionistas\src\main\java\co\icesi\UniPlan\service\EventService.java. Using fallback presentation compiler.
2026.05.30 12:38:38 INFO  no build target found for C:\Users\carol\Desktop\UNIVERSIDAD\SID2\proyectoIntegradorSid\ProyectoSid2-losIlucionistas\src\main\java\co\icesi\UniPlan\service\EventService.java. Using fallback presentation compiler.
2026.05.30 12:38:41 INFO  no build target found for C:\Users\carol\Desktop\UNIVERSIDAD\SID2\proyectoIntegradorSid\ProyectoSid2-losIlucionistas\src\main\java\co\icesi\UniPlan\service\EventService.java. Using fallback presentation compiler.
2026.05.30 12:38:41 INFO  no build target found for C:\Users\carol\Desktop\UNIVERSIDAD\SID2\proyectoIntegradorSid\ProyectoSid2-losIlucionistas\src\main\java\co\icesi\UniPlan\service\EventService.java. Using fallback presentation compiler.
2026.05.30 12:38:45 INFO  no build target found for C:\Users\carol\Desktop\UNIVERSIDAD\SID2\proyectoIntegradorSid\ProyectoSid2-losIlucionistas\src\main\java\co\icesi\UniPlan\service\EventService.java. Using fallback presentation compiler.
2026.05.30 12:38:45 INFO  no build target found for C:\Users\carol\Desktop\UNIVERSIDAD\SID2\proyectoIntegradorSid\ProyectoSid2-losIlucionistas\src\main\java\co\icesi\UniPlan\service\EventService.java. Using fallback presentation compiler.
2026.05.30 12:38:47 INFO  no build target found for C:\Users\carol\Desktop\UNIVERSIDAD\SID2\proyectoIntegradorSid\ProyectoSid2-losIlucionistas\src\main\java\co\icesi\UniPlan\service\EventService.java. Using fallback presentation compiler.
2026.05.30 12:38:47 INFO  no build target found for C:\Users\carol\Desktop\UNIVERSIDAD\SID2\proyectoIntegradorSid\ProyectoSid2-losIlucionistas\src\main\java\co\icesi\UniPlan\service\EventService.java. Using fallback presentation compiler.
2026.05.30 12:38:47 INFO  no build target found for C:\Users\carol\Desktop\UNIVERSIDAD\SID2\proyectoIntegradorSid\ProyectoSid2-losIlucionistas\src\main\java\co\icesi\UniPlan\service\EventService.java. Using fallback presentation compiler.
2026.05.30 12:38:48 INFO  no build target found for C:\Users\carol\Desktop\UNIVERSIDAD\SID2\proyectoIntegradorSid\ProyectoSid2-losIlucionistas\src\main\java\co\icesi\UniPlan\service\EventService.java. Using fallback presentation compiler.
2026.05.30 12:38:48 INFO  no build target found for C:\Users\carol\Desktop\UNIVERSIDAD\SID2\proyectoIntegradorSid\ProyectoSid2-losIlucionistas\src\main\java\co\icesi\UniPlan\service\EventService.java. Using fallback presentation compiler.
may 30, 2026 12:38:48 P. M. org.eclipse.lsp4j.jsonrpc.RemoteEndpoint handleCancellation
WARNING: Unmatched cancel notification for request id 692
2026.05.30 12:38:48 INFO  no build target found for C:\Users\carol\Desktop\UNIVERSIDAD\SID2\proyectoIntegradorSid\ProyectoSid2-losIlucionistas\src\main\java\co\icesi\UniPlan\service\EventService.java. Using fallback presentation compiler.
2026.05.30 12:38:48 INFO  no build target found for C:\Users\carol\Desktop\UNIVERSIDAD\SID2\proyectoIntegradorSid\ProyectoSid2-losIlucionistas\src\main\java\co\icesi\UniPlan\service\EventService.java. Using fallback presentation compiler.
2026.05.30 12:38:49 INFO  no build target found for C:\Users\carol\Desktop\UNIVERSIDAD\SID2\proyectoIntegradorSid\ProyectoSid2-losIlucionistas\src\main\java\co\icesi\UniPlan\service\EventService.java. Using fallback presentation compiler.
2026.05.30 12:38:49 INFO  no build target found for C:\Users\carol\Desktop\UNIVERSIDAD\SID2\proyectoIntegradorSid\ProyectoSid2-losIlucionistas\src\main\java\co\icesi\UniPlan\service\EventService.java. Using fallback presentation compiler.
2026.05.30 12:38:51 INFO  no build target found for C:\Users\carol\Desktop\UNIVERSIDAD\SID2\proyectoIntegradorSid\ProyectoSid2-losIlucionistas\src\main\java\co\icesi\UniPlan\service\EventService.java. Using fallback presentation compiler.
2026.05.30 12:38:52 INFO  no build target found for C:\Users\carol\Desktop\UNIVERSIDAD\SID2\proyectoIntegradorSid\ProyectoSid2-losIlucionistas\src\main\java\co\icesi\UniPlan\service\EventService.java. Using fallback presentation compiler.
2026.05.30 12:38:52 INFO  no build target found for C:\Users\carol\Desktop\UNIVERSIDAD\SID2\proyectoIntegradorSid\ProyectoSid2-losIlucionistas\src\main\java\co\icesi\UniPlan\service\EventService.java. Using fallback presentation compiler.
2026.05.30 12:38:52 INFO  no build target found for C:\Users\carol\Desktop\UNIVERSIDAD\SID2\proyectoIntegradorSid\ProyectoSid2-losIlucionistas\src\main\java\co\icesi\UniPlan\service\EventService.java. Using fallback presentation compiler.
2026.05.30 12:38:52 INFO  no build target found for C:\Users\carol\Desktop\UNIVERSIDAD\SID2\proyectoIntegradorSid\ProyectoSid2-losIlucionistas\src\main\java\co\icesi\UniPlan\service\EventService.java. Using fallback presentation compiler.
2026.05.30 12:38:53 INFO  no build target found for C:\Users\carol\Desktop\UNIVERSIDAD\SID2\proyectoIntegradorSid\ProyectoSid2-losIlucionistas\src\main\java\co\icesi\UniPlan\service\EventService.java. Using fallback presentation compiler.
2026.05.30 12:38:53 INFO  no build target found for C:\Users\carol\Desktop\UNIVERSIDAD\SID2\proyectoIntegradorSid\ProyectoSid2-losIlucionistas\src\main\java\co\icesi\UniPlan\service\EventService.java. Using fallback presentation compiler.
2026.05.30 12:38:53 INFO  no build target found for C:\Users\carol\Desktop\UNIVERSIDAD\SID2\proyectoIntegradorSid\ProyectoSid2-losIlucionistas\src\main\java\co\icesi\UniPlan\service\EventService.java. Using fallback presentation compiler.
2026.05.30 12:38:54 INFO  no build target found for C:\Users\carol\Desktop\UNIVERSIDAD\SID2\proyectoIntegradorSid\ProyectoSid2-losIlucionistas\src\main\java\co\icesi\UniPlan\service\EventService.java. Using fallback presentation compiler.
2026.05.30 12:38:54 INFO  no build target found for C:\Users\carol\Desktop\UNIVERSIDAD\SID2\proyectoIntegradorSid\ProyectoSid2-losIlucionistas\src\main\java\co\icesi\UniPlan\service\EventService.java. Using fallback presentation compiler.
2026.05.30 12:38:56 INFO  no build target found for C:\Users\carol\Desktop\UNIVERSIDAD\SID2\proyectoIntegradorSid\ProyectoSid2-losIlucionistas\src\main\java\co\icesi\UniPlan\service\EventService.java. Using fallback presentation compiler.
2026.05.30 12:38:56 INFO  no build target found for C:\Users\carol\Desktop\UNIVERSIDAD\SID2\proyectoIntegradorSid\ProyectoSid2-losIlucionistas\src\main\java\co\icesi\UniPlan\service\EventService.java. Using fallback presentation compiler.
2026.05.30 12:38:56 INFO  no build target found for C:\Users\carol\Desktop\UNIVERSIDAD\SID2\proyectoIntegradorSid\ProyectoSid2-losIlucionistas\src\main\java\co\icesi\UniPlan\service\EventService.java. Using fallback presentation compiler.
2026.05.30 12:38:57 INFO  no build target found for C:\Users\carol\Desktop\UNIVERSIDAD\SID2\proyectoIntegradorSid\ProyectoSid2-losIlucionistas\src\main\java\co\icesi\UniPlan\service\EventService.java. Using fallback presentation compiler.
2026.05.30 12:38:57 INFO  no build target found for C:\Users\carol\Desktop\UNIVERSIDAD\SID2\proyectoIntegradorSid\ProyectoSid2-losIlucionistas\src\main\java\co\icesi\UniPlan\service\EventService.java. Using fallback presentation compiler.
2026.05.30 12:38:57 INFO  no build target found for C:\Users\carol\Desktop\UNIVERSIDAD\SID2\proyectoIntegradorSid\ProyectoSid2-losIlucionistas\src\main\java\co\icesi\UniPlan\service\EventService.java. Using fallback presentation compiler.
2026.05.30 12:38:58 INFO  no build target found for C:\Users\carol\Desktop\UNIVERSIDAD\SID2\proyectoIntegradorSid\ProyectoSid2-losIlucionistas\src\main\java\co\icesi\UniPlan\service\EventService.java. Using fallback presentation compiler.
2026.05.30 12:38:58 INFO  no build target found for C:\Users\carol\Desktop\UNIVERSIDAD\SID2\proyectoIntegradorSid\ProyectoSid2-losIlucionistas\src\main\java\co\icesi\UniPlan\service\EventService.java. Using fallback presentation compiler.
2026.05.30 12:38:58 INFO  no build target found for C:\Users\carol\Desktop\UNIVERSIDAD\SID2\proyectoIntegradorSid\ProyectoSid2-losIlucionistas\src\main\java\co\icesi\UniPlan\service\EventService.java. Using fallback presentation compiler.
2026.05.30 12:38:58 INFO  no build target found for C:\Users\carol\Desktop\UNIVERSIDAD\SID2\proyectoIntegradorSid\ProyectoSid2-losIlucionistas\src\main\java\co\icesi\UniPlan\service\EventService.java. Using fallback presentation compiler.
2026.05.30 12:38:59 INFO  no build target found for C:\Users\carol\Desktop\UNIVERSIDAD\SID2\proyectoIntegradorSid\ProyectoSid2-losIlucionistas\src\main\java\co\icesi\UniPlan\service\EventService.java. Using fallback presentation compiler.
2026.05.30 12:38:59 INFO  no build target found for C:\Users\carol\Desktop\UNIVERSIDAD\SID2\proyectoIntegradorSid\ProyectoSid2-losIlucionistas\src\main\java\co\icesi\UniPlan\service\EventService.java. Using fallback presentation compiler.
2026.05.30 12:38:59 INFO  no build target found for C:\Users\carol\Desktop\UNIVERSIDAD\SID2\proyectoIntegradorSid\ProyectoSid2-losIlucionistas\src\main\java\co\icesi\UniPlan\service\EventService.java. Using fallback presentation compiler.
2026.05.30 12:39:01 INFO  no build target found for C:\Users\carol\Desktop\UNIVERSIDAD\SID2\proyectoIntegradorSid\ProyectoSid2-losIlucionistas\src\main\java\co\icesi\UniPlan\service\EventService.java. Using fallback presentation compiler.
2026.05.30 12:39:01 INFO  no build target found for C:\Users\carol\Desktop\UNIVERSIDAD\SID2\proyectoIntegradorSid\ProyectoSid2-losIlucionistas\src\main\java\co\icesi\UniPlan\service\EventService.java. Using fallback presentation compiler.
2026.05.30 12:39:01 INFO  no build target found for C:\Users\carol\Desktop\UNIVERSIDAD\SID2\proyectoIntegradorSid\ProyectoSid2-losIlucionistas\src\main\java\co\icesi\UniPlan\service\EventService.java. Using fallback presentation compiler.
2026.05.30 12:39:02 INFO  no build target found for C:\Users\carol\Desktop\UNIVERSIDAD\SID2\proyectoIntegradorSid\ProyectoSid2-losIlucionistas\src\main\java\co\icesi\UniPlan\service\EventService.java. Using fallback presentation compiler.
2026.05.30 12:39:02 INFO  no build target found for C:\Users\carol\Desktop\UNIVERSIDAD\SID2\proyectoIntegradorSid\ProyectoSid2-losIlucionistas\src\main\java\co\icesi\UniPlan\service\EventService.java. Using fallback presentation compiler.
2026.05.30 12:39:02 INFO  no build target found for C:\Users\carol\Desktop\UNIVERSIDAD\SID2\proyectoIntegradorSid\ProyectoSid2-losIlucionistas\src\main\java\co\icesi\UniPlan\service\EventService.java. Using fallback presentation compiler.
2026.05.30 12:39:04 INFO  no build target found for C:\Users\carol\Desktop\UNIVERSIDAD\SID2\proyectoIntegradorSid\ProyectoSid2-losIlucionistas\src\main\java\co\icesi\UniPlan\service\EventService.java. Using fallback presentation compiler.
2026.05.30 12:39:04 INFO  no build target found for C:\Users\carol\Desktop\UNIVERSIDAD\SID2\proyectoIntegradorSid\ProyectoSid2-losIlucionistas\src\main\java\co\icesi\UniPlan\service\EventService.java. Using fallback presentation compiler.
2026.05.30 12:39:05 INFO  no build target found for C:\Users\carol\Desktop\UNIVERSIDAD\SID2\proyectoIntegradorSid\ProyectoSid2-losIlucionistas\src\main\java\co\icesi\UniPlan\service\EventService.java. Using fallback presentation compiler.
2026.05.30 12:39:05 INFO  no build target found for C:\Users\carol\Desktop\UNIVERSIDAD\SID2\proyectoIntegradorSid\ProyectoSid2-losIlucionistas\src\main\java\co\icesi\UniPlan\service\EventService.java. Using fallback presentation compiler.
2026.05.30 12:39:05 INFO  no build target found for C:\Users\carol\Desktop\UNIVERSIDAD\SID2\proyectoIntegradorSid\ProyectoSid2-losIlucionistas\src\main\java\co\icesi\UniPlan\service\EventService.java. Using fallback presentation compiler.
2026.05.30 12:39:07 INFO  no build target found for C:\Users\carol\Desktop\UNIVERSIDAD\SID2\proyectoIntegradorSid\ProyectoSid2-losIlucionistas\src\main\java\co\icesi\UniPlan\service\EventService.java. Using fallback presentation compiler.
2026.05.30 12:39:07 INFO  no build target found for C:\Users\carol\Desktop\UNIVERSIDAD\SID2\proyectoIntegradorSid\ProyectoSid2-losIlucionistas\src\main\java\co\icesi\UniPlan\service\EventService.java. Using fallback presentation compiler.
2026.05.30 12:39:07 INFO  no build target found for C:\Users\carol\Desktop\UNIVERSIDAD\SID2\proyectoIntegradorSid\ProyectoSid2-losIlucionistas\src\main\java\co\icesi\UniPlan\service\EventService.java. Using fallback presentation compiler.
2026.05.30 12:39:08 INFO  no build target found for C:\Users\carol\Desktop\UNIVERSIDAD\SID2\proyectoIntegradorSid\ProyectoSid2-losIlucionistas\src\main\java\co\icesi\UniPlan\service\EventService.java. Using fallback presentation compiler.
2026.05.30 12:39:12 INFO  no build target found for C:\Users\carol\Desktop\UNIVERSIDAD\SID2\proyectoIntegradorSid\ProyectoSid2-losIlucionistas\src\main\java\co\icesi\UniPlan\service\EventService.java. Using fallback presentation compiler.
2026.05.30 12:40:59 INFO  no build target found for C:\Users\carol\Desktop\UNIVERSIDAD\SID2\proyectoIntegradorSid\ProyectoSid2-losIlucionistas\src\main\java\co\icesi\UniPlan\service\EventService.java. Using fallback presentation compiler.
2026.05.30 12:40:59 INFO  no build target found for C:\Users\carol\Desktop\UNIVERSIDAD\SID2\proyectoIntegradorSid\ProyectoSid2-losIlucionistas\src\main\java\co\icesi\UniPlan\service\EventService.java. Using fallback presentation compiler.
2026.05.30 12:41:00 INFO  no build target found for C:\Users\carol\Desktop\UNIVERSIDAD\SID2\proyectoIntegradorSid\ProyectoSid2-losIlucionistas\src\main\java\co\icesi\UniPlan\service\EventService.java. Using fallback presentation compiler.
2026.05.30 12:42:12 INFO  no build target found for C:\Users\carol\Desktop\UNIVERSIDAD\SID2\proyectoIntegradorSid\ProyectoSid2-losIlucionistas\src\main\java\co\icesi\UniPlan\service\EventService.java. Using fallback presentation compiler.
2026.05.30 12:58:37 INFO  no build target found for C:\Users\carol\Desktop\UNIVERSIDAD\SID2\proyectoIntegradorSid\ProyectoSid2-losIlucionistas\src\main\java\co\icesi\UniPlan\service\EventService.java. Using fallback presentation compiler.
2026.05.30 12:58:39 INFO  no build target found for C:\Users\carol\Desktop\UNIVERSIDAD\SID2\proyectoIntegradorSid\ProyectoSid2-losIlucionistas\src\main\java\co\icesi\UniPlan\service\EventService.java. Using fallback presentation compiler.
2026.05.30 12:58:39 INFO  no build target found for C:\Users\carol\Desktop\UNIVERSIDAD\SID2\proyectoIntegradorSid\ProyectoSid2-losIlucionistas\src\main\java\co\icesi\UniPlan\service\EventService.java. Using fallback presentation compiler.
2026.05.30 12:58:43 INFO  no build target found for C:\Users\carol\Desktop\UNIVERSIDAD\SID2\proyectoIntegradorSid\ProyectoSid2-losIlucionistas\src\main\java\co\icesi\UniPlan\service\EventService.java. Using fallback presentation compiler.
may 30, 2026 12:58:43 P. M. org.eclipse.lsp4j.jsonrpc.RemoteEndpoint handleCancellation
WARNING: Unmatched cancel notification for request id 775
2026.05.30 12:58:44 INFO  no build target found for C:\Users\carol\Desktop\UNIVERSIDAD\SID2\proyectoIntegradorSid\ProyectoSid2-losIlucionistas\src\main\java\co\icesi\UniPlan\service\EventService.java. Using fallback presentation compiler.
2026.05.30 12:59:21 INFO  no build target found for C:\Users\carol\Desktop\UNIVERSIDAD\SID2\proyectoIntegradorSid\ProyectoSid2-losIlucionistas\src\main\java\co\icesi\UniPlan\service\EventService.java. Using fallback presentation compiler.
2026.05.30 12:59:29 INFO  no build target found for C:\Users\carol\Desktop\UNIVERSIDAD\SID2\proyectoIntegradorSid\ProyectoSid2-losIlucionistas\src\main\java\co\icesi\UniPlan\service\EventService.java. Using fallback presentation compiler.
2026.05.30 12:59:33 INFO  no build target found for C:\Users\carol\Desktop\UNIVERSIDAD\SID2\proyectoIntegradorSid\ProyectoSid2-losIlucionistas\src\main\java\co\icesi\UniPlan\service\EventService.java. Using fallback presentation compiler.
2026.05.30 12:59:39 INFO  no build target found for C:\Users\carol\Desktop\UNIVERSIDAD\SID2\proyectoIntegradorSid\ProyectoSid2-losIlucionistas\src\main\java\co\icesi\UniPlan\service\EventService.java. Using fallback presentation compiler.
2026.05.30 12:59:51 INFO  no build target found for C:\Users\carol\Desktop\UNIVERSIDAD\SID2\proyectoIntegradorSid\ProyectoSid2-losIlucionistas\src\main\java\co\icesi\UniPlan\service\EventService.java. Using fallback presentation compiler.
2026.05.30 13:01:31 INFO  no build target found for C:\Users\carol\Desktop\UNIVERSIDAD\SID2\proyectoIntegradorSid\ProyectoSid2-losIlucionistas\src\main\java\co\icesi\UniPlan\controller\api\EventController.java. Using fallback presentation compiler.
2026.05.30 13:01:31 WARN  no build target for: C:\Users\carol\Desktop\UNIVERSIDAD\SID2\proyectoIntegradorSid\ProyectoSid2-losIlucionistas\src\main\java\co\icesi\UniPlan\controller\api\EventController.java
2026.05.30 13:01:31 INFO  no build target found for C:\Users\carol\Desktop\UNIVERSIDAD\SID2\proyectoIntegradorSid\ProyectoSid2-losIlucionistas\src\main\java\co\icesi\UniPlan\controller\api\EventController.java. Using fallback presentation compiler.
may 30, 2026 1:01:31 P. M. org.eclipse.lsp4j.jsonrpc.RemoteEndpoint handleCancellation
WARNING: Unmatched cancel notification for request id 862
2026.05.30 13:01:31 INFO  no build target found for C:\Users\carol\Desktop\UNIVERSIDAD\SID2\proyectoIntegradorSid\ProyectoSid2-losIlucionistas\src\main\java\co\icesi\UniPlan\controller\api\EventController.java. Using fallback presentation compiler.
2026.05.30 13:01:31 INFO  no build target found for C:\Users\carol\Desktop\UNIVERSIDAD\SID2\proyectoIntegradorSid\ProyectoSid2-losIlucionistas\src\main\java\co\icesi\UniPlan\controller\api\EventController.java. Using fallback presentation compiler.
2026.05.30 13:01:31 INFO  no build target found for C:\Users\carol\Desktop\UNIVERSIDAD\SID2\proyectoIntegradorSid\ProyectoSid2-losIlucionistas\src\main\java\co\icesi\UniPlan\controller\api\EventController.java. Using fallback presentation compiler.
2026.05.30 13:01:32 INFO  no build target found for C:\Users\carol\Desktop\UNIVERSIDAD\SID2\proyectoIntegradorSid\ProyectoSid2-losIlucionistas\src\main\java\co\icesi\UniPlan\controller\api\EventController.java. Using fallback presentation compiler.
2026.05.30 13:01:48 INFO  no build target found for C:\Users\carol\Desktop\UNIVERSIDAD\SID2\proyectoIntegradorSid\ProyectoSid2-losIlucionistas\src\main\java\co\icesi\UniPlan\controller\EventViewController.java. Using fallback presentation compiler.
2026.05.30 13:01:48 WARN  no build target for: C:\Users\carol\Desktop\UNIVERSIDAD\SID2\proyectoIntegradorSid\ProyectoSid2-losIlucionistas\src\main\java\co\icesi\UniPlan\controller\EventViewController.java
2026.05.30 13:01:48 INFO  no build target found for C:\Users\carol\Desktop\UNIVERSIDAD\SID2\proyectoIntegradorSid\ProyectoSid2-losIlucionistas\src\main\java\co\icesi\UniPlan\controller\EventViewController.java. Using fallback presentation compiler.
2026.05.30 13:01:48 INFO  no build target found for C:\Users\carol\Desktop\UNIVERSIDAD\SID2\proyectoIntegradorSid\ProyectoSid2-losIlucionistas\src\main\java\co\icesi\UniPlan\controller\EventViewController.java. Using fallback presentation compiler.
2026.05.30 13:01:50 INFO  no build target found for C:\Users\carol\Desktop\UNIVERSIDAD\SID2\proyectoIntegradorSid\ProyectoSid2-losIlucionistas\src\main\java\co\icesi\UniPlan\controller\EventViewController.java. Using fallback presentation compiler.
2026.05.30 13:01:50 INFO  no build target found for C:\Users\carol\Desktop\UNIVERSIDAD\SID2\proyectoIntegradorSid\ProyectoSid2-losIlucionistas\src\main\java\co\icesi\UniPlan\controller\EventViewController.java. Using fallback presentation compiler.
2026.05.30 13:01:54 INFO  no build target found for C:\Users\carol\Desktop\UNIVERSIDAD\SID2\proyectoIntegradorSid\ProyectoSid2-losIlucionistas\src\main\java\co\icesi\UniPlan\controller\EventViewController.java. Using fallback presentation compiler.
2026.05.30 13:01:56 INFO  no build target found for C:\Users\carol\Desktop\UNIVERSIDAD\SID2\proyectoIntegradorSid\ProyectoSid2-losIlucionistas\src\main\java\co\icesi\UniPlan\controller\EventViewController.java. Using fallback presentation compiler.
2026.05.30 13:01:59 INFO  no build target found for C:\Users\carol\Desktop\UNIVERSIDAD\SID2\proyectoIntegradorSid\ProyectoSid2-losIlucionistas\src\main\java\co\icesi\UniPlan\controller\EventViewController.java. Using fallback presentation compiler.
2026.05.30 13:05:13 INFO  no build target found for C:\Users\carol\Desktop\UNIVERSIDAD\SID2\proyectoIntegradorSid\ProyectoSid2-losIlucionistas\src\main\java\co\icesi\UniPlan\model\Program.java. Using fallback presentation compiler.
2026.05.30 13:05:14 INFO  no build target found for C:\Users\carol\Desktop\UNIVERSIDAD\SID2\proyectoIntegradorSid\ProyectoSid2-losIlucionistas\src\main\java\co\icesi\UniPlan\model\Program.java. Using fallback presentation compiler.
may 30, 2026 1:05:14 P. M. org.eclipse.lsp4j.jsonrpc.RemoteEndpoint handleCancellation
WARNING: Unmatched cancel notification for request id 893
2026.05.30 13:05:13 INFO  no build target found for C:\Users\carol\Desktop\UNIVERSIDAD\SID2\proyectoIntegradorSid\ProyectoSid2-losIlucionistas\src\main\java\co\icesi\UniPlan\model\Program.java. Using fallback presentation compiler.
2026.05.30 13:05:15 INFO  no build target found for C:\Users\carol\Desktop\UNIVERSIDAD\SID2\proyectoIntegradorSid\ProyectoSid2-losIlucionistas\src\main\java\co\icesi\UniPlan\model\Program.java. Using fallback presentation compiler.
2026.05.30 13:14:11 INFO  no build target found for C:\Users\carol\Desktop\UNIVERSIDAD\SID2\proyectoIntegradorSid\ProyectoSid2-losIlucionistas\src\main\java\co\icesi\UniPlan\model\Program.java. Using fallback presentation compiler.
2026.05.30 13:14:11 INFO  no build target found for C:\Users\carol\Desktop\UNIVERSIDAD\SID2\proyectoIntegradorSid\ProyectoSid2-losIlucionistas\src\main\java\co\icesi\UniPlan\dto\EventEnrollmentRequest.java. Using fallback presentation compiler.
2026.05.30 13:14:11 INFO  no build target found for C:\Users\carol\Desktop\UNIVERSIDAD\SID2\proyectoIntegradorSid\ProyectoSid2-losIlucionistas\src\main\java\co\icesi\UniPlan\dto\EventEnrollmentRequest.java. Using fallback presentation compiler.
may 30, 2026 1:14:11 P. M. org.eclipse.lsp4j.jsonrpc.RemoteEndpoint handleCancellation
WARNING: Unmatched cancel notification for request id 905
2026.05.30 13:14:11 INFO  no build target found for C:\Users\carol\Desktop\UNIVERSIDAD\SID2\proyectoIntegradorSid\ProyectoSid2-losIlucionistas\src\main\java\co\icesi\UniPlan\dto\EventEnrollmentRequest.java. Using fallback presentation compiler.
2026.05.30 13:14:23 INFO  no build target found for C:\Users\carol\Desktop\UNIVERSIDAD\SID2\proyectoIntegradorSid\ProyectoSid2-losIlucionistas\src\main\java\co\icesi\UniPlan\controller\api\EventController.java. Using fallback presentation compiler.
2026.05.30 13:14:23 WARN  no build target for: C:\Users\carol\Desktop\UNIVERSIDAD\SID2\proyectoIntegradorSid\ProyectoSid2-losIlucionistas\src\main\java\co\icesi\UniPlan\controller\api\EventController.java
2026.05.30 13:14:23 INFO  no build target found for C:\Users\carol\Desktop\UNIVERSIDAD\SID2\proyectoIntegradorSid\ProyectoSid2-losIlucionistas\src\main\java\co\icesi\UniPlan\controller\api\EventController.java. Using fallback presentation compiler.
2026.05.30 13:14:23 INFO  no build target found for C:\Users\carol\Desktop\UNIVERSIDAD\SID2\proyectoIntegradorSid\ProyectoSid2-losIlucionistas\src\main\java\co\icesi\UniPlan\controller\api\EventController.java. Using fallback presentation compiler.
2026.05.30 13:14:23 INFO  no build target found for C:\Users\carol\Desktop\UNIVERSIDAD\SID2\proyectoIntegradorSid\ProyectoSid2-losIlucionistas\src\main\java\co\icesi\UniPlan\controller\api\EventController.java. Using fallback presentation compiler.
2026.05.30 13:14:23 INFO  no build target found for C:\Users\carol\Desktop\UNIVERSIDAD\SID2\proyectoIntegradorSid\ProyectoSid2-losIlucionistas\src\main\java\co\icesi\UniPlan\controller\api\EventController.java. Using fallback presentation compiler.
2026.05.30 13:14:24 INFO  no build target found for C:\Users\carol\Desktop\UNIVERSIDAD\SID2\proyectoIntegradorSid\ProyectoSid2-losIlucionistas\src\main\java\co\icesi\UniPlan\controller\api\EventController.java. Using fallback presentation compiler.
2026.05.30 13:14:24 INFO  no build target found for C:\Users\carol\Desktop\UNIVERSIDAD\SID2\proyectoIntegradorSid\ProyectoSid2-losIlucionistas\src\main\java\co\icesi\UniPlan\controller\api\EventController.java. Using fallback presentation compiler.
2026.05.30 13:14:30 INFO  no build target found for C:\Users\carol\Desktop\UNIVERSIDAD\SID2\proyectoIntegradorSid\ProyectoSid2-losIlucionistas\src\main\java\co\icesi\UniPlan\controller\api\EventController.java. Using fallback presentation compiler.
2026.05.30 13:14:30 INFO  no build target found for C:\Users\carol\Desktop\UNIVERSIDAD\SID2\proyectoIntegradorSid\ProyectoSid2-losIlucionistas\src\main\java\co\icesi\UniPlan\controller\api\EventController.java. Using fallback presentation compiler.
2026.05.30 13:14:33 INFO  no build target found for C:\Users\carol\Desktop\UNIVERSIDAD\SID2\proyectoIntegradorSid\ProyectoSid2-losIlucionistas\src\main\java\co\icesi\UniPlan\controller\api\EventController.java. Using fallback presentation compiler.
2026.05.30 13:14:45 INFO  no build target found for C:\Users\carol\Desktop\UNIVERSIDAD\SID2\proyectoIntegradorSid\ProyectoSid2-losIlucionistas\src\main\java\co\icesi\UniPlan\controller\EventViewController.java. Using fallback presentation compiler.
2026.05.30 13:14:45 WARN  no build target for: C:\Users\carol\Desktop\UNIVERSIDAD\SID2\proyectoIntegradorSid\ProyectoSid2-losIlucionistas\src\main\java\co\icesi\UniPlan\controller\EventViewController.java
2026.05.30 13:14:45 INFO  no build target found for C:\Users\carol\Desktop\UNIVERSIDAD\SID2\proyectoIntegradorSid\ProyectoSid2-losIlucionistas\src\main\java\co\icesi\UniPlan\controller\EventViewController.java. Using fallback presentation compiler.
2026.05.30 13:14:45 INFO  no build target found for C:\Users\carol\Desktop\UNIVERSIDAD\SID2\proyectoIntegradorSid\ProyectoSid2-losIlucionistas\src\main\java\co\icesi\UniPlan\controller\EventViewController.java. Using fallback presentation compiler.
2026.05.30 13:14:45 INFO  no build target found for C:\Users\carol\Desktop\UNIVERSIDAD\SID2\proyectoIntegradorSid\ProyectoSid2-losIlucionistas\src\main\java\co\icesi\UniPlan\controller\EventViewController.java. Using fallback presentation compiler.
2026.05.30 13:14:49 INFO  no build target found for C:\Users\carol\Desktop\UNIVERSIDAD\SID2\proyectoIntegradorSid\ProyectoSid2-losIlucionistas\src\main\java\co\icesi\UniPlan\controller\EventViewController.java. Using fallback presentation compiler.
2026.05.30 13:14:49 INFO  no build target found for C:\Users\carol\Desktop\UNIVERSIDAD\SID2\proyectoIntegradorSid\ProyectoSid2-losIlucionistas\src\main\java\co\icesi\UniPlan\controller\EventViewController.java. Using fallback presentation compiler.
2026.05.30 13:14:52 INFO  no build target found for C:\Users\carol\Desktop\UNIVERSIDAD\SID2\proyectoIntegradorSid\ProyectoSid2-losIlucionistas\src\main\java\co\icesi\UniPlan\controller\EventViewController.java. Using fallback presentation compiler.
2026.05.30 13:14:52 INFO  no build target found for C:\Users\carol\Desktop\UNIVERSIDAD\SID2\proyectoIntegradorSid\ProyectoSid2-losIlucionistas\src\main\java\co\icesi\UniPlan\controller\EventViewController.java. Using fallback presentation compiler.
2026.05.30 13:15:07 INFO  no build target found for C:\Users\carol\Desktop\UNIVERSIDAD\SID2\proyectoIntegradorSid\ProyectoSid2-losIlucionistas\src\main\java\co\icesi\UniPlan\controller\EventViewController.java. Using fallback presentation compiler.
2026.05.30 13:15:07 INFO  no build target found for C:\Users\carol\Desktop\UNIVERSIDAD\SID2\proyectoIntegradorSid\ProyectoSid2-losIlucionistas\src\main\java\co\icesi\UniPlan\controller\EventViewController.java. Using fallback presentation compiler.
2026.05.30 13:15:08 INFO  no build target found for C:\Users\carol\Desktop\UNIVERSIDAD\SID2\proyectoIntegradorSid\ProyectoSid2-losIlucionistas\src\main\java\co\icesi\UniPlan\controller\EventViewController.java. Using fallback presentation compiler.
2026.05.30 13:15:08 INFO  no build target found for C:\Users\carol\Desktop\UNIVERSIDAD\SID2\proyectoIntegradorSid\ProyectoSid2-losIlucionistas\src\main\java\co\icesi\UniPlan\controller\EventViewController.java. Using fallback presentation compiler.
2026.05.30 13:15:08 INFO  no build target found for C:\Users\carol\Desktop\UNIVERSIDAD\SID2\proyectoIntegradorSid\ProyectoSid2-losIlucionistas\src\main\java\co\icesi\UniPlan\controller\EventViewController.java. Using fallback presentation compiler.
may 30, 2026 1:15:09 P. M. org.eclipse.lsp4j.jsonrpc.RemoteEndpoint handleCancellation
WARNING: Unmatched cancel notification for request id 1007
2026.05.30 13:15:10 INFO  no build target found for C:\Users\carol\Desktop\UNIVERSIDAD\SID2\proyectoIntegradorSid\ProyectoSid2-losIlucionistas\src\main\java\co\icesi\UniPlan\controller\EventViewController.java. Using fallback presentation compiler.
2026.05.30 13:15:11 INFO  no build target found for C:\Users\carol\Desktop\UNIVERSIDAD\SID2\proyectoIntegradorSid\ProyectoSid2-losIlucionistas\src\main\java\co\icesi\UniPlan\controller\EventViewController.java. Using fallback presentation compiler.
2026.05.30 13:15:14 INFO  no build target found for C:\Users\carol\Desktop\UNIVERSIDAD\SID2\proyectoIntegradorSid\ProyectoSid2-losIlucionistas\src\main\java\co\icesi\UniPlan\controller\EventViewController.java. Using fallback presentation compiler.
2026.05.30 13:15:14 INFO  no build target found for C:\Users\carol\Desktop\UNIVERSIDAD\SID2\proyectoIntegradorSid\ProyectoSid2-losIlucionistas\src\main\java\co\icesi\UniPlan\controller\EventViewController.java. Using fallback presentation compiler.
2026.05.30 13:15:15 INFO  no build target found for C:\Users\carol\Desktop\UNIVERSIDAD\SID2\proyectoIntegradorSid\ProyectoSid2-losIlucionistas\src\main\java\co\icesi\UniPlan\controller\EventViewController.java. Using fallback presentation compiler.
2026.05.30 13:15:15 INFO  no build target found for C:\Users\carol\Desktop\UNIVERSIDAD\SID2\proyectoIntegradorSid\ProyectoSid2-losIlucionistas\src\main\java\co\icesi\UniPlan\controller\EventViewController.java. Using fallback presentation compiler.
2026.05.30 13:15:15 INFO  no build target found for C:\Users\carol\Desktop\UNIVERSIDAD\SID2\proyectoIntegradorSid\ProyectoSid2-losIlucionistas\src\main\java\co\icesi\UniPlan\controller\EventViewController.java. Using fallback presentation compiler.
2026.05.30 13:15:41 INFO  no build target found for C:\Users\carol\Desktop\UNIVERSIDAD\SID2\proyectoIntegradorSid\ProyectoSid2-losIlucionistas\src\main\java\co\icesi\UniPlan\controller\EventViewController.java. Using fallback presentation compiler.
2026.05.30 13:15:41 INFO  no build target found for C:\Users\carol\Desktop\UNIVERSIDAD\SID2\proyectoIntegradorSid\ProyectoSid2-losIlucionistas\src\main\java\co\icesi\UniPlan\controller\EventViewController.java. Using fallback presentation compiler.
2026.05.30 13:15:42 INFO  no build target found for C:\Users\carol\Desktop\UNIVERSIDAD\SID2\proyectoIntegradorSid\ProyectoSid2-losIlucionistas\src\main\java\co\icesi\UniPlan\controller\EventViewController.java. Using fallback presentation compiler.
2026.05.30 13:15:45 INFO  no build target found for C:\Users\carol\Desktop\UNIVERSIDAD\SID2\proyectoIntegradorSid\ProyectoSid2-losIlucionistas\src\main\java\co\icesi\UniPlan\controller\EventViewController.java. Using fallback presentation compiler.
2026.05.30 13:15:53 INFO  no build target found for C:\Users\carol\Desktop\UNIVERSIDAD\SID2\proyectoIntegradorSid\ProyectoSid2-losIlucionistas\src\main\java\co\icesi\UniPlan\controller\EventViewController.java. Using fallback presentation compiler.
2026.05.30 13:15:55 INFO  no build target found for C:\Users\carol\Desktop\UNIVERSIDAD\SID2\proyectoIntegradorSid\ProyectoSid2-losIlucionistas\src\main\java\co\icesi\UniPlan\controller\EventViewController.java. Using fallback presentation compiler.
2026.05.30 13:15:58 INFO  no build target found for C:\Users\carol\Desktop\UNIVERSIDAD\SID2\proyectoIntegradorSid\ProyectoSid2-losIlucionistas\src\main\java\co\icesi\UniPlan\controller\EventViewController.java. Using fallback presentation compiler.
2026.05.30 13:16:06 INFO  no build target found for C:\Users\carol\Desktop\UNIVERSIDAD\SID2\proyectoIntegradorSid\ProyectoSid2-losIlucionistas\src\main\java\co\icesi\UniPlan\controller\EventViewController.java. Using fallback presentation compiler.
2026.05.30 13:16:06 INFO  no build target found for C:\Users\carol\Desktop\UNIVERSIDAD\SID2\proyectoIntegradorSid\ProyectoSid2-losIlucionistas\src\main\java\co\icesi\UniPlan\controller\EventViewController.java. Using fallback presentation compiler.
2026.05.30 13:16:09 INFO  no build target found for C:\Users\carol\Desktop\UNIVERSIDAD\SID2\proyectoIntegradorSid\ProyectoSid2-losIlucionistas\src\main\java\co\icesi\UniPlan\controller\EventViewController.java. Using fallback presentation compiler.
2026.05.30 13:16:10 INFO  no build target found for C:\Users\carol\Desktop\UNIVERSIDAD\SID2\proyectoIntegradorSid\ProyectoSid2-losIlucionistas\src\main\java\co\icesi\UniPlan\controller\EventViewController.java. Using fallback presentation compiler.
2026.05.30 13:16:10 INFO  no build target found for C:\Users\carol\Desktop\UNIVERSIDAD\SID2\proyectoIntegradorSid\ProyectoSid2-losIlucionistas\src\main\java\co\icesi\UniPlan\controller\EventViewController.java. Using fallback presentation compiler.
2026.05.30 13:16:12 INFO  no build target found for C:\Users\carol\Desktop\UNIVERSIDAD\SID2\proyectoIntegradorSid\ProyectoSid2-losIlucionistas\src\main\java\co\icesi\UniPlan\controller\EventViewController.java. Using fallback presentation compiler.
2026.05.30 13:16:18 INFO  no build target found for C:\Users\carol\Desktop\UNIVERSIDAD\SID2\proyectoIntegradorSid\ProyectoSid2-losIlucionistas\src\main\java\co\icesi\UniPlan\controller\EventViewController.java. Using fallback presentation compiler.
2026.05.30 13:16:27 INFO  no build target found for C:\Users\carol\Desktop\UNIVERSIDAD\SID2\proyectoIntegradorSid\ProyectoSid2-losIlucionistas\src\main\java\co\icesi\UniPlan\dto\EventEnrollmentRequest.java. Using fallback presentation compiler.
2026.05.30 13:16:27 INFO  no build target found for C:\Users\carol\Desktop\UNIVERSIDAD\SID2\proyectoIntegradorSid\ProyectoSid2-losIlucionistas\src\main\java\co\icesi\UniPlan\service\EventService.java. Using fallback presentation compiler.
2026.05.30 13:16:27 INFO  no build target found for C:\Users\carol\Desktop\UNIVERSIDAD\SID2\proyectoIntegradorSid\ProyectoSid2-losIlucionistas\src\main\java\co\icesi\UniPlan\service\EventService.java. Using fallback presentation compiler.
2026.05.30 13:16:27 INFO  no build target found for C:\Users\carol\Desktop\UNIVERSIDAD\SID2\proyectoIntegradorSid\ProyectoSid2-losIlucionistas\src\main\java\co\icesi\UniPlan\service\EventService.java. Using fallback presentation compiler.
2026.05.30 13:16:27 INFO  no build target found for C:\Users\carol\Desktop\UNIVERSIDAD\SID2\proyectoIntegradorSid\ProyectoSid2-losIlucionistas\src\main\java\co\icesi\UniPlan\service\EventService.java. Using fallback presentation compiler.
2026.05.30 13:16:29 INFO  no build target found for C:\Users\carol\Desktop\UNIVERSIDAD\SID2\proyectoIntegradorSid\ProyectoSid2-losIlucionistas\src\main\java\co\icesi\UniPlan\service\EventService.java. Using fallback presentation compiler.
2026.05.30 13:16:35 INFO  no build target found for C:\Users\carol\Desktop\UNIVERSIDAD\SID2\proyectoIntegradorSid\ProyectoSid2-losIlucionistas\src\main\java\co\icesi\UniPlan\service\EventService.java. Using fallback presentation compiler.
2026.05.30 13:16:43 INFO  no build target found for C:\Users\carol\Desktop\UNIVERSIDAD\SID2\proyectoIntegradorSid\ProyectoSid2-losIlucionistas\src\main\java\co\icesi\UniPlan\service\EventService.java. Using fallback presentation compiler.
2026.05.30 13:16:43 INFO  no build target found for C:\Users\carol\Desktop\UNIVERSIDAD\SID2\proyectoIntegradorSid\ProyectoSid2-losIlucionistas\src\main\java\co\icesi\UniPlan\service\EventService.java. Using fallback presentation compiler.
2026.05.30 13:16:45 INFO  no build target found for C:\Users\carol\Desktop\UNIVERSIDAD\SID2\proyectoIntegradorSid\ProyectoSid2-losIlucionistas\src\main\java\co\icesi\UniPlan\service\EventService.java. Using fallback presentation compiler.
2026.05.30 13:16:45 INFO  no build target found for C:\Users\carol\Desktop\UNIVERSIDAD\SID2\proyectoIntegradorSid\ProyectoSid2-losIlucionistas\src\main\java\co\icesi\UniPlan\service\EventService.java. Using fallback presentation compiler.
2026.05.30 13:16:55 INFO  no build target found for C:\Users\carol\Desktop\UNIVERSIDAD\SID2\proyectoIntegradorSid\ProyectoSid2-losIlucionistas\src\main\java\co\icesi\UniPlan\service\EventService.java. Using fallback presentation compiler.
2026.05.30 13:16:55 INFO  no build target found for C:\Users\carol\Desktop\UNIVERSIDAD\SID2\proyectoIntegradorSid\ProyectoSid2-losIlucionistas\src\main\java\co\icesi\UniPlan\service\EventService.java. Using fallback presentation compiler.
2026.05.30 13:16:55 INFO  no build target found for C:\Users\carol\Desktop\UNIVERSIDAD\SID2\proyectoIntegradorSid\ProyectoSid2-losIlucionistas\src\main\java\co\icesi\UniPlan\service\EventService.java. Using fallback presentation compiler.
2026.05.30 13:22:34 INFO  no build target found for C:\Users\carol\Desktop\UNIVERSIDAD\SID2\proyectoIntegradorSid\ProyectoSid2-losIlucionistas\src\main\java\co\icesi\UniPlan\controller\EventViewController.java. Using fallback presentation compiler.
2026.05.30 13:22:34 WARN  no build target for: C:\Users\carol\Desktop\UNIVERSIDAD\SID2\proyectoIntegradorSid\ProyectoSid2-losIlucionistas\src\main\java\co\icesi\UniPlan\controller\EventViewController.java
2026.05.30 13:22:34 INFO  no build target found for C:\Users\carol\Desktop\UNIVERSIDAD\SID2\proyectoIntegradorSid\ProyectoSid2-losIlucionistas\src\main\java\co\icesi\UniPlan\controller\EventViewController.java. Using fallback presentation compiler.
2026.05.30 13:22:34 INFO  no build target found for C:\Users\carol\Desktop\UNIVERSIDAD\SID2\proyectoIntegradorSid\ProyectoSid2-losIlucionistas\src\main\java\co\icesi\UniPlan\controller\EventViewController.java. Using fallback presentation compiler.
2026.05.30 13:22:34 INFO  no build target found for C:\Users\carol\Desktop\UNIVERSIDAD\SID2\proyectoIntegradorSid\ProyectoSid2-losIlucionistas\src\main\java\co\icesi\UniPlan\controller\EventViewController.java. Using fallback presentation compiler.
2026.05.30 13:22:34 INFO  no build target found for C:\Users\carol\Desktop\UNIVERSIDAD\SID2\proyectoIntegradorSid\ProyectoSid2-losIlucionistas\src\main\java\co\icesi\UniPlan\controller\EventViewController.java. Using fallback presentation compiler.
2026.05.30 13:22:44 INFO  no build target found for C:\Users\carol\Desktop\UNIVERSIDAD\SID2\proyectoIntegradorSid\ProyectoSid2-losIlucionistas\src\main\java\co\icesi\UniPlan\controller\EventViewController.java. Using fallback presentation compiler.
2026.05.30 13:22:44 INFO  no build target found for C:\Users\carol\Desktop\UNIVERSIDAD\SID2\proyectoIntegradorSid\ProyectoSid2-losIlucionistas\src\main\java\co\icesi\UniPlan\controller\EventViewController.java. Using fallback presentation compiler.
2026.05.30 13:22:44 INFO  no build target found for C:\Users\carol\Desktop\UNIVERSIDAD\SID2\proyectoIntegradorSid\ProyectoSid2-losIlucionistas\src\main\java\co\icesi\UniPlan\controller\EventViewController.java. Using fallback presentation compiler.
2026.05.30 13:22:46 INFO  no build target found for C:\Users\carol\Desktop\UNIVERSIDAD\SID2\proyectoIntegradorSid\ProyectoSid2-losIlucionistas\src\main\java\co\icesi\UniPlan\controller\EventViewController.java. Using fallback presentation compiler.
2026.05.30 13:22:46 INFO  no build target found for C:\Users\carol\Desktop\UNIVERSIDAD\SID2\proyectoIntegradorSid\ProyectoSid2-losIlucionistas\src\main\java\co\icesi\UniPlan\controller\EventViewController.java. Using fallback presentation compiler.
2026.05.30 13:22:47 WARN  no build target for: C:\Users\carol\Desktop\UNIVERSIDAD\SID2\proyectoIntegradorSid\ProyectoSid2-losIlucionistas\src\main\java\co\icesi\UniPlan\controller\EventViewController.java
2026.05.30 13:22:47 INFO  no build target found for C:\Users\carol\Desktop\UNIVERSIDAD\SID2\proyectoIntegradorSid\ProyectoSid2-losIlucionistas\src\main\java\co\icesi\UniPlan\controller\EventViewController.java. Using fallback presentation compiler.
2026.05.30 13:22:48 INFO  no build target found for C:\Users\carol\Desktop\UNIVERSIDAD\SID2\proyectoIntegradorSid\ProyectoSid2-losIlucionistas\src\main\java\co\icesi\UniPlan\controller\EventViewController.java. Using fallback presentation compiler.
2026.05.30 13:22:48 INFO  no build target found for C:\Users\carol\Desktop\UNIVERSIDAD\SID2\proyectoIntegradorSid\ProyectoSid2-losIlucionistas\src\main\java\co\icesi\UniPlan\controller\EventViewController.java. Using fallback presentation compiler.
2026.05.30 13:22:48 INFO  no build target found for C:\Users\carol\Desktop\UNIVERSIDAD\SID2\proyectoIntegradorSid\ProyectoSid2-losIlucionistas\src\main\java\co\icesi\UniPlan\controller\EventViewController.java. Using fallback presentation compiler.
2026.05.30 13:22:48 INFO  no build target found for C:\Users\carol\Desktop\UNIVERSIDAD\SID2\proyectoIntegradorSid\ProyectoSid2-losIlucionistas\src\main\java\co\icesi\UniPlan\controller\EventViewController.java. Using fallback presentation compiler.
2026.05.30 13:22:48 INFO  no build target found for C:\Users\carol\Desktop\UNIVERSIDAD\SID2\proyectoIntegradorSid\ProyectoSid2-losIlucionistas\src\main\java\co\icesi\UniPlan\controller\EventViewController.java. Using fallback presentation compiler.
2026.05.30 13:22:49 WARN  no build target for: C:\Users\carol\Desktop\UNIVERSIDAD\SID2\proyectoIntegradorSid\ProyectoSid2-losIlucionistas\src\main\java\co\icesi\UniPlan\controller\EventViewController.java
2026.05.30 13:22:49 INFO  no build target found for C:\Users\carol\Desktop\UNIVERSIDAD\SID2\proyectoIntegradorSid\ProyectoSid2-losIlucionistas\src\main\java\co\icesi\UniPlan\controller\EventViewController.java. Using fallback presentation compiler.
2026.05.30 13:22:49 INFO  no build target found for C:\Users\carol\Desktop\UNIVERSIDAD\SID2\proyectoIntegradorSid\ProyectoSid2-losIlucionistas\src\main\java\co\icesi\UniPlan\controller\EventViewController.java. Using fallback presentation compiler.
2026.05.30 13:22:49 INFO  no build target found for C:\Users\carol\Desktop\UNIVERSIDAD\SID2\proyectoIntegradorSid\ProyectoSid2-losIlucionistas\src\main\java\co\icesi\UniPlan\controller\EventViewController.java. Using fallback presentation compiler.
2026.05.30 13:22:50 INFO  no build target found for C:\Users\carol\Desktop\UNIVERSIDAD\SID2\proyectoIntegradorSid\ProyectoSid2-losIlucionistas\src\main\java\co\icesi\UniPlan\controller\EventViewController.java. Using fallback presentation compiler.
2026.05.30 13:22:50 INFO  no build target found for C:\Users\carol\Desktop\UNIVERSIDAD\SID2\proyectoIntegradorSid\ProyectoSid2-losIlucionistas\src\main\java\co\icesi\UniPlan\controller\EventViewController.java. Using fallback presentation compiler.
2026.05.30 13:22:50 INFO  no build target found for C:\Users\carol\Desktop\UNIVERSIDAD\SID2\proyectoIntegradorSid\ProyectoSid2-losIlucionistas\src\main\java\co\icesi\UniPlan\controller\EventViewController.java. Using fallback presentation compiler.
2026.05.30 13:22:50 INFO  no build target found for C:\Users\carol\Desktop\UNIVERSIDAD\SID2\proyectoIntegradorSid\ProyectoSid2-losIlucionistas\src\main\java\co\icesi\UniPlan\controller\EventViewController.java. Using fallback presentation compiler.
2026.05.30 13:22:52 INFO  no build target found for C:\Users\carol\Desktop\UNIVERSIDAD\SID2\proyectoIntegradorSid\ProyectoSid2-losIlucionistas\src\main\java\co\icesi\UniPlan\controller\EventViewController.java. Using fallback presentation compiler.
2026.05.30 13:22:56 INFO  no build target found for C:\Users\carol\Desktop\UNIVERSIDAD\SID2\proyectoIntegradorSid\ProyectoSid2-losIlucionistas\src\main\java\co\icesi\UniPlan\controller\EventViewController.java. Using fallback presentation compiler.
2026.05.30 13:22:57 INFO  no build target found for C:\Users\carol\Desktop\UNIVERSIDAD\SID2\proyectoIntegradorSid\ProyectoSid2-losIlucionistas\src\main\java\co\icesi\UniPlan\controller\EventViewController.java. Using fallback presentation compiler.
2026.05.30 13:22:57 INFO  no build target found for C:\Users\carol\Desktop\UNIVERSIDAD\SID2\proyectoIntegradorSid\ProyectoSid2-losIlucionistas\src\main\java\co\icesi\UniPlan\controller\EventViewController.java. Using fallback presentation compiler.
2026.05.30 13:23:08 INFO  no build target found for C:\Users\carol\Desktop\UNIVERSIDAD\SID2\proyectoIntegradorSid\ProyectoSid2-losIlucionistas\src\main\java\co\icesi\UniPlan\controller\EventViewController.java. Using fallback presentation compiler.
2026.05.30 13:23:08 INFO  no build target found for C:\Users\carol\Desktop\UNIVERSIDAD\SID2\proyectoIntegradorSid\ProyectoSid2-losIlucionistas\src\main\java\co\icesi\UniPlan\controller\EventViewController.java. Using fallback presentation compiler.
2026.05.30 13:23:08 INFO  no build target found for C:\Users\carol\Desktop\UNIVERSIDAD\SID2\proyectoIntegradorSid\ProyectoSid2-losIlucionistas\src\main\java\co\icesi\UniPlan\controller\EventViewController.java. Using fallback presentation compiler.
2026.05.30 13:23:13 INFO  no build target found for C:\Users\carol\Desktop\UNIVERSIDAD\SID2\proyectoIntegradorSid\ProyectoSid2-losIlucionistas\src\main\java\co\icesi\UniPlan\controller\EventViewController.java. Using fallback presentation compiler.
2026.05.30 13:23:13 INFO  no build target found for C:\Users\carol\Desktop\UNIVERSIDAD\SID2\proyectoIntegradorSid\ProyectoSid2-losIlucionistas\src\main\java\co\icesi\UniPlan\controller\EventViewController.java. Using fallback presentation compiler.
2026.05.30 13:23:13 INFO  no build target found for C:\Users\carol\Desktop\UNIVERSIDAD\SID2\proyectoIntegradorSid\ProyectoSid2-losIlucionistas\src\main\java\co\icesi\UniPlan\controller\EventViewController.java. Using fallback presentation compiler.
2026.05.30 13:23:13 INFO  no build target found for C:\Users\carol\Desktop\UNIVERSIDAD\SID2\proyectoIntegradorSid\ProyectoSid2-losIlucionistas\src\main\java\co\icesi\UniPlan\controller\EventViewController.java. Using fallback presentation compiler.
2026.05.30 13:23:13 INFO  no build target found for C:\Users\carol\Desktop\UNIVERSIDAD\SID2\proyectoIntegradorSid\ProyectoSid2-losIlucionistas\src\main\java\co\icesi\UniPlan\controller\EventViewController.java. Using fallback presentation compiler.
2026.05.30 13:23:13 INFO  no build target found for C:\Users\carol\Desktop\UNIVERSIDAD\SID2\proyectoIntegradorSid\ProyectoSid2-losIlucionistas\src\main\java\co\icesi\UniPlan\controller\EventViewController.java. Using fallback presentation compiler.
2026.05.30 13:23:14 INFO  no build target found for C:\Users\carol\Desktop\UNIVERSIDAD\SID2\proyectoIntegradorSid\ProyectoSid2-losIlucionistas\src\main\java\co\icesi\UniPlan\controller\EventViewController.java. Using fallback presentation compiler.
2026.05.30 13:23:15 INFO  no build target found for C:\Users\carol\Desktop\UNIVERSIDAD\SID2\proyectoIntegradorSid\ProyectoSid2-losIlucionistas\src\main\java\co\icesi\UniPlan\controller\EventViewController.java. Using fallback presentation compiler.
2026.05.30 13:23:15 INFO  no build target found for C:\Users\carol\Desktop\UNIVERSIDAD\SID2\proyectoIntegradorSid\ProyectoSid2-losIlucionistas\src\main\java\co\icesi\UniPlan\controller\EventViewController.java. Using fallback presentation compiler.
2026.05.30 13:23:15 INFO  no build target found for C:\Users\carol\Desktop\UNIVERSIDAD\SID2\proyectoIntegradorSid\ProyectoSid2-losIlucionistas\src\main\java\co\icesi\UniPlan\controller\EventViewController.java. Using fallback presentation compiler.
2026.05.30 13:23:16 INFO  no build target found for C:\Users\carol\Desktop\UNIVERSIDAD\SID2\proyectoIntegradorSid\ProyectoSid2-losIlucionistas\src\main\java\co\icesi\UniPlan\controller\EventViewController.java. Using fallback presentation compiler.
2026.05.30 13:23:17 INFO  no build target found for C:\Users\carol\Desktop\UNIVERSIDAD\SID2\proyectoIntegradorSid\ProyectoSid2-losIlucionistas\src\main\java\co\icesi\UniPlan\controller\EventViewController.java. Using fallback presentation compiler.
2026.05.30 13:23:17 INFO  no build target found for C:\Users\carol\Desktop\UNIVERSIDAD\SID2\proyectoIntegradorSid\ProyectoSid2-losIlucionistas\src\main\java\co\icesi\UniPlan\controller\EventViewController.java. Using fallback presentation compiler.
2026.05.30 13:23:17 WARN  no build target for: C:\Users\carol\Desktop\UNIVERSIDAD\SID2\proyectoIntegradorSid\ProyectoSid2-losIlucionistas\src\main\java\co\icesi\UniPlan\controller\EventViewController.java
2026.05.30 13:23:17 INFO  no build target found for C:\Users\carol\Desktop\UNIVERSIDAD\SID2\proyectoIntegradorSid\ProyectoSid2-losIlucionistas\src\main\java\co\icesi\UniPlan\controller\EventViewController.java. Using fallback presentation compiler.
2026.05.30 13:23:17 WARN  Running javac-semanticdb failed for file:///C:/Users/carol/Desktop/UNIVERSIDAD/SID2/proyectoIntegradorSid/ProyectoSid2-losIlucionistas/src/main/java/co/icesi/UniPlan/controller/EventViewController.java. Output:

2026.05.30 13:23:17 INFO  no build target found for C:\Users\carol\Desktop\UNIVERSIDAD\SID2\proyectoIntegradorSid\ProyectoSid2-losIlucionistas\src\main\java\co\icesi\UniPlan\controller\EventViewController.java. Using fallback presentation compiler.
2026.05.30 13:23:17 INFO  Created report: Optional[file:///C:/Users/carol/Desktop/UNIVERSIDAD/SID2/proyectoIntegradorSid/ProyectoSid2-losIlucionistas/src/main/java/co/icesi/UniPlan/controller/EventViewController.java]
2026.05.30 13:23:17 INFO  QDox parse error in file:///C:/Users/carol/Desktop/UNIVERSIDAD/SID2/proyectoIntegradorSid/ProyectoSid2-losIlucionistas/src/main/java/co/icesi/UniPlan/controller/EventViewController.java (full report at: "C:\Users\carol\Desktop\UNIVERSIDAD\SID2\proyectoIntegradorSid\ProyectoSid2-losIlucionistas\.metals\.reports\metals-full\2026-05-30\r_qdox-error_13-23-17-533.md")
2026.05.30 13:23:17 WARN  no build target for: C:\Users\carol\Desktop\UNIVERSIDAD\SID2\proyectoIntegradorSid\ProyectoSid2-losIlucionistas\src\main\java\co\icesi\UniPlan\controller\EventViewController.java
2026.05.30 13:23:18 INFO  no build target found for C:\Users\carol\Desktop\UNIVERSIDAD\SID2\proyectoIntegradorSid\ProyectoSid2-losIlucionistas\src\main\java\co\icesi\UniPlan\controller\EventViewController.java. Using fallback presentation compiler.
2026.05.30 13:23:18 INFO  no build target found for C:\Users\carol\Desktop\UNIVERSIDAD\SID2\proyectoIntegradorSid\ProyectoSid2-losIlucionistas\src\main\java\co\icesi\UniPlan\controller\EventViewController.java. Using fallback presentation compiler.
2026.05.30 13:23:19 INFO  no build target found for C:\Users\carol\Desktop\UNIVERSIDAD\SID2\proyectoIntegradorSid\ProyectoSid2-losIlucionistas\src\main\java\co\icesi\UniPlan\controller\EventViewController.java. Using fallback presentation compiler.
2026.05.30 13:23:28 INFO  no build target found for C:\Users\carol\Desktop\UNIVERSIDAD\SID2\proyectoIntegradorSid\ProyectoSid2-losIlucionistas\src\main\java\co\icesi\UniPlan\controller\EventViewController.java. Using fallback presentation compiler.
2026.05.30 13:23:29 INFO  no build target found for C:\Users\carol\Desktop\UNIVERSIDAD\SID2\proyectoIntegradorSid\ProyectoSid2-losIlucionistas\src\main\java\co\icesi\UniPlan\controller\EventViewController.java. Using fallback presentation compiler.
2026.05.30 13:23:29 INFO  no build target found for C:\Users\carol\Desktop\UNIVERSIDAD\SID2\proyectoIntegradorSid\ProyectoSid2-losIlucionistas\src\main\java\co\icesi\UniPlan\controller\EventViewController.java. Using fallback presentation compiler.
2026.05.30 13:23:29 INFO  no build target found for C:\Users\carol\Desktop\UNIVERSIDAD\SID2\proyectoIntegradorSid\ProyectoSid2-losIlucionistas\src\main\java\co\icesi\UniPlan\controller\EventViewController.java. Using fallback presentation compiler.
2026.05.30 13:23:29 INFO  no build target found for C:\Users\carol\Desktop\UNIVERSIDAD\SID2\proyectoIntegradorSid\ProyectoSid2-losIlucionistas\src\main\java\co\icesi\UniPlan\controller\EventViewController.java. Using fallback presentation compiler.
2026.05.30 13:23:30 WARN  no build target for: C:\Users\carol\Desktop\UNIVERSIDAD\SID2\proyectoIntegradorSid\ProyectoSid2-losIlucionistas\src\main\java\co\icesi\UniPlan\controller\EventViewController.java
2026.05.30 13:23:30 INFO  no build target found for C:\Users\carol\Desktop\UNIVERSIDAD\SID2\proyectoIntegradorSid\ProyectoSid2-losIlucionistas\src\main\java\co\icesi\UniPlan\controller\EventViewController.java. Using fallback presentation compiler.
2026.05.30 13:23:37 INFO  no build target found for C:\Users\carol\Desktop\UNIVERSIDAD\SID2\proyectoIntegradorSid\ProyectoSid2-losIlucionistas\src\main\java\co\icesi\UniPlan\controller\EventViewController.java. Using fallback presentation compiler.
2026.05.30 13:23:38 INFO  no build target found for C:\Users\carol\Desktop\UNIVERSIDAD\SID2\proyectoIntegradorSid\ProyectoSid2-losIlucionistas\src\main\java\co\icesi\UniPlan\controller\EventViewController.java. Using fallback presentation compiler.
2026.05.30 13:23:38 INFO  no build target found for C:\Users\carol\Desktop\UNIVERSIDAD\SID2\proyectoIntegradorSid\ProyectoSid2-losIlucionistas\src\main\java\co\icesi\UniPlan\controller\EventViewController.java. Using fallback presentation compiler.
2026.05.30 13:23:38 INFO  no build target found for C:\Users\carol\Desktop\UNIVERSIDAD\SID2\proyectoIntegradorSid\ProyectoSid2-losIlucionistas\src\main\java\co\icesi\UniPlan\controller\EventViewController.java. Using fallback presentation compiler.
2026.05.30 13:23:39 INFO  no build target found for C:\Users\carol\Desktop\UNIVERSIDAD\SID2\proyectoIntegradorSid\ProyectoSid2-losIlucionistas\src\main\java\co\icesi\UniPlan\controller\EventViewController.java. Using fallback presentation compiler.
2026.05.30 13:23:54 INFO  no build target found for C:\Users\carol\Desktop\UNIVERSIDAD\SID2\proyectoIntegradorSid\ProyectoSid2-losIlucionistas\src\main\java\co\icesi\UniPlan\controller\EventViewController.java. Using fallback presentation compiler.
2026.05.30 13:23:54 INFO  no build target found for C:\Users\carol\Desktop\UNIVERSIDAD\SID2\proyectoIntegradorSid\ProyectoSid2-losIlucionistas\src\main\java\co\icesi\UniPlan\controller\EventViewController.java. Using fallback presentation compiler.
2026.05.30 13:23:56 INFO  no build target found for C:\Users\carol\Desktop\UNIVERSIDAD\SID2\proyectoIntegradorSid\ProyectoSid2-losIlucionistas\src\main\java\co\icesi\UniPlan\controller\EventViewController.java. Using fallback presentation compiler.
2026.05.30 13:23:56 INFO  no build target found for C:\Users\carol\Desktop\UNIVERSIDAD\SID2\proyectoIntegradorSid\ProyectoSid2-losIlucionistas\src\main\java\co\icesi\UniPlan\controller\EventViewController.java. Using fallback presentation compiler.
2026.05.30 13:23:57 WARN  no build target for: C:\Users\carol\Desktop\UNIVERSIDAD\SID2\proyectoIntegradorSid\ProyectoSid2-losIlucionistas\src\main\java\co\icesi\UniPlan\controller\EventViewController.java
2026.05.30 13:23:57 INFO  no build target found for C:\Users\carol\Desktop\UNIVERSIDAD\SID2\proyectoIntegradorSid\ProyectoSid2-losIlucionistas\src\main\java\co\icesi\UniPlan\controller\EventViewController.java. Using fallback presentation compiler.
2026.05.30 13:24:00 INFO  no build target found for C:\Users\carol\Desktop\UNIVERSIDAD\SID2\proyectoIntegradorSid\ProyectoSid2-losIlucionistas\src\main\java\co\icesi\UniPlan\controller\EventViewController.java. Using fallback presentation compiler.
2026.05.30 13:24:00 INFO  no build target found for C:\Users\carol\Desktop\UNIVERSIDAD\SID2\proyectoIntegradorSid\ProyectoSid2-losIlucionistas\src\main\java\co\icesi\UniPlan\controller\EventViewController.java. Using fallback presentation compiler.
2026.05.30 13:24:00 INFO  no build target found for C:\Users\carol\Desktop\UNIVERSIDAD\SID2\proyectoIntegradorSid\ProyectoSid2-losIlucionistas\src\main\java\co\icesi\UniPlan\controller\EventViewController.java. Using fallback presentation compiler.
2026.05.30 13:24:00 INFO  no build target found for C:\Users\carol\Desktop\UNIVERSIDAD\SID2\proyectoIntegradorSid\ProyectoSid2-losIlucionistas\src\main\java\co\icesi\UniPlan\controller\EventViewController.java. Using fallback presentation compiler.
2026.05.30 13:24:01 WARN  no build target for: C:\Users\carol\Desktop\UNIVERSIDAD\SID2\proyectoIntegradorSid\ProyectoSid2-losIlucionistas\src\main\java\co\icesi\UniPlan\controller\EventViewController.java
2026.05.30 13:24:01 INFO  no build target found for C:\Users\carol\Desktop\UNIVERSIDAD\SID2\proyectoIntegradorSid\ProyectoSid2-losIlucionistas\src\main\java\co\icesi\UniPlan\controller\EventViewController.java. Using fallback presentation compiler.
2026.05.30 13:24:02 INFO  no build target found for C:\Users\carol\Desktop\UNIVERSIDAD\SID2\proyectoIntegradorSid\ProyectoSid2-losIlucionistas\src\main\java\co\icesi\UniPlan\controller\EventViewController.java. Using fallback presentation compiler.
2026.05.30 13:24:02 INFO  no build target found for C:\Users\carol\Desktop\UNIVERSIDAD\SID2\proyectoIntegradorSid\ProyectoSid2-losIlucionistas\src\main\java\co\icesi\UniPlan\controller\EventViewController.java. Using fallback presentation compiler.
2026.05.30 13:24:02 INFO  no build target found for C:\Users\carol\Desktop\UNIVERSIDAD\SID2\proyectoIntegradorSid\ProyectoSid2-losIlucionistas\src\main\java\co\icesi\UniPlan\controller\EventViewController.java. Using fallback presentation compiler.
2026.05.30 13:24:18 INFO  no build target found for C:\Users\carol\Desktop\UNIVERSIDAD\SID2\proyectoIntegradorSid\ProyectoSid2-losIlucionistas\src\main\java\co\icesi\UniPlan\controller\EventViewController.java. Using fallback presentation compiler.
2026.05.30 13:24:18 INFO  no build target found for C:\Users\carol\Desktop\UNIVERSIDAD\SID2\proyectoIntegradorSid\ProyectoSid2-losIlucionistas\src\main\java\co\icesi\UniPlan\controller\EventViewController.java. Using fallback presentation compiler.
2026.05.30 13:24:18 INFO  no build target found for C:\Users\carol\Desktop\UNIVERSIDAD\SID2\proyectoIntegradorSid\ProyectoSid2-losIlucionistas\src\main\java\co\icesi\UniPlan\controller\EventViewController.java. Using fallback presentation compiler.
2026.05.30 13:24:19 INFO  no build target found for C:\Users\carol\Desktop\UNIVERSIDAD\SID2\proyectoIntegradorSid\ProyectoSid2-losIlucionistas\src\main\java\co\icesi\UniPlan\controller\EventViewController.java. Using fallback presentation compiler.
2026.05.30 13:24:19 INFO  no build target found for C:\Users\carol\Desktop\UNIVERSIDAD\SID2\proyectoIntegradorSid\ProyectoSid2-losIlucionistas\src\main\java\co\icesi\UniPlan\controller\EventViewController.java. Using fallback presentation compiler.
2026.05.30 13:24:20 INFO  no build target found for C:\Users\carol\Desktop\UNIVERSIDAD\SID2\proyectoIntegradorSid\ProyectoSid2-losIlucionistas\src\main\java\co\icesi\UniPlan\controller\EventViewController.java. Using fallback presentation compiler.
2026.05.30 13:24:19 INFO  no build target found for C:\Users\carol\Desktop\UNIVERSIDAD\SID2\proyectoIntegradorSid\ProyectoSid2-losIlucionistas\src\main\java\co\icesi\UniPlan\controller\EventViewController.java. Using fallback presentation compiler.
2026.05.30 13:24:20 WARN  no build target for: C:\Users\carol\Desktop\UNIVERSIDAD\SID2\proyectoIntegradorSid\ProyectoSid2-losIlucionistas\src\main\java\co\icesi\UniPlan\controller\EventViewController.java
2026.05.30 13:24:20 INFO  no build target found for C:\Users\carol\Desktop\UNIVERSIDAD\SID2\proyectoIntegradorSid\ProyectoSid2-losIlucionistas\src\main\java\co\icesi\UniPlan\controller\EventViewController.java. Using fallback presentation compiler.
2026.05.30 13:24:27 INFO  no build target found for C:\Users\carol\Desktop\UNIVERSIDAD\SID2\proyectoIntegradorSid\ProyectoSid2-losIlucionistas\src\main\java\co\icesi\UniPlan\controller\EventViewController.java. Using fallback presentation compiler.
2026.05.30 13:24:28 INFO  no build target found for C:\Users\carol\Desktop\UNIVERSIDAD\SID2\proyectoIntegradorSid\ProyectoSid2-losIlucionistas\src\main\java\co\icesi\UniPlan\controller\EventViewController.java. Using fallback presentation compiler.
2026.05.30 13:24:31 INFO  no build target found for C:\Users\carol\Desktop\UNIVERSIDAD\SID2\proyectoIntegradorSid\ProyectoSid2-losIlucionistas\src\main\java\co\icesi\UniPlan\controller\EventViewController.java. Using fallback presentation compiler.
2026.05.30 13:24:31 INFO  no build target found for C:\Users\carol\Desktop\UNIVERSIDAD\SID2\proyectoIntegradorSid\ProyectoSid2-losIlucionistas\src\main\java\co\icesi\UniPlan\controller\EventViewController.java. Using fallback presentation compiler.
2026.05.30 13:24:34 INFO  no build target found for C:\Users\carol\Desktop\UNIVERSIDAD\SID2\proyectoIntegradorSid\ProyectoSid2-losIlucionistas\src\main\java\co\icesi\UniPlan\controller\EventViewController.java. Using fallback presentation compiler.
2026.05.30 13:24:34 INFO  no build target found for C:\Users\carol\Desktop\UNIVERSIDAD\SID2\proyectoIntegradorSid\ProyectoSid2-losIlucionistas\src\main\java\co\icesi\UniPlan\controller\EventViewController.java. Using fallback presentation compiler.
2026.05.30 13:24:39 INFO  no build target found for C:\Users\carol\Desktop\UNIVERSIDAD\SID2\proyectoIntegradorSid\ProyectoSid2-losIlucionistas\src\main\java\co\icesi\UniPlan\controller\EventViewController.java. Using fallback presentation compiler.
2026.05.30 13:24:39 INFO  no build target found for C:\Users\carol\Desktop\UNIVERSIDAD\SID2\proyectoIntegradorSid\ProyectoSid2-losIlucionistas\src\main\java\co\icesi\UniPlan\controller\EventViewController.java. Using fallback presentation compiler.
2026.05.30 13:24:40 INFO  no build target found for C:\Users\carol\Desktop\UNIVERSIDAD\SID2\proyectoIntegradorSid\ProyectoSid2-losIlucionistas\src\main\java\co\icesi\UniPlan\controller\EventViewController.java. Using fallback presentation compiler.
2026.05.30 13:24:41 INFO  no build target found for C:\Users\carol\Desktop\UNIVERSIDAD\SID2\proyectoIntegradorSid\ProyectoSid2-losIlucionistas\src\main\java\co\icesi\UniPlan\controller\EventViewController.java. Using fallback presentation compiler.
2026.05.30 13:24:41 INFO  no build target found for C:\Users\carol\Desktop\UNIVERSIDAD\SID2\proyectoIntegradorSid\ProyectoSid2-losIlucionistas\src\main\java\co\icesi\UniPlan\controller\EventViewController.java. Using fallback presentation compiler.
2026.05.30 13:24:42 WARN  no build target for: C:\Users\carol\Desktop\UNIVERSIDAD\SID2\proyectoIntegradorSid\ProyectoSid2-losIlucionistas\src\main\java\co\icesi\UniPlan\controller\EventViewController.java
2026.05.30 13:24:42 INFO  no build target found for C:\Users\carol\Desktop\UNIVERSIDAD\SID2\proyectoIntegradorSid\ProyectoSid2-losIlucionistas\src\main\java\co\icesi\UniPlan\controller\EventViewController.java. Using fallback presentation compiler.
2026.05.30 13:24:42 INFO  no build target found for C:\Users\carol\Desktop\UNIVERSIDAD\SID2\proyectoIntegradorSid\ProyectoSid2-losIlucionistas\src\main\java\co\icesi\UniPlan\controller\EventViewController.java. Using fallback presentation compiler.
2026.05.30 13:24:49 INFO  no build target found for C:\Users\carol\Desktop\UNIVERSIDAD\SID2\proyectoIntegradorSid\ProyectoSid2-losIlucionistas\src\main\java\co\icesi\UniPlan\controller\EventViewController.java. Using fallback presentation compiler.
2026.05.30 13:24:53 INFO  no build target found for C:\Users\carol\Desktop\UNIVERSIDAD\SID2\proyectoIntegradorSid\ProyectoSid2-losIlucionistas\src\main\java\co\icesi\UniPlan\controller\EventViewController.java. Using fallback presentation compiler.
2026.05.30 13:24:53 INFO  no build target found for C:\Users\carol\Desktop\UNIVERSIDAD\SID2\proyectoIntegradorSid\ProyectoSid2-losIlucionistas\src\main\java\co\icesi\UniPlan\controller\EventViewController.java. Using fallback presentation compiler.
may 30, 2026 1:24:53 P. M. org.eclipse.lsp4j.jsonrpc.RemoteEndpoint handleCancellation
WARNING: Unmatched cancel notification for request id 1379
2026.05.30 13:24:53 INFO  no build target found for C:\Users\carol\Desktop\UNIVERSIDAD\SID2\proyectoIntegradorSid\ProyectoSid2-losIlucionistas\src\main\java\co\icesi\UniPlan\controller\EventViewController.java. Using fallback presentation compiler.
2026.05.30 13:24:55 INFO  no build target found for C:\Users\carol\Desktop\UNIVERSIDAD\SID2\proyectoIntegradorSid\ProyectoSid2-losIlucionistas\src\main\java\co\icesi\UniPlan\controller\EventViewController.java. Using fallback presentation compiler.
2026.05.30 13:24:57 INFO  no build target found for C:\Users\carol\Desktop\UNIVERSIDAD\SID2\proyectoIntegradorSid\ProyectoSid2-losIlucionistas\src\main\java\co\icesi\UniPlan\controller\EventViewController.java. Using fallback presentation compiler.
2026.05.30 13:24:58 INFO  no build target found for C:\Users\carol\Desktop\UNIVERSIDAD\SID2\proyectoIntegradorSid\ProyectoSid2-losIlucionistas\src\main\java\co\icesi\UniPlan\controller\EventViewController.java. Using fallback presentation compiler.
2026.05.30 13:25:01 INFO  no build target found for C:\Users\carol\Desktop\UNIVERSIDAD\SID2\proyectoIntegradorSid\ProyectoSid2-losIlucionistas\src\main\java\co\icesi\UniPlan\controller\EventViewController.java. Using fallback presentation compiler.
2026.05.30 13:25:01 INFO  no build target found for C:\Users\carol\Desktop\UNIVERSIDAD\SID2\proyectoIntegradorSid\ProyectoSid2-losIlucionistas\src\main\java\co\icesi\UniPlan\controller\EventViewController.java. Using fallback presentation compiler.
2026.05.30 13:25:02 INFO  no build target found for C:\Users\carol\Desktop\UNIVERSIDAD\SID2\proyectoIntegradorSid\ProyectoSid2-losIlucionistas\src\main\java\co\icesi\UniPlan\controller\EventViewController.java. Using fallback presentation compiler.
2026.05.30 13:25:05 INFO  no build target found for C:\Users\carol\Desktop\UNIVERSIDAD\SID2\proyectoIntegradorSid\ProyectoSid2-losIlucionistas\src\main\java\co\icesi\UniPlan\controller\EventViewController.java. Using fallback presentation compiler.
2026.05.30 13:25:07 INFO  no build target found for C:\Users\carol\Desktop\UNIVERSIDAD\SID2\proyectoIntegradorSid\ProyectoSid2-losIlucionistas\src\main\java\co\icesi\UniPlan\controller\EventViewController.java. Using fallback presentation compiler.
2026.05.30 13:25:10 INFO  no build target found for C:\Users\carol\Desktop\UNIVERSIDAD\SID2\proyectoIntegradorSid\ProyectoSid2-losIlucionistas\src\main\java\co\icesi\UniPlan\controller\EventViewController.java. Using fallback presentation compiler.
2026.05.30 13:25:10 INFO  no build target found for C:\Users\carol\Desktop\UNIVERSIDAD\SID2\proyectoIntegradorSid\ProyectoSid2-losIlucionistas\src\main\java\co\icesi\UniPlan\controller\EventViewController.java. Using fallback presentation compiler.
2026.05.30 13:25:12 INFO  no build target found for C:\Users\carol\Desktop\UNIVERSIDAD\SID2\proyectoIntegradorSid\ProyectoSid2-losIlucionistas\src\main\java\co\icesi\UniPlan\controller\EventViewController.java. Using fallback presentation compiler.
2026.05.30 13:25:12 INFO  no build target found for C:\Users\carol\Desktop\UNIVERSIDAD\SID2\proyectoIntegradorSid\ProyectoSid2-losIlucionistas\src\main\java\co\icesi\UniPlan\controller\EventViewController.java. Using fallback presentation compiler.
2026.05.30 13:25:28 INFO  no build target found for C:\Users\carol\Desktop\UNIVERSIDAD\SID2\proyectoIntegradorSid\ProyectoSid2-losIlucionistas\src\main\java\co\icesi\UniPlan\controller\EventViewController.java. Using fallback presentation compiler.
2026.05.30 13:25:28 INFO  no build target found for C:\Users\carol\Desktop\UNIVERSIDAD\SID2\proyectoIntegradorSid\ProyectoSid2-losIlucionistas\src\main\java\co\icesi\UniPlan\controller\EventViewController.java. Using fallback presentation compiler.
2026.05.30 13:25:28 INFO  no build target found for C:\Users\carol\Desktop\UNIVERSIDAD\SID2\proyectoIntegradorSid\ProyectoSid2-losIlucionistas\src\main\java\co\icesi\UniPlan\controller\EventViewController.java. Using fallback presentation compiler.
2026.05.30 13:25:29 INFO  no build target found for C:\Users\carol\Desktop\UNIVERSIDAD\SID2\proyectoIntegradorSid\ProyectoSid2-losIlucionistas\src\main\java\co\icesi\UniPlan\controller\EventViewController.java. Using fallback presentation compiler.
2026.05.30 13:25:29 INFO  no build target found for C:\Users\carol\Desktop\UNIVERSIDAD\SID2\proyectoIntegradorSid\ProyectoSid2-losIlucionistas\src\main\java\co\icesi\UniPlan\controller\EventViewController.java. Using fallback presentation compiler.
2026.05.30 13:25:29 INFO  no build target found for C:\Users\carol\Desktop\UNIVERSIDAD\SID2\proyectoIntegradorSid\ProyectoSid2-losIlucionistas\src\main\java\co\icesi\UniPlan\controller\EventViewController.java. Using fallback presentation compiler.
2026.05.30 13:25:30 INFO  no build target found for C:\Users\carol\Desktop\UNIVERSIDAD\SID2\proyectoIntegradorSid\ProyectoSid2-losIlucionistas\src\main\java\co\icesi\UniPlan\controller\EventViewController.java. Using fallback presentation compiler.
2026.05.30 13:25:30 WARN  no build target for: C:\Users\carol\Desktop\UNIVERSIDAD\SID2\proyectoIntegradorSid\ProyectoSid2-losIlucionistas\src\main\java\co\icesi\UniPlan\controller\EventViewController.java
2026.05.30 13:25:30 INFO  no build target found for C:\Users\carol\Desktop\UNIVERSIDAD\SID2\proyectoIntegradorSid\ProyectoSid2-losIlucionistas\src\main\java\co\icesi\UniPlan\controller\EventViewController.java. Using fallback presentation compiler.
2026.05.30 13:25:30 INFO  no build target found for C:\Users\carol\Desktop\UNIVERSIDAD\SID2\proyectoIntegradorSid\ProyectoSid2-losIlucionistas\src\main\java\co\icesi\UniPlan\controller\EventViewController.java. Using fallback presentation compiler.
may 30, 2026 1:25:31 P. M. org.eclipse.lsp4j.jsonrpc.RemoteEndpoint handleCancellation
WARNING: Unmatched cancel notification for request id 1441
2026.05.30 13:25:31 WARN  no build target for: C:\Users\carol\Desktop\UNIVERSIDAD\SID2\proyectoIntegradorSid\ProyectoSid2-losIlucionistas\src\main\java\co\icesi\UniPlan\controller\EventViewController.java
2026.05.30 13:25:31 INFO  no build target found for C:\Users\carol\Desktop\UNIVERSIDAD\SID2\proyectoIntegradorSid\ProyectoSid2-losIlucionistas\src\main\java\co\icesi\UniPlan\controller\EventViewController.java. Using fallback presentation compiler.
2026.05.30 13:25:32 INFO  no build target found for C:\Users\carol\Desktop\UNIVERSIDAD\SID2\proyectoIntegradorSid\ProyectoSid2-losIlucionistas\src\main\java\co\icesi\UniPlan\controller\EventViewController.java. Using fallback presentation compiler.
2026.05.30 13:25:32 INFO  no build target found for C:\Users\carol\Desktop\UNIVERSIDAD\SID2\proyectoIntegradorSid\ProyectoSid2-losIlucionistas\src\main\java\co\icesi\UniPlan\controller\EventViewController.java. Using fallback presentation compiler.
2026.05.30 13:25:34 INFO  no build target found for C:\Users\carol\Desktop\UNIVERSIDAD\SID2\proyectoIntegradorSid\ProyectoSid2-losIlucionistas\src\main\java\co\icesi\UniPlan\controller\EventViewController.java. Using fallback presentation compiler.
2026.05.30 13:25:34 INFO  no build target found for C:\Users\carol\Desktop\UNIVERSIDAD\SID2\proyectoIntegradorSid\ProyectoSid2-losIlucionistas\src\main\java\co\icesi\UniPlan\controller\EventViewController.java. Using fallback presentation compiler.
2026.05.30 13:25:34 INFO  no build target found for C:\Users\carol\Desktop\UNIVERSIDAD\SID2\proyectoIntegradorSid\ProyectoSid2-losIlucionistas\src\main\java\co\icesi\UniPlan\controller\EventViewController.java. Using fallback presentation compiler.
2026.05.30 13:25:34 INFO  no build target found for C:\Users\carol\Desktop\UNIVERSIDAD\SID2\proyectoIntegradorSid\ProyectoSid2-losIlucionistas\src\main\java\co\icesi\UniPlan\controller\EventViewController.java. Using fallback presentation compiler.
2026.05.30 13:25:34 WARN  no build target for: C:\Users\carol\Desktop\UNIVERSIDAD\SID2\proyectoIntegradorSid\ProyectoSid2-losIlucionistas\src\main\java\co\icesi\UniPlan\controller\EventViewController.java
2026.05.30 13:25:34 INFO  no build target found for C:\Users\carol\Desktop\UNIVERSIDAD\SID2\proyectoIntegradorSid\ProyectoSid2-losIlucionistas\src\main\java\co\icesi\UniPlan\controller\EventViewController.java. Using fallback presentation compiler.
2026.05.30 13:25:35 INFO  no build target found for C:\Users\carol\Desktop\UNIVERSIDAD\SID2\proyectoIntegradorSid\ProyectoSid2-losIlucionistas\src\main\java\co\icesi\UniPlan\controller\EventViewController.java. Using fallback presentation compiler.
2026.05.30 13:25:35 INFO  no build target found for C:\Users\carol\Desktop\UNIVERSIDAD\SID2\proyectoIntegradorSid\ProyectoSid2-losIlucionistas\src\main\java\co\icesi\UniPlan\controller\EventViewController.java. Using fallback presentation compiler.
2026.05.30 13:25:35 INFO  no build target found for C:\Users\carol\Desktop\UNIVERSIDAD\SID2\proyectoIntegradorSid\ProyectoSid2-losIlucionistas\src\main\java\co\icesi\UniPlan\controller\EventViewController.java. Using fallback presentation compiler.
2026.05.30 13:25:39 INFO  no build target found for C:\Users\carol\Desktop\UNIVERSIDAD\SID2\proyectoIntegradorSid\ProyectoSid2-losIlucionistas\src\main\java\co\icesi\UniPlan\controller\EventViewController.java. Using fallback presentation compiler.
2026.05.30 13:25:39 INFO  no build target found for C:\Users\carol\Desktop\UNIVERSIDAD\SID2\proyectoIntegradorSid\ProyectoSid2-losIlucionistas\src\main\java\co\icesi\UniPlan\controller\EventViewController.java. Using fallback presentation compiler.
2026.05.30 13:25:40 INFO  no build target found for C:\Users\carol\Desktop\UNIVERSIDAD\SID2\proyectoIntegradorSid\ProyectoSid2-losIlucionistas\src\main\java\co\icesi\UniPlan\controller\EventViewController.java. Using fallback presentation compiler.
2026.05.30 13:25:40 INFO  no build target found for C:\Users\carol\Desktop\UNIVERSIDAD\SID2\proyectoIntegradorSid\ProyectoSid2-losIlucionistas\src\main\java\co\icesi\UniPlan\controller\EventViewController.java. Using fallback presentation compiler.
2026.05.30 13:25:40 INFO  no build target found for C:\Users\carol\Desktop\UNIVERSIDAD\SID2\proyectoIntegradorSid\ProyectoSid2-losIlucionistas\src\main\java\co\icesi\UniPlan\controller\EventViewController.java. Using fallback presentation compiler.
2026.05.30 13:25:41 INFO  no build target found for C:\Users\carol\Desktop\UNIVERSIDAD\SID2\proyectoIntegradorSid\ProyectoSid2-losIlucionistas\src\main\java\co\icesi\UniPlan\controller\EventViewController.java. Using fallback presentation compiler.
2026.05.30 13:25:41 INFO  no build target found for C:\Users\carol\Desktop\UNIVERSIDAD\SID2\proyectoIntegradorSid\ProyectoSid2-losIlucionistas\src\main\java\co\icesi\UniPlan\controller\EventViewController.java. Using fallback presentation compiler.
2026.05.30 13:25:42 INFO  no build target found for C:\Users\carol\Desktop\UNIVERSIDAD\SID2\proyectoIntegradorSid\ProyectoSid2-losIlucionistas\src\main\java\co\icesi\UniPlan\controller\EventViewController.java. Using fallback presentation compiler.
2026.05.30 13:25:41 INFO  no build target found for C:\Users\carol\Desktop\UNIVERSIDAD\SID2\proyectoIntegradorSid\ProyectoSid2-losIlucionistas\src\main\java\co\icesi\UniPlan\controller\EventViewController.java. Using fallback presentation compiler.
2026.05.30 13:25:42 WARN  no build target for: C:\Users\carol\Desktop\UNIVERSIDAD\SID2\proyectoIntegradorSid\ProyectoSid2-losIlucionistas\src\main\java\co\icesi\UniPlan\controller\EventViewController.java
2026.05.30 13:25:42 INFO  no build target found for C:\Users\carol\Desktop\UNIVERSIDAD\SID2\proyectoIntegradorSid\ProyectoSid2-losIlucionistas\src\main\java\co\icesi\UniPlan\controller\EventViewController.java. Using fallback presentation compiler.
2026.05.30 13:25:42 INFO  no build target found for C:\Users\carol\Desktop\UNIVERSIDAD\SID2\proyectoIntegradorSid\ProyectoSid2-losIlucionistas\src\main\java\co\icesi\UniPlan\controller\EventViewController.java. Using fallback presentation compiler.
2026.05.30 13:25:42 INFO  no build target found for C:\Users\carol\Desktop\UNIVERSIDAD\SID2\proyectoIntegradorSid\ProyectoSid2-losIlucionistas\src\main\java\co\icesi\UniPlan\controller\EventViewController.java. Using fallback presentation compiler.
2026.05.30 13:25:43 INFO  no build target found for C:\Users\carol\Desktop\UNIVERSIDAD\SID2\proyectoIntegradorSid\ProyectoSid2-losIlucionistas\src\main\java\co\icesi\UniPlan\controller\EventViewController.java. Using fallback presentation compiler.
2026.05.30 13:25:43 INFO  no build target found for C:\Users\carol\Desktop\UNIVERSIDAD\SID2\proyectoIntegradorSid\ProyectoSid2-losIlucionistas\src\main\java\co\icesi\UniPlan\controller\EventViewController.java. Using fallback presentation compiler.
2026.05.30 13:25:43 INFO  no build target found for C:\Users\carol\Desktop\UNIVERSIDAD\SID2\proyectoIntegradorSid\ProyectoSid2-losIlucionistas\src\main\java\co\icesi\UniPlan\controller\EventViewController.java. Using fallback presentation compiler.
2026.05.30 13:25:46 INFO  no build target found for C:\Users\carol\Desktop\UNIVERSIDAD\SID2\proyectoIntegradorSid\ProyectoSid2-losIlucionistas\src\main\java\co\icesi\UniPlan\controller\EventViewController.java. Using fallback presentation compiler.
2026.05.30 13:25:46 INFO  no build target found for C:\Users\carol\Desktop\UNIVERSIDAD\SID2\proyectoIntegradorSid\ProyectoSid2-losIlucionistas\src\main\java\co\icesi\UniPlan\controller\EventViewController.java. Using fallback presentation compiler.
2026.05.30 13:25:48 INFO  no build target found for C:\Users\carol\Desktop\UNIVERSIDAD\SID2\proyectoIntegradorSid\ProyectoSid2-losIlucionistas\src\main\java\co\icesi\UniPlan\controller\EventViewController.java. Using fallback presentation compiler.
2026.05.30 13:25:55 INFO  no build target found for C:\Users\carol\Desktop\UNIVERSIDAD\SID2\proyectoIntegradorSid\ProyectoSid2-losIlucionistas\src\main\java\co\icesi\UniPlan\controller\EventViewController.java. Using fallback presentation compiler.
2026.05.30 13:25:57 INFO  no build target found for C:\Users\carol\Desktop\UNIVERSIDAD\SID2\proyectoIntegradorSid\ProyectoSid2-losIlucionistas\src\main\java\co\icesi\UniPlan\controller\EventViewController.java. Using fallback presentation compiler.
2026.05.30 13:25:57 INFO  no build target found for C:\Users\carol\Desktop\UNIVERSIDAD\SID2\proyectoIntegradorSid\ProyectoSid2-losIlucionistas\src\main\java\co\icesi\UniPlan\controller\EventViewController.java. Using fallback presentation compiler.
2026.05.30 13:25:59 INFO  no build target found for C:\Users\carol\Desktop\UNIVERSIDAD\SID2\proyectoIntegradorSid\ProyectoSid2-losIlucionistas\src\main\java\co\icesi\UniPlan\controller\EventViewController.java. Using fallback presentation compiler.
2026.05.30 13:25:59 INFO  no build target found for C:\Users\carol\Desktop\UNIVERSIDAD\SID2\proyectoIntegradorSid\ProyectoSid2-losIlucionistas\src\main\java\co\icesi\UniPlan\controller\EventViewController.java. Using fallback presentation compiler.
2026.05.30 13:25:59 INFO  no build target found for C:\Users\carol\Desktop\UNIVERSIDAD\SID2\proyectoIntegradorSid\ProyectoSid2-losIlucionistas\src\main\java\co\icesi\UniPlan\controller\EventViewController.java. Using fallback presentation compiler.
2026.05.30 13:25:59 INFO  no build target found for C:\Users\carol\Desktop\UNIVERSIDAD\SID2\proyectoIntegradorSid\ProyectoSid2-losIlucionistas\src\main\java\co\icesi\UniPlan\controller\EventViewController.java. Using fallback presentation compiler.
2026.05.30 13:26:00 WARN  no build target for: C:\Users\carol\Desktop\UNIVERSIDAD\SID2\proyectoIntegradorSid\ProyectoSid2-losIlucionistas\src\main\java\co\icesi\UniPlan\controller\EventViewController.java
2026.05.30 13:26:00 INFO  no build target found for C:\Users\carol\Desktop\UNIVERSIDAD\SID2\proyectoIntegradorSid\ProyectoSid2-losIlucionistas\src\main\java\co\icesi\UniPlan\controller\EventViewController.java. Using fallback presentation compiler.
2026.05.30 13:26:00 INFO  no build target found for C:\Users\carol\Desktop\UNIVERSIDAD\SID2\proyectoIntegradorSid\ProyectoSid2-losIlucionistas\src\main\java\co\icesi\UniPlan\controller\EventViewController.java. Using fallback presentation compiler.
2026.05.30 13:26:00 INFO  no build target found for C:\Users\carol\Desktop\UNIVERSIDAD\SID2\proyectoIntegradorSid\ProyectoSid2-losIlucionistas\src\main\java\co\icesi\UniPlan\controller\EventViewController.java. Using fallback presentation compiler.
2026.05.30 13:26:05 INFO  no build target found for C:\Users\carol\Desktop\UNIVERSIDAD\SID2\proyectoIntegradorSid\ProyectoSid2-losIlucionistas\src\main\java\co\icesi\UniPlan\controller\EventViewController.java. Using fallback presentation compiler.
2026.05.30 13:26:10 INFO  no build target found for C:\Users\carol\Desktop\UNIVERSIDAD\SID2\proyectoIntegradorSid\ProyectoSid2-losIlucionistas\src\main\java\co\icesi\UniPlan\controller\EventViewController.java. Using fallback presentation compiler.
2026.05.30 13:26:17 INFO  no build target found for C:\Users\carol\Desktop\UNIVERSIDAD\SID2\proyectoIntegradorSid\ProyectoSid2-losIlucionistas\src\main\java\co\icesi\UniPlan\controller\EventViewController.java. Using fallback presentation compiler.
2026.05.30 13:26:24 INFO  no build target found for C:\Users\carol\Desktop\UNIVERSIDAD\SID2\proyectoIntegradorSid\ProyectoSid2-losIlucionistas\src\main\java\co\icesi\UniPlan\controller\EventViewController.java. Using fallback presentation compiler.
2026.05.30 13:26:24 INFO  no build target found for C:\Users\carol\Desktop\UNIVERSIDAD\SID2\proyectoIntegradorSid\ProyectoSid2-losIlucionistas\src\main\java\co\icesi\UniPlan\controller\EventViewController.java. Using fallback presentation compiler.
2026.05.30 13:26:25 INFO  no build target found for C:\Users\carol\Desktop\UNIVERSIDAD\SID2\proyectoIntegradorSid\ProyectoSid2-losIlucionistas\src\main\java\co\icesi\UniPlan\controller\EventViewController.java. Using fallback presentation compiler.
2026.05.30 13:26:25 INFO  no build target found for C:\Users\carol\Desktop\UNIVERSIDAD\SID2\proyectoIntegradorSid\ProyectoSid2-losIlucionistas\src\main\java\co\icesi\UniPlan\controller\EventViewController.java. Using fallback presentation compiler.
2026.05.30 13:26:25 INFO  no build target found for C:\Users\carol\Desktop\UNIVERSIDAD\SID2\proyectoIntegradorSid\ProyectoSid2-losIlucionistas\src\main\java\co\icesi\UniPlan\controller\EventViewController.java. Using fallback presentation compiler.
2026.05.30 13:26:26 INFO  no build target found for C:\Users\carol\Desktop\UNIVERSIDAD\SID2\proyectoIntegradorSid\ProyectoSid2-losIlucionistas\src\main\java\co\icesi\UniPlan\controller\EventViewController.java. Using fallback presentation compiler.
2026.05.30 13:26:26 INFO  no build target found for C:\Users\carol\Desktop\UNIVERSIDAD\SID2\proyectoIntegradorSid\ProyectoSid2-losIlucionistas\src\main\java\co\icesi\UniPlan\controller\EventViewController.java. Using fallback presentation compiler.
2026.05.30 13:26:27 WARN  no build target for: C:\Users\carol\Desktop\UNIVERSIDAD\SID2\proyectoIntegradorSid\ProyectoSid2-losIlucionistas\src\main\java\co\icesi\UniPlan\controller\EventViewController.java
2026.05.30 13:26:27 INFO  no build target found for C:\Users\carol\Desktop\UNIVERSIDAD\SID2\proyectoIntegradorSid\ProyectoSid2-losIlucionistas\src\main\java\co\icesi\UniPlan\controller\EventViewController.java. Using fallback presentation compiler.
2026.05.30 13:26:45 INFO  no build target found for C:\Users\carol\Desktop\UNIVERSIDAD\SID2\proyectoIntegradorSid\ProyectoSid2-losIlucionistas\src\main\java\co\icesi\UniPlan\service\EventService.java. Using fallback presentation compiler.
2026.05.30 13:31:44 INFO  no build target found for C:\Users\carol\Desktop\UNIVERSIDAD\SID2\proyectoIntegradorSid\ProyectoSid2-losIlucionistas\src\main\java\co\icesi\UniPlan\service\EventService.java. Using fallback presentation compiler.
2026.05.30 13:31:44 INFO  no build target found for C:\Users\carol\Desktop\UNIVERSIDAD\SID2\proyectoIntegradorSid\ProyectoSid2-losIlucionistas\src\main\java\co\icesi\UniPlan\service\EventService.java. Using fallback presentation compiler.
2026.05.30 13:31:44 INFO  no build target found for C:\Users\carol\Desktop\UNIVERSIDAD\SID2\proyectoIntegradorSid\ProyectoSid2-losIlucionistas\src\main\java\co\icesi\UniPlan\service\EventService.java. Using fallback presentation compiler.
2026.05.30 13:31:53 INFO  no build target found for C:\Users\carol\Desktop\UNIVERSIDAD\SID2\proyectoIntegradorSid\ProyectoSid2-losIlucionistas\src\main\java\co\icesi\UniPlan\service\EventService.java. Using fallback presentation compiler.
2026.05.30 13:31:57 INFO  no build target found for C:\Users\carol\Desktop\UNIVERSIDAD\SID2\proyectoIntegradorSid\ProyectoSid2-losIlucionistas\src\main\java\co\icesi\UniPlan\service\EventService.java. Using fallback presentation compiler.
2026.05.30 13:31:57 INFO  no build target found for C:\Users\carol\Desktop\UNIVERSIDAD\SID2\proyectoIntegradorSid\ProyectoSid2-losIlucionistas\src\main\java\co\icesi\UniPlan\service\EventService.java. Using fallback presentation compiler.
2026.05.30 13:31:58 INFO  no build target found for C:\Users\carol\Desktop\UNIVERSIDAD\SID2\proyectoIntegradorSid\ProyectoSid2-losIlucionistas\src\main\java\co\icesi\UniPlan\service\EventService.java. Using fallback presentation compiler.
2026.05.30 13:31:58 INFO  no build target found for C:\Users\carol\Desktop\UNIVERSIDAD\SID2\proyectoIntegradorSid\ProyectoSid2-losIlucionistas\src\main\java\co\icesi\UniPlan\service\EventService.java. Using fallback presentation compiler.
2026.05.30 13:31:58 INFO  no build target found for C:\Users\carol\Desktop\UNIVERSIDAD\SID2\proyectoIntegradorSid\ProyectoSid2-losIlucionistas\src\main\java\co\icesi\UniPlan\service\EventService.java. Using fallback presentation compiler.
2026.05.30 13:31:59 WARN  no build target for: C:\Users\carol\Desktop\UNIVERSIDAD\SID2\proyectoIntegradorSid\ProyectoSid2-losIlucionistas\src\main\java\co\icesi\UniPlan\service\EventService.java
2026.05.30 13:31:59 INFO  no build target found for C:\Users\carol\Desktop\UNIVERSIDAD\SID2\proyectoIntegradorSid\ProyectoSid2-losIlucionistas\src\main\java\co\icesi\UniPlan\service\EventService.java. Using fallback presentation compiler.
2026.05.30 13:31:59 INFO  no build target found for C:\Users\carol\Desktop\UNIVERSIDAD\SID2\proyectoIntegradorSid\ProyectoSid2-losIlucionistas\src\main\java\co\icesi\UniPlan\service\EventService.java. Using fallback presentation compiler.
may 30, 2026 1:31:59 P. M. org.eclipse.lsp4j.jsonrpc.RemoteEndpoint handleCancellation
WARNING: Unmatched cancel notification for request id 1576
2026.05.30 13:31:59 INFO  no build target found for C:\Users\carol\Desktop\UNIVERSIDAD\SID2\proyectoIntegradorSid\ProyectoSid2-losIlucionistas\src\main\java\co\icesi\UniPlan\service\EventService.java. Using fallback presentation compiler.
2026.05.30 13:32:00 INFO  no build target found for C:\Users\carol\Desktop\UNIVERSIDAD\SID2\proyectoIntegradorSid\ProyectoSid2-losIlucionistas\src\main\java\co\icesi\UniPlan\service\EventService.java. Using fallback presentation compiler.
2026.05.30 13:32:00 INFO  no build target found for C:\Users\carol\Desktop\UNIVERSIDAD\SID2\proyectoIntegradorSid\ProyectoSid2-losIlucionistas\src\main\java\co\icesi\UniPlan\service\EventService.java. Using fallback presentation compiler.
2026.05.30 13:32:00 INFO  no build target found for C:\Users\carol\Desktop\UNIVERSIDAD\SID2\proyectoIntegradorSid\ProyectoSid2-losIlucionistas\src\main\java\co\icesi\UniPlan\service\EventService.java. Using fallback presentation compiler.
2026.05.30 13:32:17 INFO  no build target found for C:\Users\carol\Desktop\UNIVERSIDAD\SID2\proyectoIntegradorSid\ProyectoSid2-losIlucionistas\src\main\java\co\icesi\UniPlan\service\EventService.java. Using fallback presentation compiler.
2026.05.30 13:32:19 INFO  no build target found for C:\Users\carol\Desktop\UNIVERSIDAD\SID2\proyectoIntegradorSid\ProyectoSid2-losIlucionistas\src\main\java\co\icesi\UniPlan\service\EventService.java. Using fallback presentation compiler.
2026.05.30 13:32:23 INFO  no build target found for C:\Users\carol\Desktop\UNIVERSIDAD\SID2\proyectoIntegradorSid\ProyectoSid2-losIlucionistas\src\main\java\co\icesi\UniPlan\service\EventService.java. Using fallback presentation compiler.
2026.05.30 13:32:25 INFO  no build target found for C:\Users\carol\Desktop\UNIVERSIDAD\SID2\proyectoIntegradorSid\ProyectoSid2-losIlucionistas\src\main\java\co\icesi\UniPlan\service\EventService.java. Using fallback presentation compiler.
2026.05.30 13:32:26 INFO  no build target found for C:\Users\carol\Desktop\UNIVERSIDAD\SID2\proyectoIntegradorSid\ProyectoSid2-losIlucionistas\src\main\java\co\icesi\UniPlan\service\EventService.java. Using fallback presentation compiler.
2026.05.30 13:32:27 INFO  no build target found for C:\Users\carol\Desktop\UNIVERSIDAD\SID2\proyectoIntegradorSid\ProyectoSid2-losIlucionistas\src\main\java\co\icesi\UniPlan\service\EventService.java. Using fallback presentation compiler.
2026.05.30 13:32:27 INFO  no build target found for C:\Users\carol\Desktop\UNIVERSIDAD\SID2\proyectoIntegradorSid\ProyectoSid2-losIlucionistas\src\main\java\co\icesi\UniPlan\service\EventService.java. Using fallback presentation compiler.
2026.05.30 13:32:27 INFO  no build target found for C:\Users\carol\Desktop\UNIVERSIDAD\SID2\proyectoIntegradorSid\ProyectoSid2-losIlucionistas\src\main\java\co\icesi\UniPlan\service\EventService.java. Using fallback presentation compiler.
2026.05.30 13:32:27 WARN  no build target for: C:\Users\carol\Desktop\UNIVERSIDAD\SID2\proyectoIntegradorSid\ProyectoSid2-losIlucionistas\src\main\java\co\icesi\UniPlan\service\EventService.java
2026.05.30 13:32:27 INFO  no build target found for C:\Users\carol\Desktop\UNIVERSIDAD\SID2\proyectoIntegradorSid\ProyectoSid2-losIlucionistas\src\main\java\co\icesi\UniPlan\service\EventService.java. Using fallback presentation compiler.
2026.05.30 13:32:27 INFO  no build target found for C:\Users\carol\Desktop\UNIVERSIDAD\SID2\proyectoIntegradorSid\ProyectoSid2-losIlucionistas\src\main\java\co\icesi\UniPlan\service\EventService.java. Using fallback presentation compiler.
2026.05.30 13:32:28 INFO  no build target found for C:\Users\carol\Desktop\UNIVERSIDAD\SID2\proyectoIntegradorSid\ProyectoSid2-losIlucionistas\src\main\java\co\icesi\UniPlan\service\EventService.java. Using fallback presentation compiler.
2026.05.30 13:32:28 INFO  no build target found for C:\Users\carol\Desktop\UNIVERSIDAD\SID2\proyectoIntegradorSid\ProyectoSid2-losIlucionistas\src\main\java\co\icesi\UniPlan\service\EventService.java. Using fallback presentation compiler.
2026.05.30 13:32:28 INFO  no build target found for C:\Users\carol\Desktop\UNIVERSIDAD\SID2\proyectoIntegradorSid\ProyectoSid2-losIlucionistas\src\main\java\co\icesi\UniPlan\service\EventService.java. Using fallback presentation compiler.
2026.05.30 13:32:28 INFO  no build target found for C:\Users\carol\Desktop\UNIVERSIDAD\SID2\proyectoIntegradorSid\ProyectoSid2-losIlucionistas\src\main\java\co\icesi\UniPlan\service\EventService.java. Using fallback presentation compiler.
2026.05.30 13:32:28 INFO  no build target found for C:\Users\carol\Desktop\UNIVERSIDAD\SID2\proyectoIntegradorSid\ProyectoSid2-losIlucionistas\src\main\java\co\icesi\UniPlan\service\EventService.java. Using fallback presentation compiler.
2026.05.30 13:32:29 INFO  no build target found for C:\Users\carol\Desktop\UNIVERSIDAD\SID2\proyectoIntegradorSid\ProyectoSid2-losIlucionistas\src\main\java\co\icesi\UniPlan\service\EventService.java. Using fallback presentation compiler.
2026.05.30 13:32:29 INFO  no build target found for C:\Users\carol\Desktop\UNIVERSIDAD\SID2\proyectoIntegradorSid\ProyectoSid2-losIlucionistas\src\main\java\co\icesi\UniPlan\service\EventService.java. Using fallback presentation compiler.
2026.05.30 13:32:29 INFO  no build target found for C:\Users\carol\Desktop\UNIVERSIDAD\SID2\proyectoIntegradorSid\ProyectoSid2-losIlucionistas\src\main\java\co\icesi\UniPlan\service\EventService.java. Using fallback presentation compiler.
2026.05.30 13:32:31 INFO  no build target found for C:\Users\carol\Desktop\UNIVERSIDAD\SID2\proyectoIntegradorSid\ProyectoSid2-losIlucionistas\src\main\java\co\icesi\UniPlan\service\EventService.java. Using fallback presentation compiler.
2026.05.30 13:32:31 INFO  no build target found for C:\Users\carol\Desktop\UNIVERSIDAD\SID2\proyectoIntegradorSid\ProyectoSid2-losIlucionistas\src\main\java\co\icesi\UniPlan\service\EventService.java. Using fallback presentation compiler.
2026.05.30 13:32:32 INFO  no build target found for C:\Users\carol\Desktop\UNIVERSIDAD\SID2\proyectoIntegradorSid\ProyectoSid2-losIlucionistas\src\main\java\co\icesi\UniPlan\service\EventService.java. Using fallback presentation compiler.
2026.05.30 13:32:33 INFO  no build target found for C:\Users\carol\Desktop\UNIVERSIDAD\SID2\proyectoIntegradorSid\ProyectoSid2-losIlucionistas\src\main\java\co\icesi\UniPlan\service\EventService.java. Using fallback presentation compiler.
2026.05.30 13:32:33 INFO  no build target found for C:\Users\carol\Desktop\UNIVERSIDAD\SID2\proyectoIntegradorSid\ProyectoSid2-losIlucionistas\src\main\java\co\icesi\UniPlan\service\EventService.java. Using fallback presentation compiler.
2026.05.30 13:32:33 INFO  no build target found for C:\Users\carol\Desktop\UNIVERSIDAD\SID2\proyectoIntegradorSid\ProyectoSid2-losIlucionistas\src\main\java\co\icesi\UniPlan\service\EventService.java. Using fallback presentation compiler.
2026.05.30 13:32:33 INFO  no build target found for C:\Users\carol\Desktop\UNIVERSIDAD\SID2\proyectoIntegradorSid\ProyectoSid2-losIlucionistas\src\main\java\co\icesi\UniPlan\service\EventService.java. Using fallback presentation compiler.
2026.05.30 13:32:34 WARN  no build target for: C:\Users\carol\Desktop\UNIVERSIDAD\SID2\proyectoIntegradorSid\ProyectoSid2-losIlucionistas\src\main\java\co\icesi\UniPlan\service\EventService.java
2026.05.30 13:32:34 INFO  no build target found for C:\Users\carol\Desktop\UNIVERSIDAD\SID2\proyectoIntegradorSid\ProyectoSid2-losIlucionistas\src\main\java\co\icesi\UniPlan\service\EventService.java. Using fallback presentation compiler.
2026.05.30 13:32:37 INFO  no build target found for C:\Users\carol\Desktop\UNIVERSIDAD\SID2\proyectoIntegradorSid\ProyectoSid2-losIlucionistas\src\main\java\co\icesi\UniPlan\service\EventService.java. Using fallback presentation compiler.
2026.05.30 13:32:39 INFO  no build target found for C:\Users\carol\Desktop\UNIVERSIDAD\SID2\proyectoIntegradorSid\ProyectoSid2-losIlucionistas\src\main\java\co\icesi\UniPlan\service\EventService.java. Using fallback presentation compiler.
2026.05.30 13:32:39 INFO  no build target found for C:\Users\carol\Desktop\UNIVERSIDAD\SID2\proyectoIntegradorSid\ProyectoSid2-losIlucionistas\src\main\java\co\icesi\UniPlan\service\EventService.java. Using fallback presentation compiler.
2026.05.30 13:32:39 INFO  no build target found for C:\Users\carol\Desktop\UNIVERSIDAD\SID2\proyectoIntegradorSid\ProyectoSid2-losIlucionistas\src\main\java\co\icesi\UniPlan\service\EventService.java. Using fallback presentation compiler.
2026.05.30 13:32:39 INFO  no build target found for C:\Users\carol\Desktop\UNIVERSIDAD\SID2\proyectoIntegradorSid\ProyectoSid2-losIlucionistas\src\main\java\co\icesi\UniPlan\service\EventService.java. Using fallback presentation compiler.
2026.05.30 13:32:39 INFO  no build target found for C:\Users\carol\Desktop\UNIVERSIDAD\SID2\proyectoIntegradorSid\ProyectoSid2-losIlucionistas\src\main\java\co\icesi\UniPlan\service\EventService.java. Using fallback presentation compiler.
2026.05.30 13:32:39 INFO  no build target found for C:\Users\carol\Desktop\UNIVERSIDAD\SID2\proyectoIntegradorSid\ProyectoSid2-losIlucionistas\src\main\java\co\icesi\UniPlan\service\EventService.java. Using fallback presentation compiler.
2026.05.30 13:32:39 WARN  no build target for: C:\Users\carol\Desktop\UNIVERSIDAD\SID2\proyectoIntegradorSid\ProyectoSid2-losIlucionistas\src\main\java\co\icesi\UniPlan\service\EventService.java
2026.05.30 13:32:39 INFO  no build target found for C:\Users\carol\Desktop\UNIVERSIDAD\SID2\proyectoIntegradorSid\ProyectoSid2-losIlucionistas\src\main\java\co\icesi\UniPlan\service\EventService.java. Using fallback presentation compiler.
2026.05.30 13:32:39 INFO  no build target found for C:\Users\carol\Desktop\UNIVERSIDAD\SID2\proyectoIntegradorSid\ProyectoSid2-losIlucionistas\src\main\java\co\icesi\UniPlan\service\EventService.java. Using fallback presentation compiler.
2026.05.30 13:32:40 INFO  no build target found for C:\Users\carol\Desktop\UNIVERSIDAD\SID2\proyectoIntegradorSid\ProyectoSid2-losIlucionistas\src\main\java\co\icesi\UniPlan\service\EventService.java. Using fallback presentation compiler.
2026.05.30 13:32:40 INFO  no build target found for C:\Users\carol\Desktop\UNIVERSIDAD\SID2\proyectoIntegradorSid\ProyectoSid2-losIlucionistas\src\main\java\co\icesi\UniPlan\service\EventService.java. Using fallback presentation compiler.
2026.05.30 13:32:41 INFO  no build target found for C:\Users\carol\Desktop\UNIVERSIDAD\SID2\proyectoIntegradorSid\ProyectoSid2-losIlucionistas\src\main\java\co\icesi\UniPlan\service\EventService.java. Using fallback presentation compiler.
2026.05.30 13:32:44 INFO  no build target found for C:\Users\carol\Desktop\UNIVERSIDAD\SID2\proyectoIntegradorSid\ProyectoSid2-losIlucionistas\src\main\java\co\icesi\UniPlan\service\EventService.java. Using fallback presentation compiler.
2026.05.30 13:32:44 INFO  no build target found for C:\Users\carol\Desktop\UNIVERSIDAD\SID2\proyectoIntegradorSid\ProyectoSid2-losIlucionistas\src\main\java\co\icesi\UniPlan\service\EventService.java. Using fallback presentation compiler.
2026.05.30 13:32:44 INFO  no build target found for C:\Users\carol\Desktop\UNIVERSIDAD\SID2\proyectoIntegradorSid\ProyectoSid2-losIlucionistas\src\main\java\co\icesi\UniPlan\service\EventService.java. Using fallback presentation compiler.
2026.05.30 13:32:44 INFO  no build target found for C:\Users\carol\Desktop\UNIVERSIDAD\SID2\proyectoIntegradorSid\ProyectoSid2-losIlucionistas\src\main\java\co\icesi\UniPlan\service\EventService.java. Using fallback presentation compiler.
2026.05.30 13:32:52 INFO  no build target found for C:\Users\carol\Desktop\UNIVERSIDAD\SID2\proyectoIntegradorSid\ProyectoSid2-losIlucionistas\src\main\java\co\icesi\UniPlan\service\EventService.java. Using fallback presentation compiler.
2026.05.30 13:32:52 INFO  no build target found for C:\Users\carol\Desktop\UNIVERSIDAD\SID2\proyectoIntegradorSid\ProyectoSid2-losIlucionistas\src\main\java\co\icesi\UniPlan\service\EventService.java. Using fallback presentation compiler.
2026.05.30 13:32:52 INFO  no build target found for C:\Users\carol\Desktop\UNIVERSIDAD\SID2\proyectoIntegradorSid\ProyectoSid2-losIlucionistas\src\main\java\co\icesi\UniPlan\service\EventService.java. Using fallback presentation compiler.
2026.05.30 13:32:52 INFO  no build target found for C:\Users\carol\Desktop\UNIVERSIDAD\SID2\proyectoIntegradorSid\ProyectoSid2-losIlucionistas\src\main\java\co\icesi\UniPlan\service\EventService.java. Using fallback presentation compiler.
2026.05.30 13:32:52 INFO  no build target found for C:\Users\carol\Desktop\UNIVERSIDAD\SID2\proyectoIntegradorSid\ProyectoSid2-losIlucionistas\src\main\java\co\icesi\UniPlan\service\EventService.java. Using fallback presentation compiler.
2026.05.30 13:32:52 INFO  no build target found for C:\Users\carol\Desktop\UNIVERSIDAD\SID2\proyectoIntegradorSid\ProyectoSid2-losIlucionistas\src\main\java\co\icesi\UniPlan\service\EventService.java. Using fallback presentation compiler.
2026.05.30 13:32:53 WARN  no build target for: C:\Users\carol\Desktop\UNIVERSIDAD\SID2\proyectoIntegradorSid\ProyectoSid2-losIlucionistas\src\main\java\co\icesi\UniPlan\service\EventService.java
2026.05.30 13:32:53 INFO  no build target found for C:\Users\carol\Desktop\UNIVERSIDAD\SID2\proyectoIntegradorSid\ProyectoSid2-losIlucionistas\src\main\java\co\icesi\UniPlan\service\EventService.java. Using fallback presentation compiler.
2026.05.30 13:32:53 INFO  Created report: Optional[file:///C:/Users/carol/Desktop/UNIVERSIDAD/SID2/proyectoIntegradorSid/ProyectoSid2-losIlucionistas/src/main/java/co/icesi/UniPlan/service/EventService.java]
2026.05.30 13:32:53 INFO  QDox parse error in file:///C:/Users/carol/Desktop/UNIVERSIDAD/SID2/proyectoIntegradorSid/ProyectoSid2-losIlucionistas/src/main/java/co/icesi/UniPlan/service/EventService.java (full report at: "C:\Users\carol\Desktop\UNIVERSIDAD\SID2\proyectoIntegradorSid\ProyectoSid2-losIlucionistas\.metals\.reports\metals-full\2026-05-30\r_qdox-error_13-32-53-008.md")
2026.05.30 13:32:53 WARN  Running javac-semanticdb failed for file:///C:/Users/carol/Desktop/UNIVERSIDAD/SID2/proyectoIntegradorSid/ProyectoSid2-losIlucionistas/src/main/java/co/icesi/UniPlan/service/EventService.java. Output:

2026.05.30 13:32:53 INFO  no build target found for C:\Users\carol\Desktop\UNIVERSIDAD\SID2\proyectoIntegradorSid\ProyectoSid2-losIlucionistas\src\main\java\co\icesi\UniPlan\service\EventService.java. Using fallback presentation compiler.
2026.05.30 13:32:53 INFO  no build target found for C:\Users\carol\Desktop\UNIVERSIDAD\SID2\proyectoIntegradorSid\ProyectoSid2-losIlucionistas\src\main\java\co\icesi\UniPlan\service\EventService.java. Using fallback presentation compiler.
2026.05.30 13:32:53 INFO  no build target found for C:\Users\carol\Desktop\UNIVERSIDAD\SID2\proyectoIntegradorSid\ProyectoSid2-losIlucionistas\src\main\java\co\icesi\UniPlan\service\EventService.java. Using fallback presentation compiler.
2026.05.30 13:32:53 INFO  no build target found for C:\Users\carol\Desktop\UNIVERSIDAD\SID2\proyectoIntegradorSid\ProyectoSid2-losIlucionistas\src\main\java\co\icesi\UniPlan\service\EventService.java. Using fallback presentation compiler.
2026.05.30 13:32:53 INFO  no build target found for C:\Users\carol\Desktop\UNIVERSIDAD\SID2\proyectoIntegradorSid\ProyectoSid2-losIlucionistas\src\main\java\co\icesi\UniPlan\service\EventService.java. Using fallback presentation compiler.
2026.05.30 13:32:53 INFO  no build target found for C:\Users\carol\Desktop\UNIVERSIDAD\SID2\proyectoIntegradorSid\ProyectoSid2-losIlucionistas\src\main\java\co\icesi\UniPlan\service\EventService.java. Using fallback presentation compiler.
2026.05.30 13:32:53 INFO  no build target found for C:\Users\carol\Desktop\UNIVERSIDAD\SID2\proyectoIntegradorSid\ProyectoSid2-losIlucionistas\src\main\java\co\icesi\UniPlan\service\EventService.java. Using fallback presentation compiler.
2026.05.30 13:32:54 INFO  no build target found for C:\Users\carol\Desktop\UNIVERSIDAD\SID2\proyectoIntegradorSid\ProyectoSid2-losIlucionistas\src\main\java\co\icesi\UniPlan\service\EventService.java. Using fallback presentation compiler.
2026.05.30 13:32:54 INFO  no build target found for C:\Users\carol\Desktop\UNIVERSIDAD\SID2\proyectoIntegradorSid\ProyectoSid2-losIlucionistas\src\main\java\co\icesi\UniPlan\service\EventService.java. Using fallback presentation compiler.
2026.05.30 13:32:54 WARN  no build target for: C:\Users\carol\Desktop\UNIVERSIDAD\SID2\proyectoIntegradorSid\ProyectoSid2-losIlucionistas\src\main\java\co\icesi\UniPlan\service\EventService.java
2026.05.30 13:32:54 INFO  QDox parse error in file:///C:/Users/carol/Desktop/UNIVERSIDAD/SID2/proyectoIntegradorSid/ProyectoSid2-losIlucionistas/src/main/java/co/icesi/UniPlan/service/EventService.java (full report at: "C:\Users\carol\Desktop\UNIVERSIDAD\SID2\proyectoIntegradorSid\ProyectoSid2-losIlucionistas\.metals\.reports\metals-full\2026-05-30\r_qdox-error_13-32-53-008.md")
2026.05.30 13:32:54 INFO  no build target found for C:\Users\carol\Desktop\UNIVERSIDAD\SID2\proyectoIntegradorSid\ProyectoSid2-losIlucionistas\src\main\java\co\icesi\UniPlan\service\EventService.java. Using fallback presentation compiler.
2026.05.30 13:32:54 WARN  Running javac-semanticdb failed for file:///C:/Users/carol/Desktop/UNIVERSIDAD/SID2/proyectoIntegradorSid/ProyectoSid2-losIlucionistas/src/main/java/co/icesi/UniPlan/service/EventService.java. Output:

2026.05.30 13:32:55 INFO  no build target found for C:\Users\carol\Desktop\UNIVERSIDAD\SID2\proyectoIntegradorSid\ProyectoSid2-losIlucionistas\src\main\java\co\icesi\UniPlan\service\EventService.java. Using fallback presentation compiler.
2026.05.30 13:32:55 INFO  no build target found for C:\Users\carol\Desktop\UNIVERSIDAD\SID2\proyectoIntegradorSid\ProyectoSid2-losIlucionistas\src\main\java\co\icesi\UniPlan\service\EventService.java. Using fallback presentation compiler.
2026.05.30 13:32:55 INFO  no build target found for C:\Users\carol\Desktop\UNIVERSIDAD\SID2\proyectoIntegradorSid\ProyectoSid2-losIlucionistas\src\main\java\co\icesi\UniPlan\service\EventService.java. Using fallback presentation compiler.
2026.05.30 13:32:55 INFO  no build target found for C:\Users\carol\Desktop\UNIVERSIDAD\SID2\proyectoIntegradorSid\ProyectoSid2-losIlucionistas\src\main\java\co\icesi\UniPlan\service\EventService.java. Using fallback presentation compiler.
2026.05.30 13:32:56 INFO  no build target found for C:\Users\carol\Desktop\UNIVERSIDAD\SID2\proyectoIntegradorSid\ProyectoSid2-losIlucionistas\src\main\java\co\icesi\UniPlan\service\EventService.java. Using fallback presentation compiler.
may 30, 2026 1:32:57 P. M. org.eclipse.lsp4j.jsonrpc.RemoteEndpoint handleCancellation
WARNING: Unmatched cancel notification for request id 1697
2026.05.30 13:32:56 INFO  no build target found for C:\Users\carol\Desktop\UNIVERSIDAD\SID2\proyectoIntegradorSid\ProyectoSid2-losIlucionistas\src\main\java\co\icesi\UniPlan\service\EventService.java. Using fallback presentation compiler.
2026.05.30 13:32:57 WARN  no build target for: C:\Users\carol\Desktop\UNIVERSIDAD\SID2\proyectoIntegradorSid\ProyectoSid2-losIlucionistas\src\main\java\co\icesi\UniPlan\service\EventService.java
2026.05.30 13:32:57 INFO  QDox parse error in file:///C:/Users/carol/Desktop/UNIVERSIDAD/SID2/proyectoIntegradorSid/ProyectoSid2-losIlucionistas/src/main/java/co/icesi/UniPlan/service/EventService.java (full report at: "C:\Users\carol\Desktop\UNIVERSIDAD\SID2\proyectoIntegradorSid\ProyectoSid2-losIlucionistas\.metals\.reports\metals-full\2026-05-30\r_qdox-error_13-32-53-008.md")
2026.05.30 13:32:58 WARN  Running javac-semanticdb failed for file:///C:/Users/carol/Desktop/UNIVERSIDAD/SID2/proyectoIntegradorSid/ProyectoSid2-losIlucionistas/src/main/java/co/icesi/UniPlan/service/EventService.java. Output:

2026.05.30 13:32:58 INFO  no build target found for C:\Users\carol\Desktop\UNIVERSIDAD\SID2\proyectoIntegradorSid\ProyectoSid2-losIlucionistas\src\main\java\co\icesi\UniPlan\service\EventService.java. Using fallback presentation compiler.
2026.05.30 13:32:59 INFO  no build target found for C:\Users\carol\Desktop\UNIVERSIDAD\SID2\proyectoIntegradorSid\ProyectoSid2-losIlucionistas\src\main\java\co\icesi\UniPlan\service\EventService.java. Using fallback presentation compiler.
2026.05.30 13:33:00 INFO  no build target found for C:\Users\carol\Desktop\UNIVERSIDAD\SID2\proyectoIntegradorSid\ProyectoSid2-losIlucionistas\src\main\java\co\icesi\UniPlan\service\EventService.java. Using fallback presentation compiler.
2026.05.30 13:33:00 INFO  no build target found for C:\Users\carol\Desktop\UNIVERSIDAD\SID2\proyectoIntegradorSid\ProyectoSid2-losIlucionistas\src\main\java\co\icesi\UniPlan\service\EventService.java. Using fallback presentation compiler.
2026.05.30 13:33:00 INFO  no build target found for C:\Users\carol\Desktop\UNIVERSIDAD\SID2\proyectoIntegradorSid\ProyectoSid2-losIlucionistas\src\main\java\co\icesi\UniPlan\service\EventService.java. Using fallback presentation compiler.
2026.05.30 13:33:01 INFO  no build target found for C:\Users\carol\Desktop\UNIVERSIDAD\SID2\proyectoIntegradorSid\ProyectoSid2-losIlucionistas\src\main\java\co\icesi\UniPlan\service\EventService.java. Using fallback presentation compiler.
2026.05.30 13:33:00 INFO  no build target found for C:\Users\carol\Desktop\UNIVERSIDAD\SID2\proyectoIntegradorSid\ProyectoSid2-losIlucionistas\src\main\java\co\icesi\UniPlan\service\EventService.java. Using fallback presentation compiler.
2026.05.30 13:33:00 INFO  no build target found for C:\Users\carol\Desktop\UNIVERSIDAD\SID2\proyectoIntegradorSid\ProyectoSid2-losIlucionistas\src\main\java\co\icesi\UniPlan\service\EventService.java. Using fallback presentation compiler.
2026.05.30 13:33:00 INFO  no build target found for C:\Users\carol\Desktop\UNIVERSIDAD\SID2\proyectoIntegradorSid\ProyectoSid2-losIlucionistas\src\main\java\co\icesi\UniPlan\service\EventService.java. Using fallback presentation compiler.
2026.05.30 13:33:00 INFO  no build target found for C:\Users\carol\Desktop\UNIVERSIDAD\SID2\proyectoIntegradorSid\ProyectoSid2-losIlucionistas\src\main\java\co\icesi\UniPlan\service\EventService.java. Using fallback presentation compiler.
may 30, 2026 1:33:02 P. M. org.eclipse.lsp4j.jsonrpc.RemoteEndpoint handleCancellation
WARNING: Unmatched cancel notification for request id 1713
2026.05.30 13:33:02 INFO  no build target found for C:\Users\carol\Desktop\UNIVERSIDAD\SID2\proyectoIntegradorSid\ProyectoSid2-losIlucionistas\src\main\java\co\icesi\UniPlan\service\EventService.java. Using fallback presentation compiler.
2026.05.30 13:33:02 WARN  no build target for: C:\Users\carol\Desktop\UNIVERSIDAD\SID2\proyectoIntegradorSid\ProyectoSid2-losIlucionistas\src\main\java\co\icesi\UniPlan\service\EventService.java
2026.05.30 13:33:02 INFO  no build target found for C:\Users\carol\Desktop\UNIVERSIDAD\SID2\proyectoIntegradorSid\ProyectoSid2-losIlucionistas\src\main\java\co\icesi\UniPlan\service\EventService.java. Using fallback presentation compiler.
2026.05.30 13:33:04 INFO  no build target found for C:\Users\carol\Desktop\UNIVERSIDAD\SID2\proyectoIntegradorSid\ProyectoSid2-losIlucionistas\src\main\java\co\icesi\UniPlan\service\EventService.java. Using fallback presentation compiler.
2026.05.30 13:33:08 INFO  no build target found for C:\Users\carol\Desktop\UNIVERSIDAD\SID2\proyectoIntegradorSid\ProyectoSid2-losIlucionistas\src\main\java\co\icesi\UniPlan\service\EventService.java. Using fallback presentation compiler.
2026.05.30 13:33:08 INFO  no build target found for C:\Users\carol\Desktop\UNIVERSIDAD\SID2\proyectoIntegradorSid\ProyectoSid2-losIlucionistas\src\main\java\co\icesi\UniPlan\service\EventService.java. Using fallback presentation compiler.
2026.05.30 13:33:08 INFO  no build target found for C:\Users\carol\Desktop\UNIVERSIDAD\SID2\proyectoIntegradorSid\ProyectoSid2-losIlucionistas\src\main\java\co\icesi\UniPlan\service\EventService.java. Using fallback presentation compiler.
2026.05.30 13:33:08 INFO  no build target found for C:\Users\carol\Desktop\UNIVERSIDAD\SID2\proyectoIntegradorSid\ProyectoSid2-losIlucionistas\src\main\java\co\icesi\UniPlan\service\EventService.java. Using fallback presentation compiler.
2026.05.30 13:33:08 INFO  no build target found for C:\Users\carol\Desktop\UNIVERSIDAD\SID2\proyectoIntegradorSid\ProyectoSid2-losIlucionistas\src\main\java\co\icesi\UniPlan\service\EventService.java. Using fallback presentation compiler.
2026.05.30 13:33:08 INFO  no build target found for C:\Users\carol\Desktop\UNIVERSIDAD\SID2\proyectoIntegradorSid\ProyectoSid2-losIlucionistas\src\main\java\co\icesi\UniPlan\service\EventService.java. Using fallback presentation compiler.
2026.05.30 13:33:10 WARN  no build target for: C:\Users\carol\Desktop\UNIVERSIDAD\SID2\proyectoIntegradorSid\ProyectoSid2-losIlucionistas\src\main\java\co\icesi\UniPlan\service\EventService.java
2026.05.30 13:33:10 INFO  no build target found for C:\Users\carol\Desktop\UNIVERSIDAD\SID2\proyectoIntegradorSid\ProyectoSid2-losIlucionistas\src\main\java\co\icesi\UniPlan\service\EventService.java. Using fallback presentation compiler.
2026.05.30 13:33:10 INFO  no build target found for C:\Users\carol\Desktop\UNIVERSIDAD\SID2\proyectoIntegradorSid\ProyectoSid2-losIlucionistas\src\main\java\co\icesi\UniPlan\service\EventService.java. Using fallback presentation compiler.
2026.05.30 13:33:10 INFO  no build target found for C:\Users\carol\Desktop\UNIVERSIDAD\SID2\proyectoIntegradorSid\ProyectoSid2-losIlucionistas\src\main\java\co\icesi\UniPlan\service\EventService.java. Using fallback presentation compiler.
2026.05.30 13:33:11 INFO  no build target found for C:\Users\carol\Desktop\UNIVERSIDAD\SID2\proyectoIntegradorSid\ProyectoSid2-losIlucionistas\src\main\java\co\icesi\UniPlan\service\EventService.java. Using fallback presentation compiler.
2026.05.30 13:33:11 INFO  no build target found for C:\Users\carol\Desktop\UNIVERSIDAD\SID2\proyectoIntegradorSid\ProyectoSid2-losIlucionistas\src\main\java\co\icesi\UniPlan\service\EventService.java. Using fallback presentation compiler.
2026.05.30 13:33:11 INFO  no build target found for C:\Users\carol\Desktop\UNIVERSIDAD\SID2\proyectoIntegradorSid\ProyectoSid2-losIlucionistas\src\main\java\co\icesi\UniPlan\service\EventService.java. Using fallback presentation compiler.
2026.05.30 13:33:12 INFO  no build target found for C:\Users\carol\Desktop\UNIVERSIDAD\SID2\proyectoIntegradorSid\ProyectoSid2-losIlucionistas\src\main\java\co\icesi\UniPlan\service\EventService.java. Using fallback presentation compiler.
2026.05.30 13:33:12 INFO  no build target found for C:\Users\carol\Desktop\UNIVERSIDAD\SID2\proyectoIntegradorSid\ProyectoSid2-losIlucionistas\src\main\java\co\icesi\UniPlan\service\EventService.java. Using fallback presentation compiler.
2026.05.30 13:33:12 WARN  no build target for: C:\Users\carol\Desktop\UNIVERSIDAD\SID2\proyectoIntegradorSid\ProyectoSid2-losIlucionistas\src\main\java\co\icesi\UniPlan\service\EventService.java
2026.05.30 13:33:13 INFO  no build target found for C:\Users\carol\Desktop\UNIVERSIDAD\SID2\proyectoIntegradorSid\ProyectoSid2-losIlucionistas\src\main\java\co\icesi\UniPlan\service\EventService.java. Using fallback presentation compiler.
2026.05.30 13:33:19 INFO  no build target found for C:\Users\carol\Desktop\UNIVERSIDAD\SID2\proyectoIntegradorSid\ProyectoSid2-losIlucionistas\src\main\java\co\icesi\UniPlan\service\EventService.java. Using fallback presentation compiler.
2026.05.30 13:33:20 INFO  no build target found for C:\Users\carol\Desktop\UNIVERSIDAD\SID2\proyectoIntegradorSid\ProyectoSid2-losIlucionistas\src\main\java\co\icesi\UniPlan\service\EventService.java. Using fallback presentation compiler.
2026.05.30 13:33:20 INFO  no build target found for C:\Users\carol\Desktop\UNIVERSIDAD\SID2\proyectoIntegradorSid\ProyectoSid2-losIlucionistas\src\main\java\co\icesi\UniPlan\service\EventService.java. Using fallback presentation compiler.
2026.05.30 13:33:21 INFO  no build target found for C:\Users\carol\Desktop\UNIVERSIDAD\SID2\proyectoIntegradorSid\ProyectoSid2-losIlucionistas\src\main\java\co\icesi\UniPlan\service\EventService.java. Using fallback presentation compiler.
2026.05.30 13:33:23 INFO  no build target found for C:\Users\carol\Desktop\UNIVERSIDAD\SID2\proyectoIntegradorSid\ProyectoSid2-losIlucionistas\src\main\java\co\icesi\UniPlan\service\EventService.java. Using fallback presentation compiler.
2026.05.30 13:33:23 INFO  no build target found for C:\Users\carol\Desktop\UNIVERSIDAD\SID2\proyectoIntegradorSid\ProyectoSid2-losIlucionistas\src\main\java\co\icesi\UniPlan\service\EventService.java. Using fallback presentation compiler.
2026.05.30 13:33:44 INFO  no build target found for C:\Users\carol\Desktop\UNIVERSIDAD\SID2\proyectoIntegradorSid\ProyectoSid2-losIlucionistas\src\main\java\co\icesi\UniPlan\service\EventService.java. Using fallback presentation compiler.
2026.05.30 13:33:44 INFO  no build target found for C:\Users\carol\Desktop\UNIVERSIDAD\SID2\proyectoIntegradorSid\ProyectoSid2-losIlucionistas\src\main\java\co\icesi\UniPlan\service\EventService.java. Using fallback presentation compiler.
2026.05.30 13:33:44 INFO  no build target found for C:\Users\carol\Desktop\UNIVERSIDAD\SID2\proyectoIntegradorSid\ProyectoSid2-losIlucionistas\src\main\java\co\icesi\UniPlan\service\EventService.java. Using fallback presentation compiler.
2026.05.30 13:33:45 INFO  no build target found for C:\Users\carol\Desktop\UNIVERSIDAD\SID2\proyectoIntegradorSid\ProyectoSid2-losIlucionistas\src\main\java\co\icesi\UniPlan\service\EventService.java. Using fallback presentation compiler.
2026.05.30 13:33:45 INFO  no build target found for C:\Users\carol\Desktop\UNIVERSIDAD\SID2\proyectoIntegradorSid\ProyectoSid2-losIlucionistas\src\main\java\co\icesi\UniPlan\service\EventService.java. Using fallback presentation compiler.
2026.05.30 13:33:47 INFO  no build target found for C:\Users\carol\Desktop\UNIVERSIDAD\SID2\proyectoIntegradorSid\ProyectoSid2-losIlucionistas\src\main\java\co\icesi\UniPlan\service\EventService.java. Using fallback presentation compiler.
2026.05.30 13:33:48 INFO  no build target found for C:\Users\carol\Desktop\UNIVERSIDAD\SID2\proyectoIntegradorSid\ProyectoSid2-losIlucionistas\src\main\java\co\icesi\UniPlan\service\EventService.java. Using fallback presentation compiler.
2026.05.30 13:33:48 INFO  no build target found for C:\Users\carol\Desktop\UNIVERSIDAD\SID2\proyectoIntegradorSid\ProyectoSid2-losIlucionistas\src\main\java\co\icesi\UniPlan\service\EventService.java. Using fallback presentation compiler.
2026.05.30 13:33:53 INFO  no build target found for C:\Users\carol\Desktop\UNIVERSIDAD\SID2\proyectoIntegradorSid\ProyectoSid2-losIlucionistas\src\main\java\co\icesi\UniPlan\service\EventService.java. Using fallback presentation compiler.
2026.05.30 13:33:53 INFO  no build target found for C:\Users\carol\Desktop\UNIVERSIDAD\SID2\proyectoIntegradorSid\ProyectoSid2-losIlucionistas\src\main\java\co\icesi\UniPlan\service\EventService.java. Using fallback presentation compiler.
2026.05.30 13:33:53 INFO  no build target found for C:\Users\carol\Desktop\UNIVERSIDAD\SID2\proyectoIntegradorSid\ProyectoSid2-losIlucionistas\src\main\java\co\icesi\UniPlan\service\EventService.java. Using fallback presentation compiler.
2026.05.30 13:33:53 INFO  no build target found for C:\Users\carol\Desktop\UNIVERSIDAD\SID2\proyectoIntegradorSid\ProyectoSid2-losIlucionistas\src\main\java\co\icesi\UniPlan\service\EventService.java. Using fallback presentation compiler.
2026.05.30 13:33:54 INFO  no build target found for C:\Users\carol\Desktop\UNIVERSIDAD\SID2\proyectoIntegradorSid\ProyectoSid2-losIlucionistas\src\main\java\co\icesi\UniPlan\service\EventService.java. Using fallback presentation compiler.
2026.05.30 13:33:54 INFO  no build target found for C:\Users\carol\Desktop\UNIVERSIDAD\SID2\proyectoIntegradorSid\ProyectoSid2-losIlucionistas\src\main\java\co\icesi\UniPlan\service\EventService.java. Using fallback presentation compiler.
2026.05.30 13:33:54 INFO  no build target found for C:\Users\carol\Desktop\UNIVERSIDAD\SID2\proyectoIntegradorSid\ProyectoSid2-losIlucionistas\src\main\java\co\icesi\UniPlan\service\EventService.java. Using fallback presentation compiler.
2026.05.30 13:33:55 WARN  no build target for: C:\Users\carol\Desktop\UNIVERSIDAD\SID2\proyectoIntegradorSid\ProyectoSid2-losIlucionistas\src\main\java\co\icesi\UniPlan\service\EventService.java
2026.05.30 13:33:55 INFO  no build target found for C:\Users\carol\Desktop\UNIVERSIDAD\SID2\proyectoIntegradorSid\ProyectoSid2-losIlucionistas\src\main\java\co\icesi\UniPlan\service\EventService.java. Using fallback presentation compiler.
2026.05.30 13:33:56 INFO  no build target found for C:\Users\carol\Desktop\UNIVERSIDAD\SID2\proyectoIntegradorSid\ProyectoSid2-losIlucionistas\src\main\java\co\icesi\UniPlan\service\EventService.java. Using fallback presentation compiler.
2026.05.30 13:33:57 INFO  no build target found for C:\Users\carol\Desktop\UNIVERSIDAD\SID2\proyectoIntegradorSid\ProyectoSid2-losIlucionistas\src\main\java\co\icesi\UniPlan\service\EventService.java. Using fallback presentation compiler.
2026.05.30 13:33:57 INFO  no build target found for C:\Users\carol\Desktop\UNIVERSIDAD\SID2\proyectoIntegradorSid\ProyectoSid2-losIlucionistas\src\main\java\co\icesi\UniPlan\service\EventService.java. Using fallback presentation compiler.
2026.05.30 13:33:57 INFO  no build target found for C:\Users\carol\Desktop\UNIVERSIDAD\SID2\proyectoIntegradorSid\ProyectoSid2-losIlucionistas\src\main\java\co\icesi\UniPlan\service\EventService.java. Using fallback presentation compiler.
2026.05.30 13:34:01 INFO  no build target found for C:\Users\carol\Desktop\UNIVERSIDAD\SID2\proyectoIntegradorSid\ProyectoSid2-losIlucionistas\src\main\java\co\icesi\UniPlan\service\EventService.java. Using fallback presentation compiler.
2026.05.30 13:34:01 INFO  no build target found for C:\Users\carol\Desktop\UNIVERSIDAD\SID2\proyectoIntegradorSid\ProyectoSid2-losIlucionistas\src\main\java\co\icesi\UniPlan\service\EventService.java. Using fallback presentation compiler.
2026.05.30 13:34:02 INFO  no build target found for C:\Users\carol\Desktop\UNIVERSIDAD\SID2\proyectoIntegradorSid\ProyectoSid2-losIlucionistas\src\main\java\co\icesi\UniPlan\service\EventService.java. Using fallback presentation compiler.
2026.05.30 13:34:02 INFO  Created report: Optional[file:///C:/Users/carol/Desktop/UNIVERSIDAD/SID2/proyectoIntegradorSid/ProyectoSid2-losIlucionistas/src/main/java/co/icesi/UniPlan/service/EventService.java]
2026.05.30 13:34:02 INFO  empty definition using pc, found symbol in pc: _empty_/EventDetails#getMinSemester# (full report at: "C:\Users\carol\Desktop\UNIVERSIDAD\SID2\proyectoIntegradorSid\ProyectoSid2-losIlucionistas\.metals\.reports\metals-full\2026-05-30\r_empty-definition_13-34-02-759.md")
2026.05.30 13:34:02 INFO  no build target found for C:\Users\carol\Desktop\UNIVERSIDAD\SID2\proyectoIntegradorSid\ProyectoSid2-losIlucionistas\src\main\java\co\icesi\UniPlan\model\mongo\EventDetails.java. Using fallback presentation compiler.
2026.05.30 13:34:02 INFO  no build target found for C:\Users\carol\Desktop\UNIVERSIDAD\SID2\proyectoIntegradorSid\ProyectoSid2-losIlucionistas\src\main\java\co\icesi\UniPlan\service\EventService.java. Using fallback presentation compiler.
2026.05.30 13:34:02 INFO  no build target found for C:\Users\carol\Desktop\UNIVERSIDAD\SID2\proyectoIntegradorSid\ProyectoSid2-losIlucionistas\src\main\java\co\icesi\UniPlan\service\EventService.java. Using fallback presentation compiler.
2026.05.30 13:34:02 INFO  no build target found for C:\Users\carol\Desktop\UNIVERSIDAD\SID2\proyectoIntegradorSid\ProyectoSid2-losIlucionistas\src\main\java\co\icesi\UniPlan\service\EventService.java. Using fallback presentation compiler.
2026.05.30 13:34:03 INFO  no build target found for C:\Users\carol\Desktop\UNIVERSIDAD\SID2\proyectoIntegradorSid\ProyectoSid2-losIlucionistas\src\main\java\co\icesi\UniPlan\service\EventService.java. Using fallback presentation compiler.
2026.05.30 13:34:02 INFO  no build target found for C:\Users\carol\Desktop\UNIVERSIDAD\SID2\proyectoIntegradorSid\ProyectoSid2-losIlucionistas\src\main\java\co\icesi\UniPlan\service\EventService.java. Using fallback presentation compiler.
2026.05.30 13:34:02 INFO  no build target found for C:\Users\carol\Desktop\UNIVERSIDAD\SID2\proyectoIntegradorSid\ProyectoSid2-losIlucionistas\src\main\java\co\icesi\UniPlan\service\EventService.java. Using fallback presentation compiler.
2026.05.30 13:34:03 WARN  no build target for: C:\Users\carol\Desktop\UNIVERSIDAD\SID2\proyectoIntegradorSid\ProyectoSid2-losIlucionistas\src\main\java\co\icesi\UniPlan\service\EventService.java
2026.05.30 13:34:03 INFO  no build target found for C:\Users\carol\Desktop\UNIVERSIDAD\SID2\proyectoIntegradorSid\ProyectoSid2-losIlucionistas\src\main\java\co\icesi\UniPlan\service\EventService.java. Using fallback presentation compiler.
2026.05.30 13:34:04 INFO  no build target found for C:\Users\carol\Desktop\UNIVERSIDAD\SID2\proyectoIntegradorSid\ProyectoSid2-losIlucionistas\src\main\java\co\icesi\UniPlan\service\EventService.java. Using fallback presentation compiler.
2026.05.30 13:34:04 INFO  no build target found for C:\Users\carol\Desktop\UNIVERSIDAD\SID2\proyectoIntegradorSid\ProyectoSid2-losIlucionistas\src\main\java\co\icesi\UniPlan\service\EventService.java. Using fallback presentation compiler.
2026.05.30 13:34:16 INFO  no build target found for C:\Users\carol\Desktop\UNIVERSIDAD\SID2\proyectoIntegradorSid\ProyectoSid2-losIlucionistas\src\main\java\co\icesi\UniPlan\service\EventService.java. Using fallback presentation compiler.
2026.05.30 13:34:16 INFO  no build target found for C:\Users\carol\Desktop\UNIVERSIDAD\SID2\proyectoIntegradorSid\ProyectoSid2-losIlucionistas\src\main\java\co\icesi\UniPlan\service\EventService.java. Using fallback presentation compiler.
2026.05.30 13:34:16 INFO  no build target found for C:\Users\carol\Desktop\UNIVERSIDAD\SID2\proyectoIntegradorSid\ProyectoSid2-losIlucionistas\src\main\java\co\icesi\UniPlan\service\EventService.java. Using fallback presentation compiler.
2026.05.30 13:34:16 INFO  no build target found for C:\Users\carol\Desktop\UNIVERSIDAD\SID2\proyectoIntegradorSid\ProyectoSid2-losIlucionistas\src\main\java\co\icesi\UniPlan\service\EventService.java. Using fallback presentation compiler.
2026.05.30 13:34:16 INFO  no build target found for C:\Users\carol\Desktop\UNIVERSIDAD\SID2\proyectoIntegradorSid\ProyectoSid2-losIlucionistas\src\main\java\co\icesi\UniPlan\service\EventService.java. Using fallback presentation compiler.
2026.05.30 13:34:18 INFO  no build target found for C:\Users\carol\Desktop\UNIVERSIDAD\SID2\proyectoIntegradorSid\ProyectoSid2-losIlucionistas\src\main\java\co\icesi\UniPlan\service\EventService.java. Using fallback presentation compiler.
2026.05.30 13:34:18 INFO  no build target found for C:\Users\carol\Desktop\UNIVERSIDAD\SID2\proyectoIntegradorSid\ProyectoSid2-losIlucionistas\src\main\java\co\icesi\UniPlan\service\EventService.java. Using fallback presentation compiler.
2026.05.30 13:34:19 INFO  no build target found for C:\Users\carol\Desktop\UNIVERSIDAD\SID2\proyectoIntegradorSid\ProyectoSid2-losIlucionistas\src\main\java\co\icesi\UniPlan\service\EventService.java. Using fallback presentation compiler.
2026.05.30 13:34:19 INFO  no build target found for C:\Users\carol\Desktop\UNIVERSIDAD\SID2\proyectoIntegradorSid\ProyectoSid2-losIlucionistas\src\main\java\co\icesi\UniPlan\service\EventService.java. Using fallback presentation compiler.
2026.05.30 13:34:19 INFO  no build target found for C:\Users\carol\Desktop\UNIVERSIDAD\SID2\proyectoIntegradorSid\ProyectoSid2-losIlucionistas\src\main\java\co\icesi\UniPlan\service\EventService.java. Using fallback presentation compiler.
2026.05.30 13:34:19 INFO  no build target found for C:\Users\carol\Desktop\UNIVERSIDAD\SID2\proyectoIntegradorSid\ProyectoSid2-losIlucionistas\src\main\java\co\icesi\UniPlan\service\EventService.java. Using fallback presentation compiler.
2026.05.30 13:34:20 INFO  no build target found for C:\Users\carol\Desktop\UNIVERSIDAD\SID2\proyectoIntegradorSid\ProyectoSid2-losIlucionistas\src\main\java\co\icesi\UniPlan\service\EventService.java. Using fallback presentation compiler.
2026.05.30 13:34:21 INFO  no build target found for C:\Users\carol\Desktop\UNIVERSIDAD\SID2\proyectoIntegradorSid\ProyectoSid2-losIlucionistas\src\main\java\co\icesi\UniPlan\service\EventService.java. Using fallback presentation compiler.
2026.05.30 13:34:21 INFO  no build target found for C:\Users\carol\Desktop\UNIVERSIDAD\SID2\proyectoIntegradorSid\ProyectoSid2-losIlucionistas\src\main\java\co\icesi\UniPlan\service\EventService.java. Using fallback presentation compiler.
2026.05.30 13:34:21 WARN  no build target for: C:\Users\carol\Desktop\UNIVERSIDAD\SID2\proyectoIntegradorSid\ProyectoSid2-losIlucionistas\src\main\java\co\icesi\UniPlan\service\EventService.java
2026.05.30 13:34:21 INFO  no build target found for C:\Users\carol\Desktop\UNIVERSIDAD\SID2\proyectoIntegradorSid\ProyectoSid2-losIlucionistas\src\main\java\co\icesi\UniPlan\service\EventService.java. Using fallback presentation compiler.
2026.05.30 13:34:22 INFO  no build target found for C:\Users\carol\Desktop\UNIVERSIDAD\SID2\proyectoIntegradorSid\ProyectoSid2-losIlucionistas\src\main\java\co\icesi\UniPlan\service\EventService.java. Using fallback presentation compiler.
2026.05.30 13:34:22 INFO  no build target found for C:\Users\carol\Desktop\UNIVERSIDAD\SID2\proyectoIntegradorSid\ProyectoSid2-losIlucionistas\src\main\java\co\icesi\UniPlan\service\EventService.java. Using fallback presentation compiler.
2026.05.30 13:34:24 INFO  no build target found for C:\Users\carol\Desktop\UNIVERSIDAD\SID2\proyectoIntegradorSid\ProyectoSid2-losIlucionistas\src\main\java\co\icesi\UniPlan\service\EventService.java. Using fallback presentation compiler.
2026.05.30 13:34:24 INFO  no build target found for C:\Users\carol\Desktop\UNIVERSIDAD\SID2\proyectoIntegradorSid\ProyectoSid2-losIlucionistas\src\main\java\co\icesi\UniPlan\service\EventService.java. Using fallback presentation compiler.
2026.05.30 13:34:25 INFO  no build target found for C:\Users\carol\Desktop\UNIVERSIDAD\SID2\proyectoIntegradorSid\ProyectoSid2-losIlucionistas\src\main\java\co\icesi\UniPlan\service\EventService.java. Using fallback presentation compiler.
2026.05.30 13:34:25 INFO  no build target found for C:\Users\carol\Desktop\UNIVERSIDAD\SID2\proyectoIntegradorSid\ProyectoSid2-losIlucionistas\src\main\java\co\icesi\UniPlan\service\EventService.java. Using fallback presentation compiler.
2026.05.30 13:34:28 INFO  no build target found for C:\Users\carol\Desktop\UNIVERSIDAD\SID2\proyectoIntegradorSid\ProyectoSid2-losIlucionistas\src\main\java\co\icesi\UniPlan\service\EventService.java. Using fallback presentation compiler.
2026.05.30 13:34:28 INFO  no build target found for C:\Users\carol\Desktop\UNIVERSIDAD\SID2\proyectoIntegradorSid\ProyectoSid2-losIlucionistas\src\main\java\co\icesi\UniPlan\service\EventService.java. Using fallback presentation compiler.
2026.05.30 13:34:29 INFO  no build target found for C:\Users\carol\Desktop\UNIVERSIDAD\SID2\proyectoIntegradorSid\ProyectoSid2-losIlucionistas\src\main\java\co\icesi\UniPlan\service\EventService.java. Using fallback presentation compiler.
2026.05.30 13:34:29 INFO  no build target found for C:\Users\carol\Desktop\UNIVERSIDAD\SID2\proyectoIntegradorSid\ProyectoSid2-losIlucionistas\src\main\java\co\icesi\UniPlan\service\EventService.java. Using fallback presentation compiler.
2026.05.30 13:34:29 INFO  no build target found for C:\Users\carol\Desktop\UNIVERSIDAD\SID2\proyectoIntegradorSid\ProyectoSid2-losIlucionistas\src\main\java\co\icesi\UniPlan\service\EventService.java. Using fallback presentation compiler.
2026.05.30 13:34:30 INFO  no build target found for C:\Users\carol\Desktop\UNIVERSIDAD\SID2\proyectoIntegradorSid\ProyectoSid2-losIlucionistas\src\main\java\co\icesi\UniPlan\service\EventService.java. Using fallback presentation compiler.
2026.05.30 13:34:29 INFO  no build target found for C:\Users\carol\Desktop\UNIVERSIDAD\SID2\proyectoIntegradorSid\ProyectoSid2-losIlucionistas\src\main\java\co\icesi\UniPlan\service\EventService.java. Using fallback presentation compiler.
2026.05.30 13:34:30 WARN  no build target for: C:\Users\carol\Desktop\UNIVERSIDAD\SID2\proyectoIntegradorSid\ProyectoSid2-losIlucionistas\src\main\java\co\icesi\UniPlan\service\EventService.java
2026.05.30 13:34:30 INFO  no build target found for C:\Users\carol\Desktop\UNIVERSIDAD\SID2\proyectoIntegradorSid\ProyectoSid2-losIlucionistas\src\main\java\co\icesi\UniPlan\service\EventService.java. Using fallback presentation compiler.
2026.05.30 13:34:31 INFO  no build target found for C:\Users\carol\Desktop\UNIVERSIDAD\SID2\proyectoIntegradorSid\ProyectoSid2-losIlucionistas\src\main\java\co\icesi\UniPlan\service\EventService.java. Using fallback presentation compiler.
2026.05.30 13:34:33 INFO  no build target found for C:\Users\carol\Desktop\UNIVERSIDAD\SID2\proyectoIntegradorSid\ProyectoSid2-losIlucionistas\src\main\java\co\icesi\UniPlan\service\EventService.java. Using fallback presentation compiler.
2026.05.30 13:44:27 INFO  no build target found for C:\Users\carol\Desktop\UNIVERSIDAD\SID2\proyectoIntegradorSid\ProyectoSid2-losIlucionistas\src\main\java\co\icesi\UniPlan\service\EventService.java. Using fallback presentation compiler.
2026.05.30 13:44:32 INFO  no build target found for C:\Users\carol\Desktop\UNIVERSIDAD\SID2\proyectoIntegradorSid\ProyectoSid2-losIlucionistas\src\main\java\co\icesi\UniPlan\service\EventService.java. Using fallback presentation compiler.
2026.05.30 13:44:32 INFO  no build target found for C:\Users\carol\Desktop\UNIVERSIDAD\SID2\proyectoIntegradorSid\ProyectoSid2-losIlucionistas\src\main\java\co\icesi\UniPlan\service\EventService.java. Using fallback presentation compiler.
2026.05.30 14:16:03 INFO  no build target found for C:\Users\carol\Desktop\UNIVERSIDAD\SID2\proyectoIntegradorSid\ProyectoSid2-losIlucionistas\src\main\java\co\icesi\UniPlan\controller\EventViewController.java. Using fallback presentation compiler.
2026.05.30 14:16:03 WARN  no build target for: C:\Users\carol\Desktop\UNIVERSIDAD\SID2\proyectoIntegradorSid\ProyectoSid2-losIlucionistas\src\main\java\co\icesi\UniPlan\controller\EventViewController.java
may 30, 2026 2:16:03 P. M. org.eclipse.lsp4j.jsonrpc.RemoteEndpoint handleCancellation
WARNING: Unmatched cancel notification for request id 1893
2026.05.30 14:16:03 INFO  no build target found for C:\Users\carol\Desktop\UNIVERSIDAD\SID2\proyectoIntegradorSid\ProyectoSid2-losIlucionistas\src\main\java\co\icesi\UniPlan\controller\EventViewController.java. Using fallback presentation compiler.
2026.05.30 14:16:04 INFO  no build target found for C:\Users\carol\Desktop\UNIVERSIDAD\SID2\proyectoIntegradorSid\ProyectoSid2-losIlucionistas\src\main\java\co\icesi\UniPlan\controller\EventViewController.java. Using fallback presentation compiler.
2026.05.30 14:16:04 INFO  no build target found for C:\Users\carol\Desktop\UNIVERSIDAD\SID2\proyectoIntegradorSid\ProyectoSid2-losIlucionistas\src\main\java\co\icesi\UniPlan\controller\EventViewController.java. Using fallback presentation compiler.
2026.05.30 14:16:05 INFO  no build target found for C:\Users\carol\Desktop\UNIVERSIDAD\SID2\proyectoIntegradorSid\ProyectoSid2-losIlucionistas\src\main\java\co\icesi\UniPlan\controller\EventViewController.java. Using fallback presentation compiler.
2026.05.30 14:16:08 INFO  no build target found for C:\Users\carol\Desktop\UNIVERSIDAD\SID2\proyectoIntegradorSid\ProyectoSid2-losIlucionistas\src\main\java\co\icesi\UniPlan\controller\EventViewController.java. Using fallback presentation compiler.
2026.05.30 14:16:16 INFO  no build target found for C:\Users\carol\Desktop\UNIVERSIDAD\SID2\proyectoIntegradorSid\ProyectoSid2-losIlucionistas\src\main\java\co\icesi\UniPlan\controller\EventViewController.java. Using fallback presentation compiler.
2026.05.30 14:16:16 INFO  no build target found for C:\Users\carol\Desktop\UNIVERSIDAD\SID2\proyectoIntegradorSid\ProyectoSid2-losIlucionistas\src\main\java\co\icesi\UniPlan\controller\EventViewController.java. Using fallback presentation compiler.
2026.05.30 14:16:16 INFO  no build target found for C:\Users\carol\Desktop\UNIVERSIDAD\SID2\proyectoIntegradorSid\ProyectoSid2-losIlucionistas\src\main\java\co\icesi\UniPlan\controller\EventViewController.java. Using fallback presentation compiler.
2026.05.30 14:16:16 INFO  no build target found for C:\Users\carol\Desktop\UNIVERSIDAD\SID2\proyectoIntegradorSid\ProyectoSid2-losIlucionistas\src\main\java\co\icesi\UniPlan\controller\EventViewController.java. Using fallback presentation compiler.
2026.05.30 14:16:16 INFO  Created report: Optional[file:///C:/Users/carol/Desktop/UNIVERSIDAD/SID2/proyectoIntegradorSid/ProyectoSid2-losIlucionistas/src/main/java/co/icesi/UniPlan/controller/EventViewController.java]
2026.05.30 14:16:16 INFO  empty definition using pc, found symbol in pc: _empty_/AppUser#getId# (full report at: "C:\Users\carol\Desktop\UNIVERSIDAD\SID2\proyectoIntegradorSid\ProyectoSid2-losIlucionistas\.metals\.reports\metals-full\2026-05-30\r_empty-definition_14-16-16-442.md")
2026.05.30 14:16:21 INFO  no build target found for C:\Users\carol\Desktop\UNIVERSIDAD\SID2\proyectoIntegradorSid\ProyectoSid2-losIlucionistas\src\main\java\co\icesi\UniPlan\controller\EventViewController.java. Using fallback presentation compiler.
2026.05.30 14:16:21 INFO  no build target found for C:\Users\carol\Desktop\UNIVERSIDAD\SID2\proyectoIntegradorSid\ProyectoSid2-losIlucionistas\src\main\java\co\icesi\UniPlan\controller\EventViewController.java. Using fallback presentation compiler.
2026.05.30 14:16:23 INFO  no build target found for C:\Users\carol\Desktop\UNIVERSIDAD\SID2\proyectoIntegradorSid\ProyectoSid2-losIlucionistas\src\main\java\co\icesi\UniPlan\controller\EventViewController.java. Using fallback presentation compiler.
2026.05.30 14:16:23 INFO  no build target found for C:\Users\carol\Desktop\UNIVERSIDAD\SID2\proyectoIntegradorSid\ProyectoSid2-losIlucionistas\src\main\java\co\icesi\UniPlan\controller\EventViewController.java. Using fallback presentation compiler.
2026.05.30 14:16:23 INFO  no build target found for C:\Users\carol\Desktop\UNIVERSIDAD\SID2\proyectoIntegradorSid\ProyectoSid2-losIlucionistas\src\main\java\co\icesi\UniPlan\controller\EventViewController.java. Using fallback presentation compiler.
2026.05.30 14:17:19 INFO  no build target found for C:\Users\carol\Desktop\UNIVERSIDAD\SID2\proyectoIntegradorSid\ProyectoSid2-losIlucionistas\src\main\java\co\icesi\UniPlan\service\EventService.java. Using fallback presentation compiler.
2026.05.30 14:17:19 WARN  no build target for: C:\Users\carol\Desktop\UNIVERSIDAD\SID2\proyectoIntegradorSid\ProyectoSid2-losIlucionistas\src\main\java\co\icesi\UniPlan\service\EventService.java
2026.05.30 14:17:19 INFO  no build target found for C:\Users\carol\Desktop\UNIVERSIDAD\SID2\proyectoIntegradorSid\ProyectoSid2-losIlucionistas\src\main\java\co\icesi\UniPlan\service\EventService.java. Using fallback presentation compiler.
2026.05.30 14:17:19 INFO  no build target found for C:\Users\carol\Desktop\UNIVERSIDAD\SID2\proyectoIntegradorSid\ProyectoSid2-losIlucionistas\src\main\java\co\icesi\UniPlan\service\EventService.java. Using fallback presentation compiler.
2026.05.30 14:17:19 INFO  no build target found for C:\Users\carol\Desktop\UNIVERSIDAD\SID2\proyectoIntegradorSid\ProyectoSid2-losIlucionistas\src\main\java\co\icesi\UniPlan\service\EventService.java. Using fallback presentation compiler.
may 30, 2026 2:17:19 P. M. org.eclipse.lsp4j.jsonrpc.RemoteEndpoint handleCancellation
WARNING: Unmatched cancel notification for request id 1923
2026.05.30 14:17:19 INFO  no build target found for C:\Users\carol\Desktop\UNIVERSIDAD\SID2\proyectoIntegradorSid\ProyectoSid2-losIlucionistas\src\main\java\co\icesi\UniPlan\service\EventService.java. Using fallback presentation compiler.
2026.05.30 14:17:25 INFO  no build target found for C:\Users\carol\Desktop\UNIVERSIDAD\SID2\proyectoIntegradorSid\ProyectoSid2-losIlucionistas\src\main\java\co\icesi\UniPlan\service\EventService.java. Using fallback presentation compiler.
2026.05.30 14:17:25 INFO  no build target found for C:\Users\carol\Desktop\UNIVERSIDAD\SID2\proyectoIntegradorSid\ProyectoSid2-losIlucionistas\src\main\java\co\icesi\UniPlan\service\EventService.java. Using fallback presentation compiler.
may 30, 2026 2:17:25 P. M. org.eclipse.lsp4j.jsonrpc.RemoteEndpoint handleCancellation
WARNING: Unmatched cancel notification for request id 1934
2026.05.30 14:17:27 INFO  no build target found for C:\Users\carol\Desktop\UNIVERSIDAD\SID2\proyectoIntegradorSid\ProyectoSid2-losIlucionistas\src\main\java\co\icesi\UniPlan\service\EventService.java. Using fallback presentation compiler.
2026.05.30 14:17:37 INFO  no build target found for C:\Users\carol\Desktop\UNIVERSIDAD\SID2\proyectoIntegradorSid\ProyectoSid2-losIlucionistas\src\main\java\co\icesi\UniPlan\service\EventService.java. Using fallback presentation compiler.
2026.05.30 14:17:38 INFO  no build target found for C:\Users\carol\Desktop\UNIVERSIDAD\SID2\proyectoIntegradorSid\ProyectoSid2-losIlucionistas\src\main\java\co\icesi\UniPlan\service\EventService.java. Using fallback presentation compiler.
2026.05.30 14:17:40 INFO  no build target found for C:\Users\carol\Desktop\UNIVERSIDAD\SID2\proyectoIntegradorSid\ProyectoSid2-losIlucionistas\src\main\java\co\icesi\UniPlan\service\EventService.java. Using fallback presentation compiler.
may 30, 2026 2:17:40 P. M. org.eclipse.lsp4j.jsonrpc.RemoteEndpoint handleCancellation
WARNING: Unmatched cancel notification for request id 1960
2026.05.30 14:17:41 INFO  no build target found for C:\Users\carol\Desktop\UNIVERSIDAD\SID2\proyectoIntegradorSid\ProyectoSid2-losIlucionistas\src\main\java\co\icesi\UniPlan\service\EventService.java. Using fallback presentation compiler.
2026.05.30 14:17:45 INFO  no build target found for C:\Users\carol\Desktop\UNIVERSIDAD\SID2\proyectoIntegradorSid\ProyectoSid2-losIlucionistas\src\main\java\co\icesi\UniPlan\service\EventService.java. Using fallback presentation compiler.
2026.05.30 14:17:52 INFO  no build target found for C:\Users\carol\Desktop\UNIVERSIDAD\SID2\proyectoIntegradorSid\ProyectoSid2-losIlucionistas\src\main\java\co\icesi\UniPlan\service\EventService.java. Using fallback presentation compiler.
2026.05.30 14:18:19 INFO  no build target found for C:\Users\carol\Desktop\UNIVERSIDAD\SID2\proyectoIntegradorSid\ProyectoSid2-losIlucionistas\src\main\java\co\icesi\UniPlan\service\EventService.java. Using fallback presentation compiler.
2026.05.30 14:18:21 INFO  no build target found for C:\Users\carol\Desktop\UNIVERSIDAD\SID2\proyectoIntegradorSid\ProyectoSid2-losIlucionistas\src\main\java\co\icesi\UniPlan\service\EventService.java. Using fallback presentation compiler.
2026.05.30 14:18:21 INFO  no build target found for C:\Users\carol\Desktop\UNIVERSIDAD\SID2\proyectoIntegradorSid\ProyectoSid2-losIlucionistas\src\main\java\co\icesi\UniPlan\service\EventService.java. Using fallback presentation compiler.
2026.05.30 14:18:21 INFO  no build target found for C:\Users\carol\Desktop\UNIVERSIDAD\SID2\proyectoIntegradorSid\ProyectoSid2-losIlucionistas\src\main\java\co\icesi\UniPlan\service\EventService.java. Using fallback presentation compiler.
2026.05.30 14:18:21 INFO  no build target found for C:\Users\carol\Desktop\UNIVERSIDAD\SID2\proyectoIntegradorSid\ProyectoSid2-losIlucionistas\src\main\java\co\icesi\UniPlan\service\EventService.java. Using fallback presentation compiler.
2026.05.30 14:18:23 INFO  no build target found for C:\Users\carol\Desktop\UNIVERSIDAD\SID2\proyectoIntegradorSid\ProyectoSid2-losIlucionistas\src\main\java\co\icesi\UniPlan\service\EventService.java. Using fallback presentation compiler.
2026.05.30 14:18:23 INFO  no build target found for C:\Users\carol\Desktop\UNIVERSIDAD\SID2\proyectoIntegradorSid\ProyectoSid2-losIlucionistas\src\main\java\co\icesi\UniPlan\service\EventService.java. Using fallback presentation compiler.
2026.05.30 14:18:23 INFO  no build target found for C:\Users\carol\Desktop\UNIVERSIDAD\SID2\proyectoIntegradorSid\ProyectoSid2-losIlucionistas\src\main\java\co\icesi\UniPlan\service\EventService.java. Using fallback presentation compiler.
2026.05.30 14:18:27 INFO  no build target found for C:\Users\carol\Desktop\UNIVERSIDAD\SID2\proyectoIntegradorSid\ProyectoSid2-losIlucionistas\src\main\java\co\icesi\UniPlan\service\EventService.java. Using fallback presentation compiler.
2026.05.30 14:18:27 INFO  no build target found for C:\Users\carol\Desktop\UNIVERSIDAD\SID2\proyectoIntegradorSid\ProyectoSid2-losIlucionistas\src\main\java\co\icesi\UniPlan\service\EventService.java. Using fallback presentation compiler.
2026.05.30 14:18:29 INFO  no build target found for C:\Users\carol\Desktop\UNIVERSIDAD\SID2\proyectoIntegradorSid\ProyectoSid2-losIlucionistas\src\main\java\co\icesi\UniPlan\service\EventService.java. Using fallback presentation compiler.
2026.05.30 14:18:29 INFO  no build target found for C:\Users\carol\Desktop\UNIVERSIDAD\SID2\proyectoIntegradorSid\ProyectoSid2-losIlucionistas\src\main\java\co\icesi\UniPlan\service\EventService.java. Using fallback presentation compiler.
may 30, 2026 2:18:29 P. M. org.eclipse.lsp4j.jsonrpc.RemoteEndpoint handleCancellation
WARNING: Unmatched cancel notification for request id 2003
2026.05.30 14:18:30 INFO  no build target found for C:\Users\carol\Desktop\UNIVERSIDAD\SID2\proyectoIntegradorSid\ProyectoSid2-losIlucionistas\src\main\java\co\icesi\UniPlan\service\EventService.java. Using fallback presentation compiler.
2026.05.30 14:18:30 INFO  no build target found for C:\Users\carol\Desktop\UNIVERSIDAD\SID2\proyectoIntegradorSid\ProyectoSid2-losIlucionistas\src\main\java\co\icesi\UniPlan\service\EventService.java. Using fallback presentation compiler.
2026.05.30 14:18:32 INFO  no build target found for C:\Users\carol\Desktop\UNIVERSIDAD\SID2\proyectoIntegradorSid\ProyectoSid2-losIlucionistas\src\main\java\co\icesi\UniPlan\service\EventService.java. Using fallback presentation compiler.
2026.05.30 14:18:32 INFO  no build target found for C:\Users\carol\Desktop\UNIVERSIDAD\SID2\proyectoIntegradorSid\ProyectoSid2-losIlucionistas\src\main\java\co\icesi\UniPlan\service\EventService.java. Using fallback presentation compiler.
2026.05.30 14:18:33 INFO  no build target found for C:\Users\carol\Desktop\UNIVERSIDAD\SID2\proyectoIntegradorSid\ProyectoSid2-losIlucionistas\src\main\java\co\icesi\UniPlan\service\EventService.java. Using fallback presentation compiler.
2026.05.30 14:18:38 INFO  no build target found for C:\Users\carol\Desktop\UNIVERSIDAD\SID2\proyectoIntegradorSid\ProyectoSid2-losIlucionistas\src\main\java\co\icesi\UniPlan\service\EventService.java. Using fallback presentation compiler.
2026.05.30 14:18:40 INFO  no build target found for C:\Users\carol\Desktop\UNIVERSIDAD\SID2\proyectoIntegradorSid\ProyectoSid2-losIlucionistas\src\main\java\co\icesi\UniPlan\service\EventService.java. Using fallback presentation compiler.
2026.05.30 14:18:40 INFO  no build target found for C:\Users\carol\Desktop\UNIVERSIDAD\SID2\proyectoIntegradorSid\ProyectoSid2-losIlucionistas\src\main\java\co\icesi\UniPlan\service\EventService.java. Using fallback presentation compiler.
2026.05.30 14:18:42 INFO  no build target found for C:\Users\carol\Desktop\UNIVERSIDAD\SID2\proyectoIntegradorSid\ProyectoSid2-losIlucionistas\src\main\java\co\icesi\UniPlan\service\EventService.java. Using fallback presentation compiler.
2026.05.30 14:18:43 INFO  no build target found for C:\Users\carol\Desktop\UNIVERSIDAD\SID2\proyectoIntegradorSid\ProyectoSid2-losIlucionistas\src\main\java\co\icesi\UniPlan\service\EventService.java. Using fallback presentation compiler.
2026.05.30 14:18:42 INFO  no build target found for C:\Users\carol\Desktop\UNIVERSIDAD\SID2\proyectoIntegradorSid\ProyectoSid2-losIlucionistas\src\main\java\co\icesi\UniPlan\service\EventService.java. Using fallback presentation compiler.
2026.05.30 14:18:43 INFO  no build target found for C:\Users\carol\Desktop\UNIVERSIDAD\SID2\proyectoIntegradorSid\ProyectoSid2-losIlucionistas\src\main\java\co\icesi\UniPlan\service\EventService.java. Using fallback presentation compiler.
2026.05.30 14:18:44 WARN  no build target for: C:\Users\carol\Desktop\UNIVERSIDAD\SID2\proyectoIntegradorSid\ProyectoSid2-losIlucionistas\src\main\java\co\icesi\UniPlan\service\EventService.java
2026.05.30 14:18:44 INFO  no build target found for C:\Users\carol\Desktop\UNIVERSIDAD\SID2\proyectoIntegradorSid\ProyectoSid2-losIlucionistas\src\main\java\co\icesi\UniPlan\service\EventService.java. Using fallback presentation compiler.
2026.05.30 14:18:54 INFO  no build target found for C:\Users\carol\Desktop\UNIVERSIDAD\SID2\proyectoIntegradorSid\ProyectoSid2-losIlucionistas\src\main\java\co\icesi\UniPlan\service\EventService.java. Using fallback presentation compiler.
2026.05.30 14:18:54 INFO  no build target found for C:\Users\carol\Desktop\UNIVERSIDAD\SID2\proyectoIntegradorSid\ProyectoSid2-losIlucionistas\src\main\java\co\icesi\UniPlan\service\EventService.java. Using fallback presentation compiler.
2026.05.30 14:18:54 INFO  no build target found for C:\Users\carol\Desktop\UNIVERSIDAD\SID2\proyectoIntegradorSid\ProyectoSid2-losIlucionistas\src\main\java\co\icesi\UniPlan\service\EventService.java. Using fallback presentation compiler.
2026.05.30 14:18:54 INFO  no build target found for C:\Users\carol\Desktop\UNIVERSIDAD\SID2\proyectoIntegradorSid\ProyectoSid2-losIlucionistas\src\main\java\co\icesi\UniPlan\service\EventService.java. Using fallback presentation compiler.
2026.05.30 14:18:55 WARN  no build target for: C:\Users\carol\Desktop\UNIVERSIDAD\SID2\proyectoIntegradorSid\ProyectoSid2-losIlucionistas\src\main\java\co\icesi\UniPlan\service\EventService.java
2026.05.30 14:18:55 INFO  no build target found for C:\Users\carol\Desktop\UNIVERSIDAD\SID2\proyectoIntegradorSid\ProyectoSid2-losIlucionistas\src\main\java\co\icesi\UniPlan\service\EventService.java. Using fallback presentation compiler.
2026.05.30 14:18:58 INFO  no build target found for C:\Users\carol\Desktop\UNIVERSIDAD\SID2\proyectoIntegradorSid\ProyectoSid2-losIlucionistas\src\main\java\co\icesi\UniPlan\service\EventService.java. Using fallback presentation compiler.
2026.05.30 14:18:58 INFO  no build target found for C:\Users\carol\Desktop\UNIVERSIDAD\SID2\proyectoIntegradorSid\ProyectoSid2-losIlucionistas\src\main\java\co\icesi\UniPlan\service\EventService.java. Using fallback presentation compiler.
2026.05.30 14:18:59 INFO  no build target found for C:\Users\carol\Desktop\UNIVERSIDAD\SID2\proyectoIntegradorSid\ProyectoSid2-losIlucionistas\src\main\java\co\icesi\UniPlan\service\EventService.java. Using fallback presentation compiler.
2026.05.30 14:18:59 INFO  no build target found for C:\Users\carol\Desktop\UNIVERSIDAD\SID2\proyectoIntegradorSid\ProyectoSid2-losIlucionistas\src\main\java\co\icesi\UniPlan\service\EventService.java. Using fallback presentation compiler.
2026.05.30 14:18:59 INFO  no build target found for C:\Users\carol\Desktop\UNIVERSIDAD\SID2\proyectoIntegradorSid\ProyectoSid2-losIlucionistas\src\main\java\co\icesi\UniPlan\service\EventService.java. Using fallback presentation compiler.
2026.05.30 14:19:00 INFO  no build target found for C:\Users\carol\Desktop\UNIVERSIDAD\SID2\proyectoIntegradorSid\ProyectoSid2-losIlucionistas\src\main\java\co\icesi\UniPlan\service\EventService.java. Using fallback presentation compiler.
2026.05.30 14:19:00 INFO  no build target found for C:\Users\carol\Desktop\UNIVERSIDAD\SID2\proyectoIntegradorSid\ProyectoSid2-losIlucionistas\src\main\java\co\icesi\UniPlan\service\EventService.java. Using fallback presentation compiler.
2026.05.30 14:19:02 INFO  no build target found for C:\Users\carol\Desktop\UNIVERSIDAD\SID2\proyectoIntegradorSid\ProyectoSid2-losIlucionistas\src\main\java\co\icesi\UniPlan\service\EventService.java. Using fallback presentation compiler.
2026.05.30 14:19:02 INFO  no build target found for C:\Users\carol\Desktop\UNIVERSIDAD\SID2\proyectoIntegradorSid\ProyectoSid2-losIlucionistas\src\main\java\co\icesi\UniPlan\service\EventService.java. Using fallback presentation compiler.
2026.05.30 14:19:02 INFO  no build target found for C:\Users\carol\Desktop\UNIVERSIDAD\SID2\proyectoIntegradorSid\ProyectoSid2-losIlucionistas\src\main\java\co\icesi\UniPlan\service\EventService.java. Using fallback presentation compiler.
2026.05.30 14:19:02 INFO  no build target found for C:\Users\carol\Desktop\UNIVERSIDAD\SID2\proyectoIntegradorSid\ProyectoSid2-losIlucionistas\src\main\java\co\icesi\UniPlan\service\EventService.java. Using fallback presentation compiler.
2026.05.30 14:19:02 INFO  no build target found for C:\Users\carol\Desktop\UNIVERSIDAD\SID2\proyectoIntegradorSid\ProyectoSid2-losIlucionistas\src\main\java\co\icesi\UniPlan\service\EventService.java. Using fallback presentation compiler.
2026.05.30 14:19:02 INFO  no build target found for C:\Users\carol\Desktop\UNIVERSIDAD\SID2\proyectoIntegradorSid\ProyectoSid2-losIlucionistas\src\main\java\co\icesi\UniPlan\service\EventService.java. Using fallback presentation compiler.
2026.05.30 14:19:03 INFO  no build target found for C:\Users\carol\Desktop\UNIVERSIDAD\SID2\proyectoIntegradorSid\ProyectoSid2-losIlucionistas\src\main\java\co\icesi\UniPlan\service\EventService.java. Using fallback presentation compiler.
2026.05.30 14:19:03 INFO  no build target found for C:\Users\carol\Desktop\UNIVERSIDAD\SID2\proyectoIntegradorSid\ProyectoSid2-losIlucionistas\src\main\java\co\icesi\UniPlan\service\EventService.java. Using fallback presentation compiler.
2026.05.30 14:19:03 INFO  no build target found for C:\Users\carol\Desktop\UNIVERSIDAD\SID2\proyectoIntegradorSid\ProyectoSid2-losIlucionistas\src\main\java\co\icesi\UniPlan\service\EventService.java. Using fallback presentation compiler.
2026.05.30 14:19:03 INFO  no build target found for C:\Users\carol\Desktop\UNIVERSIDAD\SID2\proyectoIntegradorSid\ProyectoSid2-losIlucionistas\src\main\java\co\icesi\UniPlan\service\EventService.java. Using fallback presentation compiler.
2026.05.30 14:19:03 INFO  no build target found for C:\Users\carol\Desktop\UNIVERSIDAD\SID2\proyectoIntegradorSid\ProyectoSid2-losIlucionistas\src\main\java\co\icesi\UniPlan\service\EventService.java. Using fallback presentation compiler.
2026.05.30 14:19:04 INFO  no build target found for C:\Users\carol\Desktop\UNIVERSIDAD\SID2\proyectoIntegradorSid\ProyectoSid2-losIlucionistas\src\main\java\co\icesi\UniPlan\service\EventService.java. Using fallback presentation compiler.
2026.05.30 14:19:04 WARN  no build target for: C:\Users\carol\Desktop\UNIVERSIDAD\SID2\proyectoIntegradorSid\ProyectoSid2-losIlucionistas\src\main\java\co\icesi\UniPlan\service\EventService.java
2026.05.30 14:19:04 INFO  no build target found for C:\Users\carol\Desktop\UNIVERSIDAD\SID2\proyectoIntegradorSid\ProyectoSid2-losIlucionistas\src\main\java\co\icesi\UniPlan\service\EventService.java. Using fallback presentation compiler.
2026.05.30 14:19:05 INFO  no build target found for C:\Users\carol\Desktop\UNIVERSIDAD\SID2\proyectoIntegradorSid\ProyectoSid2-losIlucionistas\src\main\java\co\icesi\UniPlan\service\EventService.java. Using fallback presentation compiler.
2026.05.30 14:19:23 INFO  no build target found for C:\Users\carol\Desktop\UNIVERSIDAD\SID2\proyectoIntegradorSid\ProyectoSid2-losIlucionistas\src\main\java\co\icesi\UniPlan\service\EventService.java. Using fallback presentation compiler.
2026.05.30 14:19:25 INFO  no build target found for C:\Users\carol\Desktop\UNIVERSIDAD\SID2\proyectoIntegradorSid\ProyectoSid2-losIlucionistas\src\main\java\co\icesi\UniPlan\service\EventService.java. Using fallback presentation compiler.
2026.05.30 14:19:25 INFO  no build target found for C:\Users\carol\Desktop\UNIVERSIDAD\SID2\proyectoIntegradorSid\ProyectoSid2-losIlucionistas\src\main\java\co\icesi\UniPlan\service\EventService.java. Using fallback presentation compiler.
2026.05.30 14:19:27 INFO  no build target found for C:\Users\carol\Desktop\UNIVERSIDAD\SID2\proyectoIntegradorSid\ProyectoSid2-losIlucionistas\src\main\java\co\icesi\UniPlan\service\EventService.java. Using fallback presentation compiler.
2026.05.30 14:19:27 INFO  no build target found for C:\Users\carol\Desktop\UNIVERSIDAD\SID2\proyectoIntegradorSid\ProyectoSid2-losIlucionistas\src\main\java\co\icesi\UniPlan\service\EventService.java. Using fallback presentation compiler.
2026.05.30 14:29:31 INFO  no build target found for C:\Users\carol\Desktop\UNIVERSIDAD\SID2\proyectoIntegradorSid\ProyectoSid2-losIlucionistas\src\main\java\co\icesi\UniPlan\service\EventService.java. Using fallback presentation compiler.
2026.05.30 14:29:39 INFO  no build target found for C:\Users\carol\Desktop\UNIVERSIDAD\SID2\proyectoIntegradorSid\ProyectoSid2-losIlucionistas\src\main\java\co\icesi\UniPlan\service\EventService.java. Using fallback presentation compiler.
2026.05.30 14:29:39 INFO  no build target found for C:\Users\carol\Desktop\UNIVERSIDAD\SID2\proyectoIntegradorSid\ProyectoSid2-losIlucionistas\src\main\java\co\icesi\UniPlan\service\EventService.java. Using fallback presentation compiler.
2026.05.30 14:29:40 INFO  no build target found for C:\Users\carol\Desktop\UNIVERSIDAD\SID2\proyectoIntegradorSid\ProyectoSid2-losIlucionistas\src\main\java\co\icesi\UniPlan\service\EventService.java. Using fallback presentation compiler.
2026.05.30 14:29:40 INFO  no build target found for C:\Users\carol\Desktop\UNIVERSIDAD\SID2\proyectoIntegradorSid\ProyectoSid2-losIlucionistas\src\main\java\co\icesi\UniPlan\service\EventService.java. Using fallback presentation compiler.
2026.05.30 14:29:41 INFO  no build target found for C:\Users\carol\Desktop\UNIVERSIDAD\SID2\proyectoIntegradorSid\ProyectoSid2-losIlucionistas\src\main\java\co\icesi\UniPlan\service\EventService.java. Using fallback presentation compiler.
2026.05.30 14:29:41 INFO  no build target found for C:\Users\carol\Desktop\UNIVERSIDAD\SID2\proyectoIntegradorSid\ProyectoSid2-losIlucionistas\src\main\java\co\icesi\UniPlan\service\EventService.java. Using fallback presentation compiler.
2026.05.30 14:29:45 INFO  no build target found for C:\Users\carol\Desktop\UNIVERSIDAD\SID2\proyectoIntegradorSid\ProyectoSid2-losIlucionistas\src\main\java\co\icesi\UniPlan\service\EventService.java. Using fallback presentation compiler.
may 30, 2026 2:29:45 P. M. org.eclipse.lsp4j.jsonrpc.RemoteEndpoint handleCancellation
WARNING: Unmatched cancel notification for request id 2116
2026.05.30 14:29:49 INFO  no build target found for C:\Users\carol\Desktop\UNIVERSIDAD\SID2\proyectoIntegradorSid\ProyectoSid2-losIlucionistas\src\main\java\co\icesi\UniPlan\service\EventStatisticsService.java. Using fallback presentation compiler.
2026.05.30 14:29:49 INFO  no build target found for C:\Users\carol\Desktop\UNIVERSIDAD\SID2\proyectoIntegradorSid\ProyectoSid2-losIlucionistas\src\main\java\co\icesi\UniPlan\service\EventStatisticsService.java. Using fallback presentation compiler.
2026.05.30 14:29:49 INFO  no build target found for C:\Users\carol\Desktop\UNIVERSIDAD\SID2\proyectoIntegradorSid\ProyectoSid2-losIlucionistas\src\main\java\co\icesi\UniPlan\service\EventStatisticsService.java. Using fallback presentation compiler.
2026.05.30 14:29:49 INFO  no build target found for C:\Users\carol\Desktop\UNIVERSIDAD\SID2\proyectoIntegradorSid\ProyectoSid2-losIlucionistas\src\main\java\co\icesi\UniPlan\service\EventStatisticsService.java. Using fallback presentation compiler.
2026.05.30 14:29:50 INFO  no build target found for C:\Users\carol\Desktop\UNIVERSIDAD\SID2\proyectoIntegradorSid\ProyectoSid2-losIlucionistas\src\main\java\co\icesi\UniPlan\service\EventStatisticsService.java. Using fallback presentation compiler.
2026.05.30 14:29:50 INFO  no build target found for C:\Users\carol\Desktop\UNIVERSIDAD\SID2\proyectoIntegradorSid\ProyectoSid2-losIlucionistas\src\main\java\co\icesi\UniPlan\service\EventStatisticsService.java. Using fallback presentation compiler.
2026.05.30 14:29:50 INFO  no build target found for C:\Users\carol\Desktop\UNIVERSIDAD\SID2\proyectoIntegradorSid\ProyectoSid2-losIlucionistas\src\main\java\co\icesi\UniPlan\service\EventStatisticsService.java. Using fallback presentation compiler.
2026.05.30 14:29:58 INFO  no build target found for C:\Users\carol\Desktop\UNIVERSIDAD\SID2\proyectoIntegradorSid\ProyectoSid2-losIlucionistas\src\main\java\co\icesi\UniPlan\service\EventStatisticsService.java. Using fallback presentation compiler.
2026.05.30 14:29:58 INFO  no build target found for C:\Users\carol\Desktop\UNIVERSIDAD\SID2\proyectoIntegradorSid\ProyectoSid2-losIlucionistas\src\main\java\co\icesi\UniPlan\model\Enrollment.java. Using fallback presentation compiler.
2026.05.30 14:29:58 INFO  no build target found for C:\Users\carol\Desktop\UNIVERSIDAD\SID2\proyectoIntegradorSid\ProyectoSid2-losIlucionistas\src\main\java\co\icesi\UniPlan\model\Enrollment.java. Using fallback presentation compiler.
2026.05.30 14:29:58 INFO  no build target found for C:\Users\carol\Desktop\UNIVERSIDAD\SID2\proyectoIntegradorSid\ProyectoSid2-losIlucionistas\src\main\java\co\icesi\UniPlan\model\Enrollment.java. Using fallback presentation compiler.
2026.05.30 14:31:10 INFO  no build target found for C:\Users\carol\Desktop\UNIVERSIDAD\SID2\proyectoIntegradorSid\ProyectoSid2-losIlucionistas\src\main\java\co\icesi\UniPlan\controller\api\EventController.java. Using fallback presentation compiler.
2026.05.30 14:31:10 WARN  no build target for: C:\Users\carol\Desktop\UNIVERSIDAD\SID2\proyectoIntegradorSid\ProyectoSid2-losIlucionistas\src\main\java\co\icesi\UniPlan\controller\api\EventController.java
2026.05.30 14:31:10 INFO  no build target found for C:\Users\carol\Desktop\UNIVERSIDAD\SID2\proyectoIntegradorSid\ProyectoSid2-losIlucionistas\src\main\java\co\icesi\UniPlan\controller\api\EventController.java. Using fallback presentation compiler.
2026.05.30 14:31:10 INFO  no build target found for C:\Users\carol\Desktop\UNIVERSIDAD\SID2\proyectoIntegradorSid\ProyectoSid2-losIlucionistas\src\main\java\co\icesi\UniPlan\controller\api\EventController.java. Using fallback presentation compiler.
2026.05.30 14:31:10 INFO  no build target found for C:\Users\carol\Desktop\UNIVERSIDAD\SID2\proyectoIntegradorSid\ProyectoSid2-losIlucionistas\src\main\java\co\icesi\UniPlan\controller\api\EventController.java. Using fallback presentation compiler.
2026.05.30 14:31:10 INFO  no build target found for C:\Users\carol\Desktop\UNIVERSIDAD\SID2\proyectoIntegradorSid\ProyectoSid2-losIlucionistas\src\main\java\co\icesi\UniPlan\controller\api\EventController.java. Using fallback presentation compiler.
2026.05.30 14:31:10 INFO  no build target found for C:\Users\carol\Desktop\UNIVERSIDAD\SID2\proyectoIntegradorSid\ProyectoSid2-losIlucionistas\src\main\java\co\icesi\UniPlan\controller\api\EventController.java. Using fallback presentation compiler.
2026.05.30 14:31:11 INFO  no build target found for C:\Users\carol\Desktop\UNIVERSIDAD\SID2\proyectoIntegradorSid\ProyectoSid2-losIlucionistas\src\main\java\co\icesi\UniPlan\controller\api\EventController.java. Using fallback presentation compiler.
may 30, 2026 2:31:11 P. M. org.eclipse.lsp4j.jsonrpc.RemoteEndpoint handleCancellation
WARNING: Unmatched cancel notification for request id 2160
2026.05.30 14:31:11 INFO  no build target found for C:\Users\carol\Desktop\UNIVERSIDAD\SID2\proyectoIntegradorSid\ProyectoSid2-losIlucionistas\src\main\java\co\icesi\UniPlan\controller\api\EventController.java. Using fallback presentation compiler.
2026.05.30 14:31:13 INFO  no build target found for C:\Users\carol\Desktop\UNIVERSIDAD\SID2\proyectoIntegradorSid\ProyectoSid2-losIlucionistas\src\main\java\co\icesi\UniPlan\controller\EventViewController.java. Using fallback presentation compiler.
2026.05.30 14:31:13 WARN  no build target for: C:\Users\carol\Desktop\UNIVERSIDAD\SID2\proyectoIntegradorSid\ProyectoSid2-losIlucionistas\src\main\java\co\icesi\UniPlan\controller\EventViewController.java
2026.05.30 14:31:13 INFO  no build target found for C:\Users\carol\Desktop\UNIVERSIDAD\SID2\proyectoIntegradorSid\ProyectoSid2-losIlucionistas\src\main\java\co\icesi\UniPlan\controller\EventViewController.java. Using fallback presentation compiler.
2026.05.30 14:31:14 INFO  no build target found for C:\Users\carol\Desktop\UNIVERSIDAD\SID2\proyectoIntegradorSid\ProyectoSid2-losIlucionistas\src\main\java\co\icesi\UniPlan\controller\EventViewController.java. Using fallback presentation compiler.
2026.05.30 14:31:13 INFO  no build target found for C:\Users\carol\Desktop\UNIVERSIDAD\SID2\proyectoIntegradorSid\ProyectoSid2-losIlucionistas\src\main\java\co\icesi\UniPlan\controller\EventViewController.java. Using fallback presentation compiler.
2026.05.30 14:31:13 INFO  no build target found for C:\Users\carol\Desktop\UNIVERSIDAD\SID2\proyectoIntegradorSid\ProyectoSid2-losIlucionistas\src\main\java\co\icesi\UniPlan\controller\EventViewController.java. Using fallback presentation compiler.
2026.05.30 14:31:15 INFO  no build target found for C:\Users\carol\Desktop\UNIVERSIDAD\SID2\proyectoIntegradorSid\ProyectoSid2-losIlucionistas\src\main\java\co\icesi\UniPlan\controller\EventViewController.java. Using fallback presentation compiler.
2026.05.30 14:31:15 INFO  no build target found for C:\Users\carol\Desktop\UNIVERSIDAD\SID2\proyectoIntegradorSid\ProyectoSid2-losIlucionistas\src\main\java\co\icesi\UniPlan\controller\EventViewController.java. Using fallback presentation compiler.
2026.05.30 14:31:16 INFO  no build target found for C:\Users\carol\Desktop\UNIVERSIDAD\SID2\proyectoIntegradorSid\ProyectoSid2-losIlucionistas\src\main\java\co\icesi\UniPlan\controller\EventViewController.java. Using fallback presentation compiler.
2026.05.30 14:31:16 INFO  no build target found for C:\Users\carol\Desktop\UNIVERSIDAD\SID2\proyectoIntegradorSid\ProyectoSid2-losIlucionistas\src\main\java\co\icesi\UniPlan\controller\EventViewController.java. Using fallback presentation compiler.
2026.05.30 14:31:31 INFO  no build target found for C:\Users\carol\Desktop\UNIVERSIDAD\SID2\proyectoIntegradorSid\ProyectoSid2-losIlucionistas\src\main\java\co\icesi\UniPlan\model\Enrollment.java. Using fallback presentation compiler.
2026.05.30 14:31:31 INFO  no build target found for C:\Users\carol\Desktop\UNIVERSIDAD\SID2\proyectoIntegradorSid\ProyectoSid2-losIlucionistas\src\main\java\co\icesi\UniPlan\dto\EventDetailsDTO.java. Using fallback presentation compiler.
2026.05.30 14:31:31 INFO  no build target found for C:\Users\carol\Desktop\UNIVERSIDAD\SID2\proyectoIntegradorSid\ProyectoSid2-losIlucionistas\src\main\java\co\icesi\UniPlan\dto\EventDetailsDTO.java. Using fallback presentation compiler.
2026.05.30 14:31:31 INFO  no build target found for C:\Users\carol\Desktop\UNIVERSIDAD\SID2\proyectoIntegradorSid\ProyectoSid2-losIlucionistas\src\main\java\co\icesi\UniPlan\dto\EventDetailsDTO.java. Using fallback presentation compiler.
2026.05.30 14:31:31 INFO  no build target found for C:\Users\carol\Desktop\UNIVERSIDAD\SID2\proyectoIntegradorSid\ProyectoSid2-losIlucionistas\src\main\java\co\icesi\UniPlan\dto\EventDetailsDTO.java. Using fallback presentation compiler.
2026.05.30 14:31:43 INFO  no build target found for C:\Users\carol\Desktop\UNIVERSIDAD\SID2\proyectoIntegradorSid\ProyectoSid2-losIlucionistas\src\main\java\co\icesi\UniPlan\dto\EventDetailsDTO.java. Using fallback presentation compiler.
2026.05.30 14:31:43 INFO  no build target found for C:\Users\carol\Desktop\UNIVERSIDAD\SID2\proyectoIntegradorSid\ProyectoSid2-losIlucionistas\src\main\java\co\icesi\UniPlan\dto\EventDetailsDTO.java. Using fallback presentation compiler.
2026.05.30 14:31:44 INFO  no build target found for C:\Users\carol\Desktop\UNIVERSIDAD\SID2\proyectoIntegradorSid\ProyectoSid2-losIlucionistas\src\main\java\co\icesi\UniPlan\dto\EventDetailsDTO.java. Using fallback presentation compiler.
2026.05.30 14:31:44 INFO  no build target found for C:\Users\carol\Desktop\UNIVERSIDAD\SID2\proyectoIntegradorSid\ProyectoSid2-losIlucionistas\src\main\java\co\icesi\UniPlan\dto\EventDetailsDTO.java. Using fallback presentation compiler.
2026.05.30 14:31:44 INFO  no build target found for C:\Users\carol\Desktop\UNIVERSIDAD\SID2\proyectoIntegradorSid\ProyectoSid2-losIlucionistas\src\main\java\co\icesi\UniPlan\dto\EventDetailsDTO.java. Using fallback presentation compiler.
2026.05.30 14:31:44 INFO  no build target found for C:\Users\carol\Desktop\UNIVERSIDAD\SID2\proyectoIntegradorSid\ProyectoSid2-losIlucionistas\src\main\java\co\icesi\UniPlan\dto\EventDetailsDTO.java. Using fallback presentation compiler.
2026.05.30 14:31:44 INFO  no build target found for C:\Users\carol\Desktop\UNIVERSIDAD\SID2\proyectoIntegradorSid\ProyectoSid2-losIlucionistas\src\main\java\co\icesi\UniPlan\dto\EventDetailsDTO.java. Using fallback presentation compiler.
2026.05.30 14:31:45 INFO  no build target found for C:\Users\carol\Desktop\UNIVERSIDAD\SID2\proyectoIntegradorSid\ProyectoSid2-losIlucionistas\src\main\java\co\icesi\UniPlan\dto\EventDetailsDTO.java. Using fallback presentation compiler.
2026.05.30 14:31:45 INFO  no build target found for C:\Users\carol\Desktop\UNIVERSIDAD\SID2\proyectoIntegradorSid\ProyectoSid2-losIlucionistas\src\main\java\co\icesi\UniPlan\dto\EventDetailsDTO.java. Using fallback presentation compiler.
2026.05.30 14:31:48 INFO  no build target found for C:\Users\carol\Desktop\UNIVERSIDAD\SID2\proyectoIntegradorSid\ProyectoSid2-losIlucionistas\src\main\java\co\icesi\UniPlan\dto\EventDetailsDTO.java. Using fallback presentation compiler.
2026.05.30 14:31:55 INFO  no build target found for C:\Users\carol\Desktop\UNIVERSIDAD\SID2\proyectoIntegradorSid\ProyectoSid2-losIlucionistas\src\main\java\co\icesi\UniPlan\dto\EventDetailsDTO.java. Using fallback presentation compiler.
2026.05.30 14:31:55 INFO  no build target found for C:\Users\carol\Desktop\UNIVERSIDAD\SID2\proyectoIntegradorSid\ProyectoSid2-losIlucionistas\src\main\java\co\icesi\UniPlan\dto\EventDetailsDTO.java. Using fallback presentation compiler.
2026.05.30 14:31:55 INFO  no build target found for C:\Users\carol\Desktop\UNIVERSIDAD\SID2\proyectoIntegradorSid\ProyectoSid2-losIlucionistas\src\main\java\co\icesi\UniPlan\dto\EventDetailsDTO.java. Using fallback presentation compiler.
2026.05.30 14:31:55 INFO  no build target found for C:\Users\carol\Desktop\UNIVERSIDAD\SID2\proyectoIntegradorSid\ProyectoSid2-losIlucionistas\src\main\java\co\icesi\UniPlan\dto\EventDetailsDTO.java. Using fallback presentation compiler.
2026.05.30 14:31:56 INFO  no build target found for C:\Users\carol\Desktop\UNIVERSIDAD\SID2\proyectoIntegradorSid\ProyectoSid2-losIlucionistas\src\main\java\co\icesi\UniPlan\dto\EventDetailsDTO.java. Using fallback presentation compiler.
2026.05.30 14:31:56 INFO  no build target found for C:\Users\carol\Desktop\UNIVERSIDAD\SID2\proyectoIntegradorSid\ProyectoSid2-losIlucionistas\src\main\java\co\icesi\UniPlan\dto\EventDetailsDTO.java. Using fallback presentation compiler.
2026.05.30 14:31:57 INFO  no build target found for C:\Users\carol\Desktop\UNIVERSIDAD\SID2\proyectoIntegradorSid\ProyectoSid2-losIlucionistas\src\main\java\co\icesi\UniPlan\dto\EventDetailsDTO.java. Using fallback presentation compiler.
2026.05.30 14:31:57 INFO  no build target found for C:\Users\carol\Desktop\UNIVERSIDAD\SID2\proyectoIntegradorSid\ProyectoSid2-losIlucionistas\src\main\java\co\icesi\UniPlan\dto\EventDetailsDTO.java. Using fallback presentation compiler.
2026.05.30 14:31:58 INFO  no build target found for C:\Users\carol\Desktop\UNIVERSIDAD\SID2\proyectoIntegradorSid\ProyectoSid2-losIlucionistas\src\main\java\co\icesi\UniPlan\dto\EventDetailsDTO.java. Using fallback presentation compiler.
2026.05.30 14:31:58 INFO  no build target found for C:\Users\carol\Desktop\UNIVERSIDAD\SID2\proyectoIntegradorSid\ProyectoSid2-losIlucionistas\src\main\java\co\icesi\UniPlan\dto\EventDetailsDTO.java. Using fallback presentation compiler.
2026.05.30 14:32:01 INFO  no build target found for C:\Users\carol\Desktop\UNIVERSIDAD\SID2\proyectoIntegradorSid\ProyectoSid2-losIlucionistas\src\main\java\co\icesi\UniPlan\dto\EventDetailsDTO.java. Using fallback presentation compiler.
2026.05.30 14:32:01 INFO  no build target found for C:\Users\carol\Desktop\UNIVERSIDAD\SID2\proyectoIntegradorSid\ProyectoSid2-losIlucionistas\src\main\java\co\icesi\UniPlan\dto\EventDetailsDTO.java. Using fallback presentation compiler.
2026.05.30 14:32:01 INFO  no build target found for C:\Users\carol\Desktop\UNIVERSIDAD\SID2\proyectoIntegradorSid\ProyectoSid2-losIlucionistas\src\main\java\co\icesi\UniPlan\dto\EventDetailsDTO.java. Using fallback presentation compiler.
2026.05.30 14:32:02 INFO  no build target found for C:\Users\carol\Desktop\UNIVERSIDAD\SID2\proyectoIntegradorSid\ProyectoSid2-losIlucionistas\src\main\java\co\icesi\UniPlan\dto\EventDetailsDTO.java. Using fallback presentation compiler.
2026.05.30 14:32:02 INFO  no build target found for C:\Users\carol\Desktop\UNIVERSIDAD\SID2\proyectoIntegradorSid\ProyectoSid2-losIlucionistas\src\main\java\co\icesi\UniPlan\dto\EventDetailsDTO.java. Using fallback presentation compiler.
2026.05.30 14:32:02 INFO  no build target found for C:\Users\carol\Desktop\UNIVERSIDAD\SID2\proyectoIntegradorSid\ProyectoSid2-losIlucionistas\src\main\java\co\icesi\UniPlan\dto\EventDetailsDTO.java. Using fallback presentation compiler.
2026.05.30 14:32:14 INFO  no build target found for C:\Users\carol\Desktop\UNIVERSIDAD\SID2\proyectoIntegradorSid\ProyectoSid2-losIlucionistas\src\main\java\co\icesi\UniPlan\controller\api\EventController.java. Using fallback presentation compiler.
2026.05.30 14:32:15 WARN  no build target for: C:\Users\carol\Desktop\UNIVERSIDAD\SID2\proyectoIntegradorSid\ProyectoSid2-losIlucionistas\src\main\java\co\icesi\UniPlan\controller\api\EventController.java
2026.05.30 14:32:14 INFO  no build target found for C:\Users\carol\Desktop\UNIVERSIDAD\SID2\proyectoIntegradorSid\ProyectoSid2-losIlucionistas\src\main\java\co\icesi\UniPlan\controller\api\EventController.java. Using fallback presentation compiler.
2026.05.30 14:32:15 INFO  no build target found for C:\Users\carol\Desktop\UNIVERSIDAD\SID2\proyectoIntegradorSid\ProyectoSid2-losIlucionistas\src\main\java\co\icesi\UniPlan\controller\api\EventController.java. Using fallback presentation compiler.
2026.05.30 14:32:14 INFO  no build target found for C:\Users\carol\Desktop\UNIVERSIDAD\SID2\proyectoIntegradorSid\ProyectoSid2-losIlucionistas\src\main\java\co\icesi\UniPlan\controller\api\EventController.java. Using fallback presentation compiler.
2026.05.30 14:32:19 INFO  no build target found for C:\Users\carol\Desktop\UNIVERSIDAD\SID2\proyectoIntegradorSid\ProyectoSid2-losIlucionistas\src\main\java\co\icesi\UniPlan\controller\api\EventController.java. Using fallback presentation compiler.
2026.05.30 14:32:19 INFO  no build target found for C:\Users\carol\Desktop\UNIVERSIDAD\SID2\proyectoIntegradorSid\ProyectoSid2-losIlucionistas\src\main\java\co\icesi\UniPlan\controller\api\EventController.java. Using fallback presentation compiler.
2026.05.30 14:32:25 INFO  no build target found for C:\Users\carol\Desktop\UNIVERSIDAD\SID2\proyectoIntegradorSid\ProyectoSid2-losIlucionistas\src\main\java\co\icesi\UniPlan\controller\EventViewController.java. Using fallback presentation compiler.
2026.05.30 14:32:25 WARN  no build target for: C:\Users\carol\Desktop\UNIVERSIDAD\SID2\proyectoIntegradorSid\ProyectoSid2-losIlucionistas\src\main\java\co\icesi\UniPlan\controller\EventViewController.java
2026.05.30 14:32:25 INFO  no build target found for C:\Users\carol\Desktop\UNIVERSIDAD\SID2\proyectoIntegradorSid\ProyectoSid2-losIlucionistas\src\main\java\co\icesi\UniPlan\controller\EventViewController.java. Using fallback presentation compiler.
2026.05.30 14:32:25 INFO  no build target found for C:\Users\carol\Desktop\UNIVERSIDAD\SID2\proyectoIntegradorSid\ProyectoSid2-losIlucionistas\src\main\java\co\icesi\UniPlan\controller\EventViewController.java. Using fallback presentation compiler.
2026.05.30 14:32:25 INFO  no build target found for C:\Users\carol\Desktop\UNIVERSIDAD\SID2\proyectoIntegradorSid\ProyectoSid2-losIlucionistas\src\main\java\co\icesi\UniPlan\controller\EventViewController.java. Using fallback presentation compiler.
2026.05.30 14:32:27 INFO  no build target found for C:\Users\carol\Desktop\UNIVERSIDAD\SID2\proyectoIntegradorSid\ProyectoSid2-losIlucionistas\src\main\java\co\icesi\UniPlan\controller\api\EventController.java. Using fallback presentation compiler.
2026.05.30 14:32:27 WARN  no build target for: C:\Users\carol\Desktop\UNIVERSIDAD\SID2\proyectoIntegradorSid\ProyectoSid2-losIlucionistas\src\main\java\co\icesi\UniPlan\controller\api\EventController.java
2026.05.30 14:32:27 INFO  no build target found for C:\Users\carol\Desktop\UNIVERSIDAD\SID2\proyectoIntegradorSid\ProyectoSid2-losIlucionistas\src\main\java\co\icesi\UniPlan\controller\api\EventController.java. Using fallback presentation compiler.
2026.05.30 14:32:27 INFO  no build target found for C:\Users\carol\Desktop\UNIVERSIDAD\SID2\proyectoIntegradorSid\ProyectoSid2-losIlucionistas\src\main\java\co\icesi\UniPlan\controller\api\EventController.java. Using fallback presentation compiler.
2026.05.30 14:32:27 INFO  no build target found for C:\Users\carol\Desktop\UNIVERSIDAD\SID2\proyectoIntegradorSid\ProyectoSid2-losIlucionistas\src\main\java\co\icesi\UniPlan\controller\api\EventController.java. Using fallback presentation compiler.
2026.05.30 14:32:27 INFO  no build target found for C:\Users\carol\Desktop\UNIVERSIDAD\SID2\proyectoIntegradorSid\ProyectoSid2-losIlucionistas\src\main\java\co\icesi\UniPlan\controller\api\EventController.java. Using fallback presentation compiler.
2026.05.30 14:32:33 INFO  no build target found for C:\Users\carol\Desktop\UNIVERSIDAD\SID2\proyectoIntegradorSid\ProyectoSid2-losIlucionistas\src\main\java\co\icesi\UniPlan\controller\EventViewController.java. Using fallback presentation compiler.
2026.05.30 14:32:33 WARN  no build target for: C:\Users\carol\Desktop\UNIVERSIDAD\SID2\proyectoIntegradorSid\ProyectoSid2-losIlucionistas\src\main\java\co\icesi\UniPlan\controller\EventViewController.java
2026.05.30 14:32:33 INFO  no build target found for C:\Users\carol\Desktop\UNIVERSIDAD\SID2\proyectoIntegradorSid\ProyectoSid2-losIlucionistas\src\main\java\co\icesi\UniPlan\controller\EventViewController.java. Using fallback presentation compiler.
2026.05.30 14:32:33 INFO  no build target found for C:\Users\carol\Desktop\UNIVERSIDAD\SID2\proyectoIntegradorSid\ProyectoSid2-losIlucionistas\src\main\java\co\icesi\UniPlan\controller\EventViewController.java. Using fallback presentation compiler.
2026.05.30 14:32:33 INFO  no build target found for C:\Users\carol\Desktop\UNIVERSIDAD\SID2\proyectoIntegradorSid\ProyectoSid2-losIlucionistas\src\main\java\co\icesi\UniPlan\controller\EventViewController.java. Using fallback presentation compiler.
2026.05.30 14:32:40 INFO  no build target found for C:\Users\carol\Desktop\UNIVERSIDAD\SID2\proyectoIntegradorSid\ProyectoSid2-losIlucionistas\src\main\java\co\icesi\UniPlan\service\EventService.java. Using fallback presentation compiler.
2026.05.30 14:32:40 WARN  no build target for: C:\Users\carol\Desktop\UNIVERSIDAD\SID2\proyectoIntegradorSid\ProyectoSid2-losIlucionistas\src\main\java\co\icesi\UniPlan\service\EventService.java
2026.05.30 14:32:40 INFO  no build target found for C:\Users\carol\Desktop\UNIVERSIDAD\SID2\proyectoIntegradorSid\ProyectoSid2-losIlucionistas\src\main\java\co\icesi\UniPlan\service\EventService.java. Using fallback presentation compiler.
2026.05.30 14:32:40 INFO  no build target found for C:\Users\carol\Desktop\UNIVERSIDAD\SID2\proyectoIntegradorSid\ProyectoSid2-losIlucionistas\src\main\java\co\icesi\UniPlan\service\EventService.java. Using fallback presentation compiler.
2026.05.30 14:32:40 INFO  no build target found for C:\Users\carol\Desktop\UNIVERSIDAD\SID2\proyectoIntegradorSid\ProyectoSid2-losIlucionistas\src\main\java\co\icesi\UniPlan\service\EventService.java. Using fallback presentation compiler.
2026.05.30 14:32:40 INFO  no build target found for C:\Users\carol\Desktop\UNIVERSIDAD\SID2\proyectoIntegradorSid\ProyectoSid2-losIlucionistas\src\main\java\co\icesi\UniPlan\service\EventService.java. Using fallback presentation compiler.
2026.05.30 14:32:41 INFO  no build target found for C:\Users\carol\Desktop\UNIVERSIDAD\SID2\proyectoIntegradorSid\ProyectoSid2-losIlucionistas\src\main\java\co\icesi\UniPlan\dto\EventDetailsDTO.java. Using fallback presentation compiler.
2026.05.30 14:32:41 INFO  no build target found for C:\Users\carol\Desktop\UNIVERSIDAD\SID2\proyectoIntegradorSid\ProyectoSid2-losIlucionistas\src\main\java\co\icesi\UniPlan\service\EventStatisticsService.java. Using fallback presentation compiler.
2026.05.30 14:32:42 INFO  no build target found for C:\Users\carol\Desktop\UNIVERSIDAD\SID2\proyectoIntegradorSid\ProyectoSid2-losIlucionistas\src\main\java\co\icesi\UniPlan\service\EventStatisticsService.java. Using fallback presentation compiler.
2026.05.30 14:32:41 INFO  no build target found for C:\Users\carol\Desktop\UNIVERSIDAD\SID2\proyectoIntegradorSid\ProyectoSid2-losIlucionistas\src\main\java\co\icesi\UniPlan\service\EventStatisticsService.java. Using fallback presentation compiler.
2026.05.30 14:32:41 INFO  no build target found for C:\Users\carol\Desktop\UNIVERSIDAD\SID2\proyectoIntegradorSid\ProyectoSid2-losIlucionistas\src\main\java\co\icesi\UniPlan\service\EventStatisticsService.java. Using fallback presentation compiler.
2026.05.30 14:32:44 INFO  no build target found for C:\Users\carol\Desktop\UNIVERSIDAD\SID2\proyectoIntegradorSid\ProyectoSid2-losIlucionistas\src\main\java\co\icesi\UniPlan\service\EventStatisticsService.java. Using fallback presentation compiler.
2026.05.30 14:32:44 INFO  no build target found for C:\Users\carol\Desktop\UNIVERSIDAD\SID2\proyectoIntegradorSid\ProyectoSid2-losIlucionistas\src\main\java\co\icesi\UniPlan\service\AppUserService.java. Using fallback presentation compiler.
2026.05.30 14:32:44 INFO  no build target found for C:\Users\carol\Desktop\UNIVERSIDAD\SID2\proyectoIntegradorSid\ProyectoSid2-losIlucionistas\src\main\java\co\icesi\UniPlan\service\AppUserService.java. Using fallback presentation compiler.
2026.05.30 14:32:44 INFO  no build target found for C:\Users\carol\Desktop\UNIVERSIDAD\SID2\proyectoIntegradorSid\ProyectoSid2-losIlucionistas\src\main\java\co\icesi\UniPlan\service\AppUserService.java. Using fallback presentation compiler.
2026.05.30 14:32:44 INFO  no build target found for C:\Users\carol\Desktop\UNIVERSIDAD\SID2\proyectoIntegradorSid\ProyectoSid2-losIlucionistas\src\main\java\co\icesi\UniPlan\service\AppUserService.java. Using fallback presentation compiler.
2026.05.30 14:32:44 INFO  no build target found for C:\Users\carol\Desktop\UNIVERSIDAD\SID2\proyectoIntegradorSid\ProyectoSid2-losIlucionistas\src\main\java\co\icesi\UniPlan\service\EventService.java. Using fallback presentation compiler.
2026.05.30 14:32:45 WARN  no build target for: C:\Users\carol\Desktop\UNIVERSIDAD\SID2\proyectoIntegradorSid\ProyectoSid2-losIlucionistas\src\main\java\co\icesi\UniPlan\service\EventService.java
2026.05.30 14:32:45 INFO  no build target found for C:\Users\carol\Desktop\UNIVERSIDAD\SID2\proyectoIntegradorSid\ProyectoSid2-losIlucionistas\src\main\java\co\icesi\UniPlan\service\EventService.java. Using fallback presentation compiler.
2026.05.30 14:32:45 INFO  no build target found for C:\Users\carol\Desktop\UNIVERSIDAD\SID2\proyectoIntegradorSid\ProyectoSid2-losIlucionistas\src\main\java\co\icesi\UniPlan\service\EventService.java. Using fallback presentation compiler.
2026.05.30 14:32:45 INFO  no build target found for C:\Users\carol\Desktop\UNIVERSIDAD\SID2\proyectoIntegradorSid\ProyectoSid2-losIlucionistas\src\main\java\co\icesi\UniPlan\service\EventService.java. Using fallback presentation compiler.
2026.05.30 14:32:45 INFO  no build target found for C:\Users\carol\Desktop\UNIVERSIDAD\SID2\proyectoIntegradorSid\ProyectoSid2-losIlucionistas\src\main\java\co\icesi\UniPlan\service\AppUserService.java. Using fallback presentation compiler.
2026.05.30 14:32:45 INFO  no build target found for C:\Users\carol\Desktop\UNIVERSIDAD\SID2\proyectoIntegradorSid\ProyectoSid2-losIlucionistas\src\main\java\co\icesi\UniPlan\service\EventStatisticsService.java. Using fallback presentation compiler.
2026.05.30 14:32:45 INFO  no build target found for C:\Users\carol\Desktop\UNIVERSIDAD\SID2\proyectoIntegradorSid\ProyectoSid2-losIlucionistas\src\main\java\co\icesi\UniPlan\service\EventStatisticsService.java. Using fallback presentation compiler.
2026.05.30 14:32:45 INFO  no build target found for C:\Users\carol\Desktop\UNIVERSIDAD\SID2\proyectoIntegradorSid\ProyectoSid2-losIlucionistas\src\main\java\co\icesi\UniPlan\service\EventStatisticsService.java. Using fallback presentation compiler.
2026.05.30 14:32:46 INFO  no build target found for C:\Users\carol\Desktop\UNIVERSIDAD\SID2\proyectoIntegradorSid\ProyectoSid2-losIlucionistas\src\main\java\co\icesi\UniPlan\service\EventStatisticsService.java. Using fallback presentation compiler.
2026.05.30 14:32:46 INFO  no build target found for C:\Users\carol\Desktop\UNIVERSIDAD\SID2\proyectoIntegradorSid\ProyectoSid2-losIlucionistas\src\main\java\co\icesi\UniPlan\service\OrganizationService.java. Using fallback presentation compiler.
2026.05.30 14:32:46 INFO  no build target found for C:\Users\carol\Desktop\UNIVERSIDAD\SID2\proyectoIntegradorSid\ProyectoSid2-losIlucionistas\src\main\java\co\icesi\UniPlan\service\OrganizationService.java. Using fallback presentation compiler.
2026.05.30 14:32:46 INFO  no build target found for C:\Users\carol\Desktop\UNIVERSIDAD\SID2\proyectoIntegradorSid\ProyectoSid2-losIlucionistas\src\main\java\co\icesi\UniPlan\service\OrganizationService.java. Using fallback presentation compiler.
2026.05.30 14:32:46 INFO  no build target found for C:\Users\carol\Desktop\UNIVERSIDAD\SID2\proyectoIntegradorSid\ProyectoSid2-losIlucionistas\src\main\java\co\icesi\UniPlan\service\OrganizationService.java. Using fallback presentation compiler.
2026.05.30 14:32:46 INFO  no build target found for C:\Users\carol\Desktop\UNIVERSIDAD\SID2\proyectoIntegradorSid\ProyectoSid2-losIlucionistas\src\main\java\co\icesi\UniPlan\service\ReportService.java. Using fallback presentation compiler.
2026.05.30 14:32:47 INFO  no build target found for C:\Users\carol\Desktop\UNIVERSIDAD\SID2\proyectoIntegradorSid\ProyectoSid2-losIlucionistas\src\main\java\co\icesi\UniPlan\service\ReportService.java. Using fallback presentation compiler.
2026.05.30 14:32:46 INFO  no build target found for C:\Users\carol\Desktop\UNIVERSIDAD\SID2\proyectoIntegradorSid\ProyectoSid2-losIlucionistas\src\main\java\co\icesi\UniPlan\service\ReportService.java. Using fallback presentation compiler.
2026.05.30 14:32:47 INFO  no build target found for C:\Users\carol\Desktop\UNIVERSIDAD\SID2\proyectoIntegradorSid\ProyectoSid2-losIlucionistas\src\main\java\co\icesi\UniPlan\service\ReportService.java. Using fallback presentation compiler.
2026.05.30 14:32:47 INFO  no build target found for C:\Users\carol\Desktop\UNIVERSIDAD\SID2\proyectoIntegradorSid\ProyectoSid2-losIlucionistas\src\main\java\co\icesi\UniPlan\service\ReportService.java. Using fallback presentation compiler.
2026.05.30 14:32:47 INFO  no build target found for C:\Users\carol\Desktop\UNIVERSIDAD\SID2\proyectoIntegradorSid\ProyectoSid2-losIlucionistas\src\main\java\co\icesi\UniPlan\service\RoleService.java. Using fallback presentation compiler.
2026.05.30 14:32:48 INFO  no build target found for C:\Users\carol\Desktop\UNIVERSIDAD\SID2\proyectoIntegradorSid\ProyectoSid2-losIlucionistas\src\main\java\co\icesi\UniPlan\service\RoleService.java. Using fallback presentation compiler.
2026.05.30 14:32:47 INFO  no build target found for C:\Users\carol\Desktop\UNIVERSIDAD\SID2\proyectoIntegradorSid\ProyectoSid2-losIlucionistas\src\main\java\co\icesi\UniPlan\service\RoleService.java. Using fallback presentation compiler.
2026.05.30 14:32:49 INFO  no build target found for C:\Users\carol\Desktop\UNIVERSIDAD\SID2\proyectoIntegradorSid\ProyectoSid2-losIlucionistas\src\main\java\co\icesi\UniPlan\service\RoleService.java. Using fallback presentation compiler.
2026.05.30 14:32:49 INFO  no build target found for C:\Users\carol\Desktop\UNIVERSIDAD\SID2\proyectoIntegradorSid\ProyectoSid2-losIlucionistas\src\main\java\co\icesi\UniPlan\UniPlanApplication.java. Using fallback presentation compiler.
2026.05.30 14:32:49 INFO  no build target found for C:\Users\carol\Desktop\UNIVERSIDAD\SID2\proyectoIntegradorSid\ProyectoSid2-losIlucionistas\src\main\java\co\icesi\UniPlan\UniPlanApplication.java. Using fallback presentation compiler.
2026.05.30 14:32:49 INFO  no build target found for C:\Users\carol\Desktop\UNIVERSIDAD\SID2\proyectoIntegradorSid\ProyectoSid2-losIlucionistas\src\main\java\co\icesi\UniPlan\UniPlanApplication.java. Using fallback presentation compiler.
2026.05.30 14:32:53 INFO  no build target found for C:\Users\carol\Desktop\UNIVERSIDAD\SID2\proyectoIntegradorSid\ProyectoSid2-losIlucionistas\src\main\java\co\icesi\UniPlan\UniPlanApplication.java. Using fallback presentation compiler.
2026.05.30 14:35:46 INFO  no build target found for C:\Users\carol\Desktop\UNIVERSIDAD\SID2\proyectoIntegradorSid\ProyectoSid2-losIlucionistas\src\main\java\co\icesi\UniPlan\controller\EventViewController.java. Using fallback presentation compiler.
2026.05.30 14:35:46 WARN  no build target for: C:\Users\carol\Desktop\UNIVERSIDAD\SID2\proyectoIntegradorSid\ProyectoSid2-losIlucionistas\src\main\java\co\icesi\UniPlan\controller\EventViewController.java
2026.05.30 14:35:46 INFO  no build target found for C:\Users\carol\Desktop\UNIVERSIDAD\SID2\proyectoIntegradorSid\ProyectoSid2-losIlucionistas\src\main\java\co\icesi\UniPlan\controller\EventViewController.java. Using fallback presentation compiler.
2026.05.30 14:35:47 INFO  no build target found for C:\Users\carol\Desktop\UNIVERSIDAD\SID2\proyectoIntegradorSid\ProyectoSid2-losIlucionistas\src\main\java\co\icesi\UniPlan\controller\EventViewController.java. Using fallback presentation compiler.
2026.05.30 14:35:46 INFO  no build target found for C:\Users\carol\Desktop\UNIVERSIDAD\SID2\proyectoIntegradorSid\ProyectoSid2-losIlucionistas\src\main\java\co\icesi\UniPlan\controller\EventViewController.java. Using fallback presentation compiler.
2026.05.30 14:35:46 INFO  no build target found for C:\Users\carol\Desktop\UNIVERSIDAD\SID2\proyectoIntegradorSid\ProyectoSid2-losIlucionistas\src\main\java\co\icesi\UniPlan\controller\EventViewController.java. Using fallback presentation compiler.
2026.05.30 14:35:57 INFO  no build target found for C:\Users\carol\Desktop\UNIVERSIDAD\SID2\proyectoIntegradorSid\ProyectoSid2-losIlucionistas\src\main\java\co\icesi\UniPlan\controller\EventViewController.java. Using fallback presentation compiler.
2026.05.30 14:35:57 INFO  no build target found for C:\Users\carol\Desktop\UNIVERSIDAD\SID2\proyectoIntegradorSid\ProyectoSid2-losIlucionistas\src\main\java\co\icesi\UniPlan\controller\EventViewController.java. Using fallback presentation compiler.
2026.05.30 14:35:57 INFO  no build target found for C:\Users\carol\Desktop\UNIVERSIDAD\SID2\proyectoIntegradorSid\ProyectoSid2-losIlucionistas\src\main\java\co\icesi\UniPlan\controller\EventViewController.java. Using fallback presentation compiler.
2026.05.30 14:36:01 INFO  no build target found for C:\Users\carol\Desktop\UNIVERSIDAD\SID2\proyectoIntegradorSid\ProyectoSid2-losIlucionistas\src\main\java\co\icesi\UniPlan\controller\EventViewController.java. Using fallback presentation compiler.
2026.05.30 14:36:02 INFO  no build target found for C:\Users\carol\Desktop\UNIVERSIDAD\SID2\proyectoIntegradorSid\ProyectoSid2-losIlucionistas\src\main\java\co\icesi\UniPlan\controller\EventViewController.java. Using fallback presentation compiler.
2026.05.30 14:36:02 WARN  no build target for: C:\Users\carol\Desktop\UNIVERSIDAD\SID2\proyectoIntegradorSid\ProyectoSid2-losIlucionistas\src\main\java\co\icesi\UniPlan\controller\EventViewController.java
2026.05.30 14:36:02 INFO  no build target found for C:\Users\carol\Desktop\UNIVERSIDAD\SID2\proyectoIntegradorSid\ProyectoSid2-losIlucionistas\src\main\java\co\icesi\UniPlan\controller\EventViewController.java. Using fallback presentation compiler.
2026.05.30 14:36:06 INFO  no build target found for C:\Users\carol\Desktop\UNIVERSIDAD\SID2\proyectoIntegradorSid\ProyectoSid2-losIlucionistas\src\main\java\co\icesi\UniPlan\controller\EventViewController.java. Using fallback presentation compiler.
2026.05.30 14:36:08 INFO  no build target found for C:\Users\carol\Desktop\UNIVERSIDAD\SID2\proyectoIntegradorSid\ProyectoSid2-losIlucionistas\src\main\java\co\icesi\UniPlan\controller\EventViewController.java. Using fallback presentation compiler.
2026.05.30 14:36:08 INFO  no build target found for C:\Users\carol\Desktop\UNIVERSIDAD\SID2\proyectoIntegradorSid\ProyectoSid2-losIlucionistas\src\main\java\co\icesi\UniPlan\controller\EventViewController.java. Using fallback presentation compiler.
2026.05.30 14:36:08 INFO  no build target found for C:\Users\carol\Desktop\UNIVERSIDAD\SID2\proyectoIntegradorSid\ProyectoSid2-losIlucionistas\src\main\java\co\icesi\UniPlan\controller\EventViewController.java. Using fallback presentation compiler.
2026.05.30 14:36:09 WARN  no build target for: C:\Users\carol\Desktop\UNIVERSIDAD\SID2\proyectoIntegradorSid\ProyectoSid2-losIlucionistas\src\main\java\co\icesi\UniPlan\controller\EventViewController.java
2026.05.30 14:36:09 INFO  no build target found for C:\Users\carol\Desktop\UNIVERSIDAD\SID2\proyectoIntegradorSid\ProyectoSid2-losIlucionistas\src\main\java\co\icesi\UniPlan\controller\EventViewController.java. Using fallback presentation compiler.
2026.05.30 14:36:19 INFO  no build target found for C:\Users\carol\Desktop\UNIVERSIDAD\SID2\proyectoIntegradorSid\ProyectoSid2-losIlucionistas\src\main\java\co\icesi\UniPlan\controller\EventViewController.java. Using fallback presentation compiler.
2026.05.30 14:36:19 INFO  no build target found for C:\Users\carol\Desktop\UNIVERSIDAD\SID2\proyectoIntegradorSid\ProyectoSid2-losIlucionistas\src\main\java\co\icesi\UniPlan\controller\EventViewController.java. Using fallback presentation compiler.
2026.05.30 14:36:19 INFO  no build target found for C:\Users\carol\Desktop\UNIVERSIDAD\SID2\proyectoIntegradorSid\ProyectoSid2-losIlucionistas\src\main\java\co\icesi\UniPlan\controller\EventViewController.java. Using fallback presentation compiler.
2026.05.30 14:36:21 INFO  no build target found for C:\Users\carol\Desktop\UNIVERSIDAD\SID2\proyectoIntegradorSid\ProyectoSid2-losIlucionistas\src\main\java\co\icesi\UniPlan\controller\EventViewController.java. Using fallback presentation compiler.
2026.05.30 14:36:21 INFO  no build target found for C:\Users\carol\Desktop\UNIVERSIDAD\SID2\proyectoIntegradorSid\ProyectoSid2-losIlucionistas\src\main\java\co\icesi\UniPlan\controller\EventViewController.java. Using fallback presentation compiler.
2026.05.30 14:36:26 INFO  no build target found for C:\Users\carol\Desktop\UNIVERSIDAD\SID2\proyectoIntegradorSid\ProyectoSid2-losIlucionistas\src\main\java\co\icesi\UniPlan\controller\EventViewController.java. Using fallback presentation compiler.
2026.05.30 14:36:26 INFO  no build target found for C:\Users\carol\Desktop\UNIVERSIDAD\SID2\proyectoIntegradorSid\ProyectoSid2-losIlucionistas\src\main\java\co\icesi\UniPlan\controller\EventViewController.java. Using fallback presentation compiler.
2026.05.30 14:36:26 INFO  no build target found for C:\Users\carol\Desktop\UNIVERSIDAD\SID2\proyectoIntegradorSid\ProyectoSid2-losIlucionistas\src\main\java\co\icesi\UniPlan\controller\EventViewController.java. Using fallback presentation compiler.
2026.05.30 14:36:28 INFO  no build target found for C:\Users\carol\Desktop\UNIVERSIDAD\SID2\proyectoIntegradorSid\ProyectoSid2-losIlucionistas\src\main\java\co\icesi\UniPlan\controller\EventViewController.java. Using fallback presentation compiler.
2026.05.30 14:36:28 INFO  no build target found for C:\Users\carol\Desktop\UNIVERSIDAD\SID2\proyectoIntegradorSid\ProyectoSid2-losIlucionistas\src\main\java\co\icesi\UniPlan\controller\EventViewController.java. Using fallback presentation compiler.
2026.05.30 14:36:28 INFO  no build target found for C:\Users\carol\Desktop\UNIVERSIDAD\SID2\proyectoIntegradorSid\ProyectoSid2-losIlucionistas\src\main\java\co\icesi\UniPlan\controller\EventViewController.java. Using fallback presentation compiler.
2026.05.30 14:36:28 INFO  no build target found for C:\Users\carol\Desktop\UNIVERSIDAD\SID2\proyectoIntegradorSid\ProyectoSid2-losIlucionistas\src\main\java\co\icesi\UniPlan\controller\EventViewController.java. Using fallback presentation compiler.
2026.05.30 14:36:29 WARN  no build target for: C:\Users\carol\Desktop\UNIVERSIDAD\SID2\proyectoIntegradorSid\ProyectoSid2-losIlucionistas\src\main\java\co\icesi\UniPlan\controller\EventViewController.java
2026.05.30 14:36:29 INFO  no build target found for C:\Users\carol\Desktop\UNIVERSIDAD\SID2\proyectoIntegradorSid\ProyectoSid2-losIlucionistas\src\main\java\co\icesi\UniPlan\controller\EventViewController.java. Using fallback presentation compiler.
2026.05.30 14:36:29 INFO  no build target found for C:\Users\carol\Desktop\UNIVERSIDAD\SID2\proyectoIntegradorSid\ProyectoSid2-losIlucionistas\src\main\java\co\icesi\UniPlan\controller\EventViewController.java. Using fallback presentation compiler.
2026.05.30 14:36:30 INFO  no build target found for C:\Users\carol\Desktop\UNIVERSIDAD\SID2\proyectoIntegradorSid\ProyectoSid2-losIlucionistas\src\main\java\co\icesi\UniPlan\controller\EventViewController.java. Using fallback presentation compiler.
2026.05.30 14:36:30 INFO  no build target found for C:\Users\carol\Desktop\UNIVERSIDAD\SID2\proyectoIntegradorSid\ProyectoSid2-losIlucionistas\src\main\java\co\icesi\UniPlan\controller\EventViewController.java. Using fallback presentation compiler.
2026.05.30 14:36:30 INFO  no build target found for C:\Users\carol\Desktop\UNIVERSIDAD\SID2\proyectoIntegradorSid\ProyectoSid2-losIlucionistas\src\main\java\co\icesi\UniPlan\controller\EventViewController.java. Using fallback presentation compiler.
2026.05.30 14:36:31 INFO  no build target found for C:\Users\carol\Desktop\UNIVERSIDAD\SID2\proyectoIntegradorSid\ProyectoSid2-losIlucionistas\src\main\java\co\icesi\UniPlan\controller\EventViewController.java. Using fallback presentation compiler.
2026.05.30 14:36:31 INFO  no build target found for C:\Users\carol\Desktop\UNIVERSIDAD\SID2\proyectoIntegradorSid\ProyectoSid2-losIlucionistas\src\main\java\co\icesi\UniPlan\controller\EventViewController.java. Using fallback presentation compiler.
2026.05.30 14:36:33 INFO  no build target found for C:\Users\carol\Desktop\UNIVERSIDAD\SID2\proyectoIntegradorSid\ProyectoSid2-losIlucionistas\src\main\java\co\icesi\UniPlan\controller\EventViewController.java. Using fallback presentation compiler.
2026.05.30 14:36:33 INFO  no build target found for C:\Users\carol\Desktop\UNIVERSIDAD\SID2\proyectoIntegradorSid\ProyectoSid2-losIlucionistas\src\main\java\co\icesi\UniPlan\controller\EventViewController.java. Using fallback presentation compiler.
2026.05.30 14:36:33 INFO  no build target found for C:\Users\carol\Desktop\UNIVERSIDAD\SID2\proyectoIntegradorSid\ProyectoSid2-losIlucionistas\src\main\java\co\icesi\UniPlan\controller\EventViewController.java. Using fallback presentation compiler.
2026.05.30 14:36:33 INFO  no build target found for C:\Users\carol\Desktop\UNIVERSIDAD\SID2\proyectoIntegradorSid\ProyectoSid2-losIlucionistas\src\main\java\co\icesi\UniPlan\controller\EventViewController.java. Using fallback presentation compiler.
may 30, 2026 2:36:34 P. M. org.eclipse.lsp4j.jsonrpc.RemoteEndpoint handleCancellation
WARNING: Unmatched cancel notification for request id 2415
2026.05.30 14:36:34 INFO  no build target found for C:\Users\carol\Desktop\UNIVERSIDAD\SID2\proyectoIntegradorSid\ProyectoSid2-losIlucionistas\src\main\java\co\icesi\UniPlan\controller\EventViewController.java. Using fallback presentation compiler.
2026.05.30 14:36:34 WARN  no build target for: C:\Users\carol\Desktop\UNIVERSIDAD\SID2\proyectoIntegradorSid\ProyectoSid2-losIlucionistas\src\main\java\co\icesi\UniPlan\controller\EventViewController.java
2026.05.30 14:36:34 INFO  no build target found for C:\Users\carol\Desktop\UNIVERSIDAD\SID2\proyectoIntegradorSid\ProyectoSid2-losIlucionistas\src\main\java\co\icesi\UniPlan\controller\EventViewController.java. Using fallback presentation compiler.
2026.05.30 14:38:57 INFO  Shutting down server
2026.05.30 14:38:57 INFO  Memory monitor stopped
2026.05.30 14:38:57 INFO  shutting down Metals
2026.05.30 14:38:57 ERROR Unexpected error initializing server: 
org.eclipse.lsp4j.jsonrpc.ResponseErrorException: Request window/showMessageRequest failed with message: Canceled
	at org.eclipse.lsp4j.jsonrpc.RemoteEndpoint.handleResponse(RemoteEndpoint.java:214)
	at org.eclipse.lsp4j.jsonrpc.RemoteEndpoint.consume(RemoteEndpoint.java:198)
	at org.eclipse.lsp4j.jsonrpc.json.StreamMessageProducer.handleMessage(StreamMessageProducer.java:189)
	at org.eclipse.lsp4j.jsonrpc.json.StreamMessageProducer.listen(StreamMessageProducer.java:97)
	at org.eclipse.lsp4j.jsonrpc.json.ConcurrentMessageProcessor.run(ConcurrentMessageProcessor.java:97)
	at java.util.concurrent.Executors$RunnableAdapter.call(Executors.java:572)
	at java.util.concurrent.FutureTask.run(FutureTask.java:317)
	at java.util.concurrent.ThreadPoolExecutor.runWorker(ThreadPoolExecutor.java:1144)
	at java.util.concurrent.ThreadPoolExecutor$Worker.run(ThreadPoolExecutor.java:642)
	at java.lang.Thread.run(Thread.java:1583)

2026.05.30 14:38:57 INFO  Exiting server
2026.05.31 11:17:08 INFO  Started: Metals version 1.6.7 in folders 'C:\Users\carol\Desktop\UNIVERSIDAD\SID2\proyectoIntegradorSid\ProyectoSid2-losIlucionistas' for client Visual Studio Code 1.122.1.
2026.05.31 11:17:08 INFO  Memory monitor started
2026.05.31 11:17:11 WARN  Using H2 2.4.240 which is newer than the version Flyway has been verified with. The latest verified version of H2 is 2.3.232.
2026.05.31 11:17:13 INFO  no build target found for C:\Users\carol\Desktop\UNIVERSIDAD\SID2\proyectoIntegradorSid\ProyectoSid2-losIlucionistas\src\main\java\co\icesi\UniPlan\controller\EventViewController.java. Using fallback presentation compiler.
may 31, 2026 11:17:21 A. M. org.eclipse.lsp4j.jsonrpc.RemoteEndpoint handleCancellation
WARNING: Unmatched cancel notification for request id 5
may 31, 2026 11:17:21 A. M. org.eclipse.lsp4j.jsonrpc.RemoteEndpoint handleCancellation
WARNING: Unmatched cancel notification for request id 1
may 31, 2026 11:17:21 A. M. org.eclipse.lsp4j.jsonrpc.RemoteEndpoint handleCancellation
WARNING: Unmatched cancel notification for request id 2
may 31, 2026 11:17:21 A. M. org.eclipse.lsp4j.jsonrpc.RemoteEndpoint handleCancellation
WARNING: Unmatched cancel notification for request id 4
2026.05.31 11:17:22 INFO  no build target found for C:\Users\carol\Desktop\UNIVERSIDAD\SID2\proyectoIntegradorSid\ProyectoSid2-losIlucionistas\src\main\java\co\icesi\UniPlan\controller\EventViewController.java. Using fallback presentation compiler.
may 31, 2026 11:17:23 A. M. org.eclipse.lsp4j.jsonrpc.RemoteEndpoint handleCancellation
WARNING: Unmatched cancel notification for request id 9
2026.05.31 11:17:22 INFO  no build target found for C:\Users\carol\Desktop\UNIVERSIDAD\SID2\proyectoIntegradorSid\ProyectoSid2-losIlucionistas\src\main\java\co\icesi\UniPlan\controller\EventViewController.java. Using fallback presentation compiler.
2026.05.31 11:17:23 INFO  no build target found for C:\Users\carol\Desktop\UNIVERSIDAD\SID2\proyectoIntegradorSid\ProyectoSid2-losIlucionistas\src\main\java\co\icesi\UniPlan\controller\EventViewController.java. Using fallback presentation compiler.
2026.05.31 11:17:23 INFO  no build target found for C:\Users\carol\Desktop\UNIVERSIDAD\SID2\proyectoIntegradorSid\ProyectoSid2-losIlucionistas\src\main\java\co\icesi\UniPlan\controller\EventViewController.java. Using fallback presentation compiler.
2026.05.31 11:17:23 INFO  no build target found for C:\Users\carol\Desktop\UNIVERSIDAD\SID2\proyectoIntegradorSid\ProyectoSid2-losIlucionistas\src\main\java\co\icesi\UniPlan\controller\EventViewController.java. Using fallback presentation compiler.
may 31, 2026 11:17:24 A. M. org.eclipse.lsp4j.jsonrpc.RemoteEndpoint handleCancellation
WARNING: Unmatched cancel notification for request id 13
may 31, 2026 11:17:24 A. M. org.eclipse.lsp4j.jsonrpc.RemoteEndpoint handleCancellation
WARNING: Unmatched cancel notification for request id 14
may 31, 2026 11:17:24 A. M. org.eclipse.lsp4j.jsonrpc.RemoteEndpoint handleCancellation
WARNING: Unmatched cancel notification for request id 15
may 31, 2026 11:17:24 A. M. org.eclipse.lsp4j.jsonrpc.RemoteEndpoint handleCancellation
WARNING: Unmatched cancel notification for request id 16
2026.05.31 11:17:24 INFO  no build target found for C:\Users\carol\Desktop\UNIVERSIDAD\SID2\proyectoIntegradorSid\ProyectoSid2-losIlucionistas\src\main\java\co\icesi\UniPlan\controller\EventViewController.java. Using fallback presentation compiler.
2026.05.31 11:17:24 INFO  no build target found for C:\Users\carol\Desktop\UNIVERSIDAD\SID2\proyectoIntegradorSid\ProyectoSid2-losIlucionistas\src\main\java\co\icesi\UniPlan\controller\EventViewController.java. Using fallback presentation compiler.
2026.05.31 11:17:27 INFO  no build target found for C:\Users\carol\Desktop\UNIVERSIDAD\SID2\proyectoIntegradorSid\ProyectoSid2-losIlucionistas\src\main\java\co\icesi\UniPlan\controller\EventViewController.java. Using fallback presentation compiler.
2026.05.31 11:17:36 INFO  no build target found for C:\Users\carol\Desktop\UNIVERSIDAD\SID2\proyectoIntegradorSid\ProyectoSid2-losIlucionistas\src\main\java\co\icesi\UniPlan\controller\EventViewController.java. Using fallback presentation compiler.
2026.05.31 11:17:45 INFO  no build target found for C:\Users\carol\Desktop\UNIVERSIDAD\SID2\proyectoIntegradorSid\ProyectoSid2-losIlucionistas\src\main\java\co\icesi\UniPlan\controller\EventViewController.java. Using fallback presentation compiler.
2026.05.31 11:25:12 INFO  no build target found for C:\Users\carol\Desktop\UNIVERSIDAD\SID2\proyectoIntegradorSid\ProyectoSid2-losIlucionistas\src\main\java\co\icesi\UniPlan\controller\EventViewController.java. Using fallback presentation compiler.
2026.05.31 11:25:12 INFO  no build target found for C:\Users\carol\Desktop\UNIVERSIDAD\SID2\proyectoIntegradorSid\ProyectoSid2-losIlucionistas\src\main\java\co\icesi\UniPlan\controller\EventViewController.java. Using fallback presentation compiler.
2026.05.31 11:25:14 INFO  no build target found for C:\Users\carol\Desktop\UNIVERSIDAD\SID2\proyectoIntegradorSid\ProyectoSid2-losIlucionistas\src\main\java\co\icesi\UniPlan\controller\EventViewController.java. Using fallback presentation compiler.
2026.05.31 11:25:16 INFO  no build target found for C:\Users\carol\Desktop\UNIVERSIDAD\SID2\proyectoIntegradorSid\ProyectoSid2-losIlucionistas\src\main\java\co\icesi\UniPlan\controller\EventViewController.java. Using fallback presentation compiler.
2026.05.31 11:25:22 INFO  no build target found for C:\Users\carol\Desktop\UNIVERSIDAD\SID2\proyectoIntegradorSid\ProyectoSid2-losIlucionistas\src\main\java\co\icesi\UniPlan\controller\EventViewController.java. Using fallback presentation compiler.
2026.05.31 11:25:24 INFO  no build target found for C:\Users\carol\Desktop\UNIVERSIDAD\SID2\proyectoIntegradorSid\ProyectoSid2-losIlucionistas\src\main\java\co\icesi\UniPlan\controller\EventViewController.java. Using fallback presentation compiler.
2026.05.31 11:25:38 INFO  no build target found for C:\Users\carol\Desktop\UNIVERSIDAD\SID2\proyectoIntegradorSid\ProyectoSid2-losIlucionistas\src\main\java\co\icesi\UniPlan\config\DataInitializer.java. Using fallback presentation compiler.
2026.05.31 11:25:38 INFO  no build target found for C:\Users\carol\Desktop\UNIVERSIDAD\SID2\proyectoIntegradorSid\ProyectoSid2-losIlucionistas\src\main\java\co\icesi\UniPlan\config\DataInitializer.java. Using fallback presentation compiler.
2026.05.31 11:25:38 INFO  no build target found for C:\Users\carol\Desktop\UNIVERSIDAD\SID2\proyectoIntegradorSid\ProyectoSid2-losIlucionistas\src\main\java\co\icesi\UniPlan\config\DataInitializer.java. Using fallback presentation compiler.
may 31, 2026 11:25:39 A. M. org.eclipse.lsp4j.jsonrpc.RemoteEndpoint handleCancellation
WARNING: Unmatched cancel notification for request id 47
2026.05.31 11:25:38 INFO  no build target found for C:\Users\carol\Desktop\UNIVERSIDAD\SID2\proyectoIntegradorSid\ProyectoSid2-losIlucionistas\src\main\java\co\icesi\UniPlan\config\DataInitializer.java. Using fallback presentation compiler.
2026.05.31 11:25:38 INFO  no build target found for C:\Users\carol\Desktop\UNIVERSIDAD\SID2\proyectoIntegradorSid\ProyectoSid2-losIlucionistas\src\main\java\co\icesi\UniPlan\config\DataInitializer.java. Using fallback presentation compiler.
2026.05.31 11:25:40 INFO  no build target found for C:\Users\carol\Desktop\UNIVERSIDAD\SID2\proyectoIntegradorSid\ProyectoSid2-losIlucionistas\src\main\java\co\icesi\UniPlan\config\DataInitializer.java. Using fallback presentation compiler.
2026.05.31 11:25:42 INFO  no build target found for C:\Users\carol\Desktop\UNIVERSIDAD\SID2\proyectoIntegradorSid\ProyectoSid2-losIlucionistas\src\main\java\co\icesi\UniPlan\config\DataInitializer.java. Using fallback presentation compiler.
2026.05.31 11:25:45 INFO  no build target found for C:\Users\carol\Desktop\UNIVERSIDAD\SID2\proyectoIntegradorSid\ProyectoSid2-losIlucionistas\src\main\java\co\icesi\UniPlan\config\DataInitializer.java. Using fallback presentation compiler.
2026.05.31 11:25:45 INFO  no build target found for C:\Users\carol\Desktop\UNIVERSIDAD\SID2\proyectoIntegradorSid\ProyectoSid2-losIlucionistas\src\main\java\co\icesi\UniPlan\config\DataInitializer.java. Using fallback presentation compiler.
2026.05.31 12:09:04 INFO  Shutting down server
2026.05.31 12:09:04 INFO  Memory monitor stopped
2026.05.31 12:09:04 INFO  shutting down Metals
2026.05.31 12:09:05 ERROR Unexpected error initializing server: 
org.eclipse.lsp4j.jsonrpc.ResponseErrorException: Request window/showMessageRequest failed with message: Canceled
	at org.eclipse.lsp4j.jsonrpc.RemoteEndpoint.handleResponse(RemoteEndpoint.java:214)
	at org.eclipse.lsp4j.jsonrpc.RemoteEndpoint.consume(RemoteEndpoint.java:198)
	at org.eclipse.lsp4j.jsonrpc.json.StreamMessageProducer.handleMessage(StreamMessageProducer.java:189)
	at org.eclipse.lsp4j.jsonrpc.json.StreamMessageProducer.listen(StreamMessageProducer.java:97)
	at org.eclipse.lsp4j.jsonrpc.json.ConcurrentMessageProcessor.run(ConcurrentMessageProcessor.java:97)
	at java.util.concurrent.Executors$RunnableAdapter.call(Executors.java:572)
	at java.util.concurrent.FutureTask.run(FutureTask.java:317)
	at java.util.concurrent.ThreadPoolExecutor.runWorker(ThreadPoolExecutor.java:1144)
	at java.util.concurrent.ThreadPoolExecutor$Worker.run(ThreadPoolExecutor.java:642)
	at java.lang.Thread.run(Thread.java:1583)

2026.05.31 12:11:20 INFO  Started: Metals version 1.6.7 in folders 'C:\Users\carol\Desktop\UNIVERSIDAD\SID2\proyectoIntegradorSid\ProyectoSid2-losIlucionistas' for client Visual Studio Code 1.122.1.
2026.05.31 12:11:20 INFO  Memory monitor started
2026.05.31 12:11:23 WARN  Using H2 2.4.240 which is newer than the version Flyway has been verified with. The latest verified version of H2 is 2.3.232.
2026.05.31 12:11:24 INFO  no build target found for C:\Users\carol\Desktop\UNIVERSIDAD\SID2\proyectoIntegradorSid\ProyectoSid2-losIlucionistas\src\main\java\co\icesi\UniPlan\config\DataInitializer.java. Using fallback presentation compiler.
2026.05.31 12:11:26 INFO  no build target found for C:\Users\carol\Desktop\UNIVERSIDAD\SID2\proyectoIntegradorSid\ProyectoSid2-losIlucionistas\src\main\java\co\icesi\UniPlan\config\DataInitializer.java. Using fallback presentation compiler.
2026.05.31 12:11:35 INFO  no build target found for C:\Users\carol\Desktop\UNIVERSIDAD\SID2\proyectoIntegradorSid\ProyectoSid2-losIlucionistas\src\main\java\co\icesi\UniPlan\config\DataInitializer.java. Using fallback presentation compiler.
2026.05.31 12:12:10 INFO  no build target found for C:\Users\carol\Desktop\UNIVERSIDAD\SID2\proyectoIntegradorSid\ProyectoSid2-losIlucionistas\src\main\java\co\icesi\UniPlan\config\DataInitializer.java. Using fallback presentation compiler.
2026.05.31 12:12:10 INFO  no build target found for C:\Users\carol\Desktop\UNIVERSIDAD\SID2\proyectoIntegradorSid\ProyectoSid2-losIlucionistas\src\main\java\co\icesi\UniPlan\config\DataInitializer.java. Using fallback presentation compiler.
2026.05.31 12:12:10 INFO  no build target found for C:\Users\carol\Desktop\UNIVERSIDAD\SID2\proyectoIntegradorSid\ProyectoSid2-losIlucionistas\src\main\java\co\icesi\UniPlan\config\DataInitializer.java. Using fallback presentation compiler.
2026.05.31 12:12:11 INFO  no build target found for C:\Users\carol\Desktop\UNIVERSIDAD\SID2\proyectoIntegradorSid\ProyectoSid2-losIlucionistas\src\main\java\co\icesi\UniPlan\config\DataInitializer.java. Using fallback presentation compiler.
may 31, 2026 12:12:11 P. M. org.eclipse.lsp4j.jsonrpc.RemoteEndpoint handleCancellation
WARNING: Unmatched cancel notification for request id 10
may 31, 2026 12:12:11 P. M. org.eclipse.lsp4j.jsonrpc.RemoteEndpoint handleCancellation
WARNING: Unmatched cancel notification for request id 11
may 31, 2026 12:12:11 P. M. org.eclipse.lsp4j.jsonrpc.RemoteEndpoint handleCancellation
WARNING: Unmatched cancel notification for request id 12
2026.05.31 12:12:11 INFO  no build target found for C:\Users\carol\Desktop\UNIVERSIDAD\SID2\proyectoIntegradorSid\ProyectoSid2-losIlucionistas\src\main\java\co\icesi\UniPlan\config\DataInitializer.java. Using fallback presentation compiler.
2026.05.31 12:12:12 INFO  no build target found for C:\Users\carol\Desktop\UNIVERSIDAD\SID2\proyectoIntegradorSid\ProyectoSid2-losIlucionistas\src\main\java\co\icesi\UniPlan\config\DataInitializer.java. Using fallback presentation compiler.
2026.05.31 12:12:19 INFO  no build target found for C:\Users\carol\Desktop\UNIVERSIDAD\SID2\proyectoIntegradorSid\ProyectoSid2-losIlucionistas\src\main\java\co\icesi\UniPlan\config\DataInitializer.java. Using fallback presentation compiler.
2026.05.31 12:12:29 INFO  no build target found for C:\Users\carol\Desktop\UNIVERSIDAD\SID2\proyectoIntegradorSid\ProyectoSid2-losIlucionistas\src\main\java\co\icesi\UniPlan\config\DataInitializer.java. Using fallback presentation compiler.
2026.05.31 12:12:29 INFO  no build target found for C:\Users\carol\Desktop\UNIVERSIDAD\SID2\proyectoIntegradorSid\ProyectoSid2-losIlucionistas\src\main\java\co\icesi\UniPlan\service\AppUserService.java. Using fallback presentation compiler.
2026.05.31 12:12:29 INFO  no build target found for C:\Users\carol\Desktop\UNIVERSIDAD\SID2\proyectoIntegradorSid\ProyectoSid2-losIlucionistas\src\main\java\co\icesi\UniPlan\service\AppUserService.java. Using fallback presentation compiler.
2026.05.31 12:12:29 INFO  no build target found for C:\Users\carol\Desktop\UNIVERSIDAD\SID2\proyectoIntegradorSid\ProyectoSid2-losIlucionistas\src\main\java\co\icesi\UniPlan\service\AppUserService.java. Using fallback presentation compiler.
2026.05.31 12:12:31 INFO  no build target found for C:\Users\carol\Desktop\UNIVERSIDAD\SID2\proyectoIntegradorSid\ProyectoSid2-losIlucionistas\src\main\java\co\icesi\UniPlan\service\AppUserService.java. Using fallback presentation compiler.
2026.05.31 12:12:38 INFO  no build target found for C:\Users\carol\Desktop\UNIVERSIDAD\SID2\proyectoIntegradorSid\ProyectoSid2-losIlucionistas\src\main\java\co\icesi\UniPlan\service\AppUserService.java. Using fallback presentation compiler.
2026.05.31 12:12:39 INFO  no build target found for C:\Users\carol\Desktop\UNIVERSIDAD\SID2\proyectoIntegradorSid\ProyectoSid2-losIlucionistas\src\main\java\co\icesi\UniPlan\service\AppUserService.java. Using fallback presentation compiler.
2026.05.31 12:12:39 INFO  no build target found for C:\Users\carol\Desktop\UNIVERSIDAD\SID2\proyectoIntegradorSid\ProyectoSid2-losIlucionistas\src\main\java\co\icesi\UniPlan\service\AppUserService.java. Using fallback presentation compiler.
2026.05.31 12:12:45 INFO  no build target found for C:\Users\carol\Desktop\UNIVERSIDAD\SID2\proyectoIntegradorSid\ProyectoSid2-losIlucionistas\src\main\java\co\icesi\UniPlan\service\AppUserService.java. Using fallback presentation compiler.
2026.05.31 12:12:54 INFO  no build target found for C:\Users\carol\Desktop\UNIVERSIDAD\SID2\proyectoIntegradorSid\ProyectoSid2-losIlucionistas\src\main\java\co\icesi\UniPlan\service\AppUserService.java. Using fallback presentation compiler.
2026.05.31 12:12:57 INFO  no build target found for C:\Users\carol\Desktop\UNIVERSIDAD\SID2\proyectoIntegradorSid\ProyectoSid2-losIlucionistas\src\main\java\co\icesi\UniPlan\service\AppUserService.java. Using fallback presentation compiler.
2026.05.31 12:13:01 INFO  no build target found for C:\Users\carol\Desktop\UNIVERSIDAD\SID2\proyectoIntegradorSid\ProyectoSid2-losIlucionistas\src\main\java\co\icesi\UniPlan\service\AppUserService.java. Using fallback presentation compiler.
2026.05.31 12:13:04 INFO  no build target found for C:\Users\carol\Desktop\UNIVERSIDAD\SID2\proyectoIntegradorSid\ProyectoSid2-losIlucionistas\src\main\java\co\icesi\UniPlan\service\AppUserService.java. Using fallback presentation compiler.
2026.05.31 12:13:07 INFO  no build target found for C:\Users\carol\Desktop\UNIVERSIDAD\SID2\proyectoIntegradorSid\ProyectoSid2-losIlucionistas\src\main\java\co\icesi\UniPlan\service\AppUserService.java. Using fallback presentation compiler.
may 31, 2026 12:13:07 P. M. org.eclipse.lsp4j.jsonrpc.RemoteEndpoint handleCancellation
WARNING: Unmatched cancel notification for request id 46
2026.05.31 12:13:07 INFO  no build target found for C:\Users\carol\Desktop\UNIVERSIDAD\SID2\proyectoIntegradorSid\ProyectoSid2-losIlucionistas\src\main\java\co\icesi\UniPlan\service\AppUserService.java. Using fallback presentation compiler.
2026.05.31 12:13:08 INFO  no build target found for C:\Users\carol\Desktop\UNIVERSIDAD\SID2\proyectoIntegradorSid\ProyectoSid2-losIlucionistas\src\main\java\co\icesi\UniPlan\service\AppUserService.java. Using fallback presentation compiler.
2026.05.31 12:13:09 WARN  no build target for: C:\Users\carol\Desktop\UNIVERSIDAD\SID2\proyectoIntegradorSid\ProyectoSid2-losIlucionistas\src\main\java\co\icesi\UniPlan\service\AppUserService.java
2026.05.31 12:13:09 INFO  no build target found for C:\Users\carol\Desktop\UNIVERSIDAD\SID2\proyectoIntegradorSid\ProyectoSid2-losIlucionistas\src\main\java\co\icesi\UniPlan\service\AppUserService.java. Using fallback presentation compiler.
2026.05.31 12:13:14 INFO  no build target found for C:\Users\carol\Desktop\UNIVERSIDAD\SID2\proyectoIntegradorSid\ProyectoSid2-losIlucionistas\src\main\java\co\icesi\UniPlan\service\AppUserService.java. Using fallback presentation compiler.
2026.05.31 12:13:14 INFO  no build target found for C:\Users\carol\Desktop\UNIVERSIDAD\SID2\proyectoIntegradorSid\ProyectoSid2-losIlucionistas\src\main\java\co\icesi\UniPlan\service\AppUserService.java. Using fallback presentation compiler.
2026.05.31 12:13:15 WARN  no build target for: C:\Users\carol\Desktop\UNIVERSIDAD\SID2\proyectoIntegradorSid\ProyectoSid2-losIlucionistas\src\main\java\co\icesi\UniPlan\service\AppUserService.java
2026.05.31 12:13:15 INFO  no build target found for C:\Users\carol\Desktop\UNIVERSIDAD\SID2\proyectoIntegradorSid\ProyectoSid2-losIlucionistas\src\main\java\co\icesi\UniPlan\service\AppUserService.java. Using fallback presentation compiler.
2026.05.31 12:13:17 INFO  no build target found for C:\Users\carol\Desktop\UNIVERSIDAD\SID2\proyectoIntegradorSid\ProyectoSid2-losIlucionistas\src\main\java\co\icesi\UniPlan\service\AppUserService.java. Using fallback presentation compiler.
2026.05.31 12:13:17 INFO  no build target found for C:\Users\carol\Desktop\UNIVERSIDAD\SID2\proyectoIntegradorSid\ProyectoSid2-losIlucionistas\src\main\java\co\icesi\UniPlan\service\AppUserService.java. Using fallback presentation compiler.
2026.05.31 12:13:17 INFO  no build target found for C:\Users\carol\Desktop\UNIVERSIDAD\SID2\proyectoIntegradorSid\ProyectoSid2-losIlucionistas\src\main\java\co\icesi\UniPlan\service\AppUserService.java. Using fallback presentation compiler.
2026.05.31 12:13:19 INFO  no build target found for C:\Users\carol\Desktop\UNIVERSIDAD\SID2\proyectoIntegradorSid\ProyectoSid2-losIlucionistas\src\main\java\co\icesi\UniPlan\service\AppUserService.java. Using fallback presentation compiler.
2026.05.31 12:13:19 INFO  no build target found for C:\Users\carol\Desktop\UNIVERSIDAD\SID2\proyectoIntegradorSid\ProyectoSid2-losIlucionistas\src\main\java\co\icesi\UniPlan\service\AppUserService.java. Using fallback presentation compiler.
2026.05.31 12:13:19 INFO  no build target found for C:\Users\carol\Desktop\UNIVERSIDAD\SID2\proyectoIntegradorSid\ProyectoSid2-losIlucionistas\src\main\java\co\icesi\UniPlan\service\AppUserService.java. Using fallback presentation compiler.
may 31, 2026 12:13:20 P. M. org.eclipse.lsp4j.jsonrpc.RemoteEndpoint handleCancellation
WARNING: Unmatched cancel notification for request id 68
2026.05.31 12:13:20 WARN  no build target for: C:\Users\carol\Desktop\UNIVERSIDAD\SID2\proyectoIntegradorSid\ProyectoSid2-losIlucionistas\src\main\java\co\icesi\UniPlan\service\AppUserService.java
2026.05.31 12:13:20 INFO  no build target found for C:\Users\carol\Desktop\UNIVERSIDAD\SID2\proyectoIntegradorSid\ProyectoSid2-losIlucionistas\src\main\java\co\icesi\UniPlan\service\AppUserService.java. Using fallback presentation compiler.
may 31, 2026 12:13:20 P. M. org.eclipse.lsp4j.jsonrpc.RemoteEndpoint handleCancellation
WARNING: Unmatched cancel notification for request id 71
2026.05.31 12:13:20 INFO  no build target found for C:\Users\carol\Desktop\UNIVERSIDAD\SID2\proyectoIntegradorSid\ProyectoSid2-losIlucionistas\src\main\java\co\icesi\UniPlan\service\AppUserService.java. Using fallback presentation compiler.
2026.05.31 12:13:22 INFO  no build target found for C:\Users\carol\Desktop\UNIVERSIDAD\SID2\proyectoIntegradorSid\ProyectoSid2-losIlucionistas\src\main\java\co\icesi\UniPlan\service\AppUserService.java. Using fallback presentation compiler.
2026.05.31 12:13:25 INFO  no build target found for C:\Users\carol\Desktop\UNIVERSIDAD\SID2\proyectoIntegradorSid\ProyectoSid2-losIlucionistas\src\main\java\co\icesi\UniPlan\service\AppUserService.java. Using fallback presentation compiler.
2026.05.31 12:13:32 INFO  no build target found for C:\Users\carol\Desktop\UNIVERSIDAD\SID2\proyectoIntegradorSid\ProyectoSid2-losIlucionistas\src\main\java\co\icesi\UniPlan\service\AppUserService.java. Using fallback presentation compiler.
2026.05.31 12:13:39 INFO  no build target found for C:\Users\carol\Desktop\UNIVERSIDAD\SID2\proyectoIntegradorSid\ProyectoSid2-losIlucionistas\src\main\java\co\icesi\UniPlan\service\AppUserService.java. Using fallback presentation compiler.
2026.05.31 12:13:51 INFO  no build target found for C:\Users\carol\Desktop\UNIVERSIDAD\SID2\proyectoIntegradorSid\ProyectoSid2-losIlucionistas\src\main\java\co\icesi\UniPlan\service\AppUserService.java. Using fallback presentation compiler.
2026.05.31 12:14:02 INFO  no build target found for C:\Users\carol\Desktop\UNIVERSIDAD\SID2\proyectoIntegradorSid\ProyectoSid2-losIlucionistas\src\main\java\co\icesi\UniPlan\service\AppUserService.java. Using fallback presentation compiler.
2026.05.31 12:14:02 INFO  no build target found for C:\Users\carol\Desktop\UNIVERSIDAD\SID2\proyectoIntegradorSid\ProyectoSid2-losIlucionistas\src\main\java\co\icesi\UniPlan\service\AppUserService.java. Using fallback presentation compiler.
2026.05.31 12:14:28 INFO  no build target found for C:\Users\carol\Desktop\UNIVERSIDAD\SID2\proyectoIntegradorSid\ProyectoSid2-losIlucionistas\src\main\java\co\icesi\UniPlan\service\AppUserService.java. Using fallback presentation compiler.
2026.05.31 12:14:28 INFO  no build target found for C:\Users\carol\Desktop\UNIVERSIDAD\SID2\proyectoIntegradorSid\ProyectoSid2-losIlucionistas\src\main\java\co\icesi\UniPlan\service\AppUserService.java. Using fallback presentation compiler.
2026.05.31 12:14:32 INFO  no build target found for C:\Users\carol\Desktop\UNIVERSIDAD\SID2\proyectoIntegradorSid\ProyectoSid2-losIlucionistas\src\main\java\co\icesi\UniPlan\service\AppUserService.java. Using fallback presentation compiler.
2026.05.31 12:14:36 INFO  no build target found for C:\Users\carol\Desktop\UNIVERSIDAD\SID2\proyectoIntegradorSid\ProyectoSid2-losIlucionistas\src\main\java\co\icesi\UniPlan\service\AppUserService.java. Using fallback presentation compiler.
2026.05.31 12:14:41 INFO  no build target found for C:\Users\carol\Desktop\UNIVERSIDAD\SID2\proyectoIntegradorSid\ProyectoSid2-losIlucionistas\src\main\java\co\icesi\UniPlan\service\AppUserService.java. Using fallback presentation compiler.
2026.05.31 12:14:44 INFO  no build target found for C:\Users\carol\Desktop\UNIVERSIDAD\SID2\proyectoIntegradorSid\ProyectoSid2-losIlucionistas\src\main\java\co\icesi\UniPlan\service\AppUserService.java. Using fallback presentation compiler.
2026.05.31 12:14:48 INFO  no build target found for C:\Users\carol\Desktop\UNIVERSIDAD\SID2\proyectoIntegradorSid\ProyectoSid2-losIlucionistas\src\main\java\co\icesi\UniPlan\service\AppUserService.java. Using fallback presentation compiler.
2026.05.31 12:14:48 INFO  no build target found for C:\Users\carol\Desktop\UNIVERSIDAD\SID2\proyectoIntegradorSid\ProyectoSid2-losIlucionistas\src\main\java\co\icesi\UniPlan\service\AppUserService.java. Using fallback presentation compiler.
2026.05.31 12:14:49 INFO  no build target found for C:\Users\carol\Desktop\UNIVERSIDAD\SID2\proyectoIntegradorSid\ProyectoSid2-losIlucionistas\src\main\java\co\icesi\UniPlan\service\AppUserService.java. Using fallback presentation compiler.
2026.05.31 12:14:49 INFO  no build target found for C:\Users\carol\Desktop\UNIVERSIDAD\SID2\proyectoIntegradorSid\ProyectoSid2-losIlucionistas\src\main\java\co\icesi\UniPlan\service\AppUserService.java. Using fallback presentation compiler.
2026.05.31 12:14:49 INFO  no build target found for C:\Users\carol\Desktop\UNIVERSIDAD\SID2\proyectoIntegradorSid\ProyectoSid2-losIlucionistas\src\main\java\co\icesi\UniPlan\service\AppUserService.java. Using fallback presentation compiler.
2026.05.31 12:14:49 INFO  no build target found for C:\Users\carol\Desktop\UNIVERSIDAD\SID2\proyectoIntegradorSid\ProyectoSid2-losIlucionistas\src\main\java\co\icesi\UniPlan\service\AppUserService.java. Using fallback presentation compiler.
2026.05.31 12:14:51 INFO  no build target found for C:\Users\carol\Desktop\UNIVERSIDAD\SID2\proyectoIntegradorSid\ProyectoSid2-losIlucionistas\src\main\java\co\icesi\UniPlan\service\AppUserService.java. Using fallback presentation compiler.
2026.05.31 12:14:51 INFO  no build target found for C:\Users\carol\Desktop\UNIVERSIDAD\SID2\proyectoIntegradorSid\ProyectoSid2-losIlucionistas\src\main\java\co\icesi\UniPlan\service\AppUserService.java. Using fallback presentation compiler.
2026.05.31 12:14:56 INFO  no build target found for C:\Users\carol\Desktop\UNIVERSIDAD\SID2\proyectoIntegradorSid\ProyectoSid2-losIlucionistas\src\main\java\co\icesi\UniPlan\service\AppUserService.java. Using fallback presentation compiler.
2026.05.31 12:14:56 INFO  no build target found for C:\Users\carol\Desktop\UNIVERSIDAD\SID2\proyectoIntegradorSid\ProyectoSid2-losIlucionistas\src\main\java\co\icesi\UniPlan\service\AppUserService.java. Using fallback presentation compiler.
2026.05.31 12:14:56 INFO  no build target found for C:\Users\carol\Desktop\UNIVERSIDAD\SID2\proyectoIntegradorSid\ProyectoSid2-losIlucionistas\src\main\java\co\icesi\UniPlan\service\AppUserService.java. Using fallback presentation compiler.
2026.05.31 12:14:57 WARN  no build target for: C:\Users\carol\Desktop\UNIVERSIDAD\SID2\proyectoIntegradorSid\ProyectoSid2-losIlucionistas\src\main\java\co\icesi\UniPlan\service\AppUserService.java
2026.05.31 12:14:57 INFO  no build target found for C:\Users\carol\Desktop\UNIVERSIDAD\SID2\proyectoIntegradorSid\ProyectoSid2-losIlucionistas\src\main\java\co\icesi\UniPlan\service\AppUserService.java. Using fallback presentation compiler.
2026.05.31 12:14:59 INFO  no build target found for C:\Users\carol\Desktop\UNIVERSIDAD\SID2\proyectoIntegradorSid\ProyectoSid2-losIlucionistas\src\main\java\co\icesi\UniPlan\service\AppUserService.java. Using fallback presentation compiler.
2026.05.31 12:14:59 INFO  no build target found for C:\Users\carol\Desktop\UNIVERSIDAD\SID2\proyectoIntegradorSid\ProyectoSid2-losIlucionistas\src\main\java\co\icesi\UniPlan\service\AppUserService.java. Using fallback presentation compiler.
2026.05.31 12:14:59 INFO  no build target found for C:\Users\carol\Desktop\UNIVERSIDAD\SID2\proyectoIntegradorSid\ProyectoSid2-losIlucionistas\src\main\java\co\icesi\UniPlan\service\AppUserService.java. Using fallback presentation compiler.
2026.05.31 12:15:01 INFO  no build target found for C:\Users\carol\Desktop\UNIVERSIDAD\SID2\proyectoIntegradorSid\ProyectoSid2-losIlucionistas\src\main\java\co\icesi\UniPlan\service\AppUserService.java. Using fallback presentation compiler.
2026.05.31 12:15:01 INFO  no build target found for C:\Users\carol\Desktop\UNIVERSIDAD\SID2\proyectoIntegradorSid\ProyectoSid2-losIlucionistas\src\main\java\co\icesi\UniPlan\service\AppUserService.java. Using fallback presentation compiler.
may 31, 2026 12:15:01 P. M. org.eclipse.lsp4j.jsonrpc.RemoteEndpoint handleCancellation
WARNING: Unmatched cancel notification for request id 124
2026.05.31 12:15:01 INFO  no build target found for C:\Users\carol\Desktop\UNIVERSIDAD\SID2\proyectoIntegradorSid\ProyectoSid2-losIlucionistas\src\main\java\co\icesi\UniPlan\service\AppUserService.java. Using fallback presentation compiler.
2026.05.31 12:15:01 INFO  no build target found for C:\Users\carol\Desktop\UNIVERSIDAD\SID2\proyectoIntegradorSid\ProyectoSid2-losIlucionistas\src\main\java\co\icesi\UniPlan\service\AppUserService.java. Using fallback presentation compiler.
2026.05.31 12:15:01 INFO  no build target found for C:\Users\carol\Desktop\UNIVERSIDAD\SID2\proyectoIntegradorSid\ProyectoSid2-losIlucionistas\src\main\java\co\icesi\UniPlan\service\AppUserService.java. Using fallback presentation compiler.
2026.05.31 12:15:01 INFO  no build target found for C:\Users\carol\Desktop\UNIVERSIDAD\SID2\proyectoIntegradorSid\ProyectoSid2-losIlucionistas\src\main\java\co\icesi\UniPlan\service\AppUserService.java. Using fallback presentation compiler.
2026.05.31 12:15:02 INFO  no build target found for C:\Users\carol\Desktop\UNIVERSIDAD\SID2\proyectoIntegradorSid\ProyectoSid2-losIlucionistas\src\main\java\co\icesi\UniPlan\service\AppUserService.java. Using fallback presentation compiler.
2026.05.31 12:15:02 WARN  no build target for: C:\Users\carol\Desktop\UNIVERSIDAD\SID2\proyectoIntegradorSid\ProyectoSid2-losIlucionistas\src\main\java\co\icesi\UniPlan\service\AppUserService.java
may 31, 2026 12:15:02 P. M. org.eclipse.lsp4j.jsonrpc.RemoteEndpoint handleCancellation
WARNING: Unmatched cancel notification for request id 133
2026.05.31 12:15:02 INFO  no build target found for C:\Users\carol\Desktop\UNIVERSIDAD\SID2\proyectoIntegradorSid\ProyectoSid2-losIlucionistas\src\main\java\co\icesi\UniPlan\service\AppUserService.java. Using fallback presentation compiler.
2026.05.31 12:15:03 INFO  no build target found for C:\Users\carol\Desktop\UNIVERSIDAD\SID2\proyectoIntegradorSid\ProyectoSid2-losIlucionistas\src\main\java\co\icesi\UniPlan\service\AppUserService.java. Using fallback presentation compiler.
2026.05.31 12:15:06 INFO  no build target found for C:\Users\carol\Desktop\UNIVERSIDAD\SID2\proyectoIntegradorSid\ProyectoSid2-losIlucionistas\src\main\java\co\icesi\UniPlan\service\AppUserService.java. Using fallback presentation compiler.
2026.05.31 12:15:29 INFO  no build target found for C:\Users\carol\Desktop\UNIVERSIDAD\SID2\proyectoIntegradorSid\ProyectoSid2-losIlucionistas\src\main\java\co\icesi\UniPlan\controller\HomeController.java. Using fallback presentation compiler.
2026.05.31 12:15:29 INFO  no build target found for C:\Users\carol\Desktop\UNIVERSIDAD\SID2\proyectoIntegradorSid\ProyectoSid2-losIlucionistas\src\main\java\co\icesi\UniPlan\controller\HomeController.java. Using fallback presentation compiler.
2026.05.31 12:15:29 INFO  no build target found for C:\Users\carol\Desktop\UNIVERSIDAD\SID2\proyectoIntegradorSid\ProyectoSid2-losIlucionistas\src\main\java\co\icesi\UniPlan\controller\HomeController.java. Using fallback presentation compiler.
2026.05.31 12:15:30 INFO  no build target found for C:\Users\carol\Desktop\UNIVERSIDAD\SID2\proyectoIntegradorSid\ProyectoSid2-losIlucionistas\src\main\java\co\icesi\UniPlan\controller\HomeController.java. Using fallback presentation compiler.
2026.05.31 12:15:38 INFO  no build target found for C:\Users\carol\Desktop\UNIVERSIDAD\SID2\proyectoIntegradorSid\ProyectoSid2-losIlucionistas\src\main\java\co\icesi\UniPlan\controller\HomeController.java. Using fallback presentation compiler.
2026.05.31 12:15:38 INFO  no build target found for C:\Users\carol\Desktop\UNIVERSIDAD\SID2\proyectoIntegradorSid\ProyectoSid2-losIlucionistas\src\main\java\co\icesi\UniPlan\controller\HomeController.java. Using fallback presentation compiler.
2026.05.31 12:15:48 INFO  no build target found for C:\Users\carol\Desktop\UNIVERSIDAD\SID2\proyectoIntegradorSid\ProyectoSid2-losIlucionistas\src\main\java\co\icesi\UniPlan\controller\HomeController.java. Using fallback presentation compiler.
may 31, 2026 12:15:48 P. M. org.eclipse.lsp4j.jsonrpc.RemoteEndpoint fallbackResponseError
SEVERE: Internal error: Unknown type: "<any?>"
javax.lang.model.type.UnknownTypeException: Unknown type: "<any?>"
	at scala.meta.internal.pc.JavaTypeVisitor.visitUnknown(JavaTypeVisitor.scala:68)
	at scala.meta.internal.pc.JavaTypeVisitor.visitUnknown(JavaTypeVisitor.scala:20)
	at jdk.compiler/com.sun.tools.javac.code.Type$UnknownType.accept(Type.java:2426)
	at scala.meta.internal.pc.JavaTypeVisitor.visit(JavaTypeVisitor.scala:24)
	at scala.meta.internal.pc.JavaTypeVisitor.visit(JavaTypeVisitor.scala:22)
	at scala.meta.internal.pc.JavaTypeVisitor.visitExecutable(JavaTypeVisitor.scala:62)
	at scala.meta.internal.pc.JavaTypeVisitor.visitExecutable(JavaTypeVisitor.scala:20)
	at jdk.compiler/com.sun.tools.javac.code.Type$MethodType.accept(Type.java:1567)
	at scala.meta.internal.pc.JavaHoverProvider.typeHover(JavaHoverProvider.scala:94)
	at scala.meta.internal.pc.JavaHoverProvider.executableHover(JavaHoverProvider.scala:145)
	at scala.meta.internal.pc.JavaHoverProvider.hoverType(JavaHoverProvider.scala:79)
	at scala.meta.internal.pc.JavaHoverProvider.$anonfun$hoverOffset$4(JavaHoverProvider.scala:71)
	at scala.Option.flatMap(Option.scala:283)
	at scala.meta.internal.pc.JavaHoverProvider.hoverOffset(JavaHoverProvider.scala:57)
	at scala.meta.internal.pc.JavaHoverProvider.hover(JavaHoverProvider.scala:37)
	at scala.meta.internal.pc.JavaPresentationCompiler.hover(JavaPresentationCompiler.scala:80)
	at scala.meta.internal.metals.Compilers.$anonfun$hover$1(Compilers.scala:1134)
	at scala.meta.internal.metals.Compilers.$anonfun$withPCAndAdjustLsp$12(Compilers.scala:1628)
	at scala.Option.map(Option.scala:242)
	at scala.meta.internal.metals.Compilers.$anonfun$withPCAndAdjustLsp$10(Compilers.scala:1628)
	at scala.Option.flatMap(Option.scala:283)
	at scala.meta.internal.metals.Compilers.withPCAndAdjustLsp(Compilers.scala:1610)
	at scala.meta.internal.metals.Compilers.hover(Compilers.scala:1129)
	at scala.meta.internal.metals.MetalsLspService.$anonfun$hover$1(MetalsLspService.scala:985)
	at scala.meta.internal.metals.CancelTokens$.future(CancelTokens.scala:38)
	at scala.meta.internal.metals.MetalsLspService.hover(MetalsLspService.scala:983)
	at scala.meta.internal.metals.WorkspaceLspService.hover(WorkspaceLspService.scala:524)
	at scala.meta.metals.lsp.DelegatingScalaService.hover(DelegatingScalaService.scala:78)
	at java.base/jdk.internal.reflect.DirectMethodHandleAccessor.invoke(DirectMethodHandleAccessor.java:103)
	at java.base/java.lang.reflect.Method.invoke(Method.java:580)
	at org.eclipse.lsp4j.jsonrpc.services.GenericEndpoint.lambda$recursiveFindRpcMethods$0(GenericEndpoint.java:65)
	at org.eclipse.lsp4j.jsonrpc.services.GenericEndpoint.request(GenericEndpoint.java:128)
	at org.eclipse.lsp4j.jsonrpc.RemoteEndpoint.handleRequest(RemoteEndpoint.java:265)
	at org.eclipse.lsp4j.jsonrpc.RemoteEndpoint.consume(RemoteEndpoint.java:195)
	at org.eclipse.lsp4j.jsonrpc.json.StreamMessageProducer.handleMessage(StreamMessageProducer.java:189)
	at org.eclipse.lsp4j.jsonrpc.json.StreamMessageProducer.listen(StreamMessageProducer.java:97)
	at org.eclipse.lsp4j.jsonrpc.json.ConcurrentMessageProcessor.run(ConcurrentMessageProcessor.java:97)
	at java.base/java.util.concurrent.Executors$RunnableAdapter.call(Executors.java:572)
	at java.base/java.util.concurrent.FutureTask.run(FutureTask.java:317)
	at java.base/java.util.concurrent.ThreadPoolExecutor.runWorker(ThreadPoolExecutor.java:1144)
	at java.base/java.util.concurrent.ThreadPoolExecutor$Worker.run(ThreadPoolExecutor.java:642)
	at java.base/java.lang.Thread.run(Thread.java:1583)

2026.05.31 12:15:50 INFO  no build target found for C:\Users\carol\Desktop\UNIVERSIDAD\SID2\proyectoIntegradorSid\ProyectoSid2-losIlucionistas\src\main\java\co\icesi\UniPlan\controller\HomeController.java. Using fallback presentation compiler.
2026.05.31 12:15:57 INFO  no build target found for C:\Users\carol\Desktop\UNIVERSIDAD\SID2\proyectoIntegradorSid\ProyectoSid2-losIlucionistas\src\main\java\co\icesi\UniPlan\controller\HomeController.java. Using fallback presentation compiler.
2026.05.31 12:15:57 INFO  no build target found for C:\Users\carol\Desktop\UNIVERSIDAD\SID2\proyectoIntegradorSid\ProyectoSid2-losIlucionistas\src\main\java\co\icesi\UniPlan\controller\HomeController.java. Using fallback presentation compiler.
2026.05.31 12:15:57 INFO  no build target found for C:\Users\carol\Desktop\UNIVERSIDAD\SID2\proyectoIntegradorSid\ProyectoSid2-losIlucionistas\src\main\java\co\icesi\UniPlan\controller\HomeController.java. Using fallback presentation compiler.
may 31, 2026 12:15:58 P. M. org.eclipse.lsp4j.jsonrpc.RemoteEndpoint handleCancellation
WARNING: Unmatched cancel notification for request id 162
2026.05.31 12:16:00 INFO  no build target found for C:\Users\carol\Desktop\UNIVERSIDAD\SID2\proyectoIntegradorSid\ProyectoSid2-losIlucionistas\src\main\java\co\icesi\UniPlan\controller\HomeController.java. Using fallback presentation compiler.
2026.05.31 12:16:00 INFO  no build target found for C:\Users\carol\Desktop\UNIVERSIDAD\SID2\proyectoIntegradorSid\ProyectoSid2-losIlucionistas\src\main\java\co\icesi\UniPlan\controller\HomeController.java. Using fallback presentation compiler.
2026.05.31 12:16:00 INFO  no build target found for C:\Users\carol\Desktop\UNIVERSIDAD\SID2\proyectoIntegradorSid\ProyectoSid2-losIlucionistas\src\main\java\co\icesi\UniPlan\controller\HomeController.java. Using fallback presentation compiler.
2026.05.31 12:16:00 INFO  no build target found for C:\Users\carol\Desktop\UNIVERSIDAD\SID2\proyectoIntegradorSid\ProyectoSid2-losIlucionistas\src\main\java\co\icesi\UniPlan\controller\HomeController.java. Using fallback presentation compiler.
2026.05.31 12:16:02 INFO  no build target found for C:\Users\carol\Desktop\UNIVERSIDAD\SID2\proyectoIntegradorSid\ProyectoSid2-losIlucionistas\src\main\java\co\icesi\UniPlan\controller\HomeController.java. Using fallback presentation compiler.
2026.05.31 12:16:02 INFO  no build target found for C:\Users\carol\Desktop\UNIVERSIDAD\SID2\proyectoIntegradorSid\ProyectoSid2-losIlucionistas\src\main\java\co\icesi\UniPlan\controller\HomeController.java. Using fallback presentation compiler.
2026.05.31 12:16:03 INFO  no build target found for C:\Users\carol\Desktop\UNIVERSIDAD\SID2\proyectoIntegradorSid\ProyectoSid2-losIlucionistas\src\main\java\co\icesi\UniPlan\controller\HomeController.java. Using fallback presentation compiler.
2026.05.31 12:16:05 INFO  no build target found for C:\Users\carol\Desktop\UNIVERSIDAD\SID2\proyectoIntegradorSid\ProyectoSid2-losIlucionistas\src\main\java\co\icesi\UniPlan\controller\HomeController.java. Using fallback presentation compiler.
2026.05.31 12:16:05 INFO  no build target found for C:\Users\carol\Desktop\UNIVERSIDAD\SID2\proyectoIntegradorSid\ProyectoSid2-losIlucionistas\src\main\java\co\icesi\UniPlan\controller\HomeController.java. Using fallback presentation compiler.
2026.05.31 12:16:05 INFO  no build target found for C:\Users\carol\Desktop\UNIVERSIDAD\SID2\proyectoIntegradorSid\ProyectoSid2-losIlucionistas\src\main\java\co\icesi\UniPlan\controller\HomeController.java. Using fallback presentation compiler.
2026.05.31 12:16:05 INFO  no build target found for C:\Users\carol\Desktop\UNIVERSIDAD\SID2\proyectoIntegradorSid\ProyectoSid2-losIlucionistas\src\main\java\co\icesi\UniPlan\controller\HomeController.java. Using fallback presentation compiler.
2026.05.31 12:16:06 WARN  no build target for: C:\Users\carol\Desktop\UNIVERSIDAD\SID2\proyectoIntegradorSid\ProyectoSid2-losIlucionistas\src\main\java\co\icesi\UniPlan\controller\HomeController.java
2026.05.31 12:16:07 INFO  no build target found for C:\Users\carol\Desktop\UNIVERSIDAD\SID2\proyectoIntegradorSid\ProyectoSid2-losIlucionistas\src\main\java\co\icesi\UniPlan\controller\HomeController.java. Using fallback presentation compiler.
may 31, 2026 12:16:07 P. M. org.eclipse.lsp4j.jsonrpc.RemoteEndpoint handleCancellation
WARNING: Unmatched cancel notification for request id 181
2026.05.31 12:16:10 INFO  no build target found for C:\Users\carol\Desktop\UNIVERSIDAD\SID2\proyectoIntegradorSid\ProyectoSid2-losIlucionistas\src\main\java\co\icesi\UniPlan\controller\HomeController.java. Using fallback presentation compiler.
2026.05.31 12:16:10 INFO  no build target found for C:\Users\carol\Desktop\UNIVERSIDAD\SID2\proyectoIntegradorSid\ProyectoSid2-losIlucionistas\src\main\java\co\icesi\UniPlan\controller\HomeController.java. Using fallback presentation compiler.
2026.05.31 12:16:11 INFO  no build target found for C:\Users\carol\Desktop\UNIVERSIDAD\SID2\proyectoIntegradorSid\ProyectoSid2-losIlucionistas\src\main\java\co\icesi\UniPlan\controller\HomeController.java. Using fallback presentation compiler.
2026.05.31 12:16:11 INFO  no build target found for C:\Users\carol\Desktop\UNIVERSIDAD\SID2\proyectoIntegradorSid\ProyectoSid2-losIlucionistas\src\main\java\co\icesi\UniPlan\controller\HomeController.java. Using fallback presentation compiler.
2026.05.31 12:16:11 INFO  no build target found for C:\Users\carol\Desktop\UNIVERSIDAD\SID2\proyectoIntegradorSid\ProyectoSid2-losIlucionistas\src\main\java\co\icesi\UniPlan\controller\HomeController.java. Using fallback presentation compiler.
2026.05.31 12:16:11 INFO  no build target found for C:\Users\carol\Desktop\UNIVERSIDAD\SID2\proyectoIntegradorSid\ProyectoSid2-losIlucionistas\src\main\java\co\icesi\UniPlan\controller\HomeController.java. Using fallback presentation compiler.
2026.05.31 12:16:12 INFO  no build target found for C:\Users\carol\Desktop\UNIVERSIDAD\SID2\proyectoIntegradorSid\ProyectoSid2-losIlucionistas\src\main\java\co\icesi\UniPlan\controller\HomeController.java. Using fallback presentation compiler.
2026.05.31 12:16:11 INFO  no build target found for C:\Users\carol\Desktop\UNIVERSIDAD\SID2\proyectoIntegradorSid\ProyectoSid2-losIlucionistas\src\main\java\co\icesi\UniPlan\controller\HomeController.java. Using fallback presentation compiler.
2026.05.31 12:16:12 INFO  no build target found for C:\Users\carol\Desktop\UNIVERSIDAD\SID2\proyectoIntegradorSid\ProyectoSid2-losIlucionistas\src\main\java\co\icesi\UniPlan\controller\HomeController.java. Using fallback presentation compiler.
2026.05.31 12:16:12 INFO  no build target found for C:\Users\carol\Desktop\UNIVERSIDAD\SID2\proyectoIntegradorSid\ProyectoSid2-losIlucionistas\src\main\java\co\icesi\UniPlan\controller\HomeController.java. Using fallback presentation compiler.
2026.05.31 12:16:13 INFO  no build target found for C:\Users\carol\Desktop\UNIVERSIDAD\SID2\proyectoIntegradorSid\ProyectoSid2-losIlucionistas\src\main\java\co\icesi\UniPlan\controller\HomeController.java. Using fallback presentation compiler.
2026.05.31 12:16:12 INFO  no build target found for C:\Users\carol\Desktop\UNIVERSIDAD\SID2\proyectoIntegradorSid\ProyectoSid2-losIlucionistas\src\main\java\co\icesi\UniPlan\controller\HomeController.java. Using fallback presentation compiler.
2026.05.31 12:16:13 WARN  no build target for: C:\Users\carol\Desktop\UNIVERSIDAD\SID2\proyectoIntegradorSid\ProyectoSid2-losIlucionistas\src\main\java\co\icesi\UniPlan\controller\HomeController.java
2026.05.31 12:16:13 INFO  no build target found for C:\Users\carol\Desktop\UNIVERSIDAD\SID2\proyectoIntegradorSid\ProyectoSid2-losIlucionistas\src\main\java\co\icesi\UniPlan\controller\HomeController.java. Using fallback presentation compiler.
2026.05.31 12:16:14 INFO  no build target found for C:\Users\carol\Desktop\UNIVERSIDAD\SID2\proyectoIntegradorSid\ProyectoSid2-losIlucionistas\src\main\java\co\icesi\UniPlan\controller\HomeController.java. Using fallback presentation compiler.
2026.05.31 12:16:14 INFO  no build target found for C:\Users\carol\Desktop\UNIVERSIDAD\SID2\proyectoIntegradorSid\ProyectoSid2-losIlucionistas\src\main\java\co\icesi\UniPlan\controller\HomeController.java. Using fallback presentation compiler.
2026.05.31 12:16:34 INFO  no build target found for C:\Users\carol\Desktop\UNIVERSIDAD\SID2\proyectoIntegradorSid\ProyectoSid2-losIlucionistas\src\main\java\co\icesi\UniPlan\controller\HomeController.java. Using fallback presentation compiler.
2026.05.31 12:16:41 INFO  no build target found for C:\Users\carol\Desktop\UNIVERSIDAD\SID2\proyectoIntegradorSid\ProyectoSid2-losIlucionistas\src\main\java\co\icesi\UniPlan\controller\HomeController.java. Using fallback presentation compiler.
2026.05.31 12:16:50 INFO  no build target found for C:\Users\carol\Desktop\UNIVERSIDAD\SID2\proyectoIntegradorSid\ProyectoSid2-losIlucionistas\src\main\java\co\icesi\UniPlan\controller\HomeController.java. Using fallback presentation compiler.
2026.05.31 12:16:55 INFO  no build target found for C:\Users\carol\Desktop\UNIVERSIDAD\SID2\proyectoIntegradorSid\ProyectoSid2-losIlucionistas\src\main\java\co\icesi\UniPlan\controller\HomeController.java. Using fallback presentation compiler.
2026.05.31 12:16:56 INFO  no build target found for C:\Users\carol\Desktop\UNIVERSIDAD\SID2\proyectoIntegradorSid\ProyectoSid2-losIlucionistas\src\main\java\co\icesi\UniPlan\controller\HomeController.java. Using fallback presentation compiler.
2026.05.31 12:16:56 INFO  no build target found for C:\Users\carol\Desktop\UNIVERSIDAD\SID2\proyectoIntegradorSid\ProyectoSid2-losIlucionistas\src\main\java\co\icesi\UniPlan\controller\HomeController.java. Using fallback presentation compiler.
2026.05.31 12:17:27 INFO  no build target found for C:\Users\carol\Desktop\UNIVERSIDAD\SID2\proyectoIntegradorSid\ProyectoSid2-losIlucionistas\src\main\java\co\icesi\UniPlan\controller\HomeController.java. Using fallback presentation compiler.
2026.05.31 12:17:27 INFO  no build target found for C:\Users\carol\Desktop\UNIVERSIDAD\SID2\proyectoIntegradorSid\ProyectoSid2-losIlucionistas\src\main\java\co\icesi\UniPlan\controller\HomeController.java. Using fallback presentation compiler.
2026.05.31 12:17:28 INFO  no build target found for C:\Users\carol\Desktop\UNIVERSIDAD\SID2\proyectoIntegradorSid\ProyectoSid2-losIlucionistas\src\main\java\co\icesi\UniPlan\controller\HomeController.java. Using fallback presentation compiler.
2026.05.31 12:17:28 INFO  no build target found for C:\Users\carol\Desktop\UNIVERSIDAD\SID2\proyectoIntegradorSid\ProyectoSid2-losIlucionistas\src\main\java\co\icesi\UniPlan\controller\HomeController.java. Using fallback presentation compiler.
2026.05.31 12:17:35 INFO  no build target found for C:\Users\carol\Desktop\UNIVERSIDAD\SID2\proyectoIntegradorSid\ProyectoSid2-losIlucionistas\src\main\java\co\icesi\UniPlan\controller\HomeController.java. Using fallback presentation compiler.
2026.05.31 12:17:35 INFO  no build target found for C:\Users\carol\Desktop\UNIVERSIDAD\SID2\proyectoIntegradorSid\ProyectoSid2-losIlucionistas\src\main\java\co\icesi\UniPlan\controller\HomeController.java. Using fallback presentation compiler.
2026.05.31 12:17:35 INFO  no build target found for C:\Users\carol\Desktop\UNIVERSIDAD\SID2\proyectoIntegradorSid\ProyectoSid2-losIlucionistas\src\main\java\co\icesi\UniPlan\controller\HomeController.java. Using fallback presentation compiler.
may 31, 2026 12:17:35 P. M. org.eclipse.lsp4j.jsonrpc.RemoteEndpoint handleCancellation
WARNING: Unmatched cancel notification for request id 241
2026.05.31 12:17:35 INFO  no build target found for C:\Users\carol\Desktop\UNIVERSIDAD\SID2\proyectoIntegradorSid\ProyectoSid2-losIlucionistas\src\main\java\co\icesi\UniPlan\controller\HomeController.java. Using fallback presentation compiler.
may 31, 2026 12:17:35 P. M. org.eclipse.lsp4j.jsonrpc.RemoteEndpoint handleCancellation
WARNING: Unmatched cancel notification for request id 243
2026.05.31 12:17:35 INFO  no build target found for C:\Users\carol\Desktop\UNIVERSIDAD\SID2\proyectoIntegradorSid\ProyectoSid2-losIlucionistas\src\main\java\co\icesi\UniPlan\controller\HomeController.java. Using fallback presentation compiler.
2026.05.31 12:17:35 INFO  no build target found for C:\Users\carol\Desktop\UNIVERSIDAD\SID2\proyectoIntegradorSid\ProyectoSid2-losIlucionistas\src\main\java\co\icesi\UniPlan\controller\HomeController.java. Using fallback presentation compiler.
2026.05.31 12:17:36 WARN  no build target for: C:\Users\carol\Desktop\UNIVERSIDAD\SID2\proyectoIntegradorSid\ProyectoSid2-losIlucionistas\src\main\java\co\icesi\UniPlan\controller\HomeController.java
2026.05.31 12:17:36 INFO  no build target found for C:\Users\carol\Desktop\UNIVERSIDAD\SID2\proyectoIntegradorSid\ProyectoSid2-losIlucionistas\src\main\java\co\icesi\UniPlan\controller\HomeController.java. Using fallback presentation compiler.
2026.05.31 12:17:37 INFO  no build target found for C:\Users\carol\Desktop\UNIVERSIDAD\SID2\proyectoIntegradorSid\ProyectoSid2-losIlucionistas\src\main\java\co\icesi\UniPlan\controller\HomeController.java. Using fallback presentation compiler.
2026.05.31 12:17:36 INFO  no build target found for C:\Users\carol\Desktop\UNIVERSIDAD\SID2\proyectoIntegradorSid\ProyectoSid2-losIlucionistas\src\main\java\co\icesi\UniPlan\controller\HomeController.java. Using fallback presentation compiler.
2026.05.31 12:17:37 INFO  no build target found for C:\Users\carol\Desktop\UNIVERSIDAD\SID2\proyectoIntegradorSid\ProyectoSid2-losIlucionistas\src\main\java\co\icesi\UniPlan\controller\HomeController.java. Using fallback presentation compiler.
2026.05.31 12:17:37 INFO  no build target found for C:\Users\carol\Desktop\UNIVERSIDAD\SID2\proyectoIntegradorSid\ProyectoSid2-losIlucionistas\src\main\java\co\icesi\UniPlan\controller\HomeController.java. Using fallback presentation compiler.
2026.05.31 12:17:37 INFO  no build target found for C:\Users\carol\Desktop\UNIVERSIDAD\SID2\proyectoIntegradorSid\ProyectoSid2-losIlucionistas\src\main\java\co\icesi\UniPlan\controller\HomeController.java. Using fallback presentation compiler.
2026.05.31 12:17:37 INFO  no build target found for C:\Users\carol\Desktop\UNIVERSIDAD\SID2\proyectoIntegradorSid\ProyectoSid2-losIlucionistas\src\main\java\co\icesi\UniPlan\controller\HomeController.java. Using fallback presentation compiler.
2026.05.31 12:17:38 INFO  no build target found for C:\Users\carol\Desktop\UNIVERSIDAD\SID2\proyectoIntegradorSid\ProyectoSid2-losIlucionistas\src\main\java\co\icesi\UniPlan\controller\HomeController.java. Using fallback presentation compiler.
2026.05.31 12:17:38 INFO  no build target found for C:\Users\carol\Desktop\UNIVERSIDAD\SID2\proyectoIntegradorSid\ProyectoSid2-losIlucionistas\src\main\java\co\icesi\UniPlan\controller\HomeController.java. Using fallback presentation compiler.
2026.05.31 12:17:39 INFO  no build target found for C:\Users\carol\Desktop\UNIVERSIDAD\SID2\proyectoIntegradorSid\ProyectoSid2-losIlucionistas\src\main\java\co\icesi\UniPlan\controller\HomeController.java. Using fallback presentation compiler.
2026.05.31 12:17:38 INFO  no build target found for C:\Users\carol\Desktop\UNIVERSIDAD\SID2\proyectoIntegradorSid\ProyectoSid2-losIlucionistas\src\main\java\co\icesi\UniPlan\controller\HomeController.java. Using fallback presentation compiler.
2026.05.31 12:17:38 INFO  no build target found for C:\Users\carol\Desktop\UNIVERSIDAD\SID2\proyectoIntegradorSid\ProyectoSid2-losIlucionistas\src\main\java\co\icesi\UniPlan\controller\HomeController.java. Using fallback presentation compiler.
2026.05.31 12:17:38 INFO  no build target found for C:\Users\carol\Desktop\UNIVERSIDAD\SID2\proyectoIntegradorSid\ProyectoSid2-losIlucionistas\src\main\java\co\icesi\UniPlan\controller\HomeController.java. Using fallback presentation compiler.
2026.05.31 12:17:38 INFO  no build target found for C:\Users\carol\Desktop\UNIVERSIDAD\SID2\proyectoIntegradorSid\ProyectoSid2-losIlucionistas\src\main\java\co\icesi\UniPlan\controller\HomeController.java. Using fallback presentation compiler.
2026.05.31 12:17:39 INFO  no build target found for C:\Users\carol\Desktop\UNIVERSIDAD\SID2\proyectoIntegradorSid\ProyectoSid2-losIlucionistas\src\main\java\co\icesi\UniPlan\controller\HomeController.java. Using fallback presentation compiler.
2026.05.31 12:17:38 INFO  no build target found for C:\Users\carol\Desktop\UNIVERSIDAD\SID2\proyectoIntegradorSid\ProyectoSid2-losIlucionistas\src\main\java\co\icesi\UniPlan\controller\HomeController.java. Using fallback presentation compiler.
2026.05.31 12:17:40 INFO  no build target found for C:\Users\carol\Desktop\UNIVERSIDAD\SID2\proyectoIntegradorSid\ProyectoSid2-losIlucionistas\src\main\java\co\icesi\UniPlan\controller\HomeController.java. Using fallback presentation compiler.
2026.05.31 12:17:40 INFO  no build target found for C:\Users\carol\Desktop\UNIVERSIDAD\SID2\proyectoIntegradorSid\ProyectoSid2-losIlucionistas\src\main\java\co\icesi\UniPlan\controller\HomeController.java. Using fallback presentation compiler.
2026.05.31 12:17:40 INFO  no build target found for C:\Users\carol\Desktop\UNIVERSIDAD\SID2\proyectoIntegradorSid\ProyectoSid2-losIlucionistas\src\main\java\co\icesi\UniPlan\controller\HomeController.java. Using fallback presentation compiler.
2026.05.31 12:17:41 WARN  no build target for: C:\Users\carol\Desktop\UNIVERSIDAD\SID2\proyectoIntegradorSid\ProyectoSid2-losIlucionistas\src\main\java\co\icesi\UniPlan\controller\HomeController.java
2026.05.31 12:17:41 INFO  no build target found for C:\Users\carol\Desktop\UNIVERSIDAD\SID2\proyectoIntegradorSid\ProyectoSid2-losIlucionistas\src\main\java\co\icesi\UniPlan\controller\HomeController.java. Using fallback presentation compiler.
2026.05.31 12:18:36 INFO  no build target found for C:\Users\carol\Desktop\UNIVERSIDAD\SID2\proyectoIntegradorSid\ProyectoSid2-losIlucionistas\src\main\java\co\icesi\UniPlan\config\CustomUserDetailsService.java. Using fallback presentation compiler.
2026.05.31 12:18:36 INFO  no build target found for C:\Users\carol\Desktop\UNIVERSIDAD\SID2\proyectoIntegradorSid\ProyectoSid2-losIlucionistas\src\main\java\co\icesi\UniPlan\config\CustomUserDetailsService.java. Using fallback presentation compiler.
2026.05.31 12:18:36 INFO  no build target found for C:\Users\carol\Desktop\UNIVERSIDAD\SID2\proyectoIntegradorSid\ProyectoSid2-losIlucionistas\src\main\java\co\icesi\UniPlan\config\CustomUserDetailsService.java. Using fallback presentation compiler.
2026.05.31 12:18:36 INFO  no build target found for C:\Users\carol\Desktop\UNIVERSIDAD\SID2\proyectoIntegradorSid\ProyectoSid2-losIlucionistas\src\main\java\co\icesi\UniPlan\config\CustomUserDetailsService.java. Using fallback presentation compiler.
may 31, 2026 12:18:37 P. M. org.eclipse.lsp4j.jsonrpc.RemoteEndpoint handleCancellation
WARNING: Unmatched cancel notification for request id 289
2026.05.31 12:18:39 INFO  no build target found for C:\Users\carol\Desktop\UNIVERSIDAD\SID2\proyectoIntegradorSid\ProyectoSid2-losIlucionistas\src\main\java\co\icesi\UniPlan\config\CustomUserDetailsService.java. Using fallback presentation compiler.
2026.05.31 12:18:39 INFO  no build target found for C:\Users\carol\Desktop\UNIVERSIDAD\SID2\proyectoIntegradorSid\ProyectoSid2-losIlucionistas\src\main\java\co\icesi\UniPlan\config\CustomUserDetailsService.java. Using fallback presentation compiler.
2026.05.31 12:18:50 INFO  no build target found for C:\Users\carol\Desktop\UNIVERSIDAD\SID2\proyectoIntegradorSid\ProyectoSid2-losIlucionistas\src\main\java\co\icesi\UniPlan\config\CustomUserDetailsService.java. Using fallback presentation compiler.
2026.05.31 12:18:50 INFO  no build target found for C:\Users\carol\Desktop\UNIVERSIDAD\SID2\proyectoIntegradorSid\ProyectoSid2-losIlucionistas\src\main\java\co\icesi\UniPlan\config\CustomUserDetailsService.java. Using fallback presentation compiler.
2026.05.31 12:18:52 INFO  no build target found for C:\Users\carol\Desktop\UNIVERSIDAD\SID2\proyectoIntegradorSid\ProyectoSid2-losIlucionistas\src\main\java\co\icesi\UniPlan\config\CustomUserDetailsService.java. Using fallback presentation compiler.
2026.05.31 12:18:57 INFO  no build target found for C:\Users\carol\Desktop\UNIVERSIDAD\SID2\proyectoIntegradorSid\ProyectoSid2-losIlucionistas\src\main\java\co\icesi\UniPlan\config\CustomUserDetailsService.java. Using fallback presentation compiler.
2026.05.31 12:18:58 INFO  no build target found for C:\Users\carol\Desktop\UNIVERSIDAD\SID2\proyectoIntegradorSid\ProyectoSid2-losIlucionistas\src\main\java\co\icesi\UniPlan\config\CustomUserDetailsService.java. Using fallback presentation compiler.
2026.05.31 12:18:58 INFO  no build target found for C:\Users\carol\Desktop\UNIVERSIDAD\SID2\proyectoIntegradorSid\ProyectoSid2-losIlucionistas\src\main\java\co\icesi\UniPlan\config\CustomUserDetailsService.java. Using fallback presentation compiler.
2026.05.31 12:18:58 INFO  no build target found for C:\Users\carol\Desktop\UNIVERSIDAD\SID2\proyectoIntegradorSid\ProyectoSid2-losIlucionistas\src\main\java\co\icesi\UniPlan\config\CustomUserDetailsService.java. Using fallback presentation compiler.
2026.05.31 12:18:58 INFO  no build target found for C:\Users\carol\Desktop\UNIVERSIDAD\SID2\proyectoIntegradorSid\ProyectoSid2-losIlucionistas\src\main\java\co\icesi\UniPlan\config\CustomUserDetailsService.java. Using fallback presentation compiler.
2026.05.31 12:19:00 INFO  no build target found for C:\Users\carol\Desktop\UNIVERSIDAD\SID2\proyectoIntegradorSid\ProyectoSid2-losIlucionistas\src\main\java\co\icesi\UniPlan\config\CustomUserDetailsService.java. Using fallback presentation compiler.
2026.05.31 12:19:01 INFO  no build target found for C:\Users\carol\Desktop\UNIVERSIDAD\SID2\proyectoIntegradorSid\ProyectoSid2-losIlucionistas\src\main\java\co\icesi\UniPlan\config\CustomUserDetailsService.java. Using fallback presentation compiler.
2026.05.31 12:19:00 INFO  no build target found for C:\Users\carol\Desktop\UNIVERSIDAD\SID2\proyectoIntegradorSid\ProyectoSid2-losIlucionistas\src\main\java\co\icesi\UniPlan\config\CustomUserDetailsService.java. Using fallback presentation compiler.
2026.05.31 12:19:01 INFO  no build target found for C:\Users\carol\Desktop\UNIVERSIDAD\SID2\proyectoIntegradorSid\ProyectoSid2-losIlucionistas\src\main\java\co\icesi\UniPlan\config\CustomUserDetailsService.java. Using fallback presentation compiler.
2026.05.31 12:19:00 INFO  no build target found for C:\Users\carol\Desktop\UNIVERSIDAD\SID2\proyectoIntegradorSid\ProyectoSid2-losIlucionistas\src\main\java\co\icesi\UniPlan\config\CustomUserDetailsService.java. Using fallback presentation compiler.
2026.05.31 12:19:02 INFO  no build target found for C:\Users\carol\Desktop\UNIVERSIDAD\SID2\proyectoIntegradorSid\ProyectoSid2-losIlucionistas\src\main\java\co\icesi\UniPlan\config\CustomUserDetailsService.java. Using fallback presentation compiler.
2026.05.31 12:19:02 INFO  no build target found for C:\Users\carol\Desktop\UNIVERSIDAD\SID2\proyectoIntegradorSid\ProyectoSid2-losIlucionistas\src\main\java\co\icesi\UniPlan\config\CustomUserDetailsService.java. Using fallback presentation compiler.
2026.05.31 12:19:02 INFO  no build target found for C:\Users\carol\Desktop\UNIVERSIDAD\SID2\proyectoIntegradorSid\ProyectoSid2-losIlucionistas\src\main\java\co\icesi\UniPlan\config\CustomUserDetailsService.java. Using fallback presentation compiler.
2026.05.31 12:19:03 WARN  no build target for: C:\Users\carol\Desktop\UNIVERSIDAD\SID2\proyectoIntegradorSid\ProyectoSid2-losIlucionistas\src\main\java\co\icesi\UniPlan\config\CustomUserDetailsService.java
2026.05.31 12:19:03 INFO  no build target found for C:\Users\carol\Desktop\UNIVERSIDAD\SID2\proyectoIntegradorSid\ProyectoSid2-losIlucionistas\src\main\java\co\icesi\UniPlan\config\CustomUserDetailsService.java. Using fallback presentation compiler.
2026.05.31 12:19:19 INFO  no build target found for C:\Users\carol\Desktop\UNIVERSIDAD\SID2\proyectoIntegradorSid\ProyectoSid2-losIlucionistas\src\main\java\co\icesi\UniPlan\config\CustomUserDetailsService.java. Using fallback presentation compiler.
2026.05.31 12:19:19 INFO  no build target found for C:\Users\carol\Desktop\UNIVERSIDAD\SID2\proyectoIntegradorSid\ProyectoSid2-losIlucionistas\src\main\java\co\icesi\UniPlan\config\CustomUserDetailsService.java. Using fallback presentation compiler.
2026.05.31 12:19:19 INFO  no build target found for C:\Users\carol\Desktop\UNIVERSIDAD\SID2\proyectoIntegradorSid\ProyectoSid2-losIlucionistas\src\main\java\co\icesi\UniPlan\config\CustomUserDetailsService.java. Using fallback presentation compiler.
2026.05.31 12:19:19 INFO  no build target found for C:\Users\carol\Desktop\UNIVERSIDAD\SID2\proyectoIntegradorSid\ProyectoSid2-losIlucionistas\src\main\java\co\icesi\UniPlan\config\CustomUserDetailsService.java. Using fallback presentation compiler.
2026.05.31 12:19:20 WARN  no build target for: C:\Users\carol\Desktop\UNIVERSIDAD\SID2\proyectoIntegradorSid\ProyectoSid2-losIlucionistas\src\main\java\co\icesi\UniPlan\config\CustomUserDetailsService.java
2026.05.31 12:19:20 INFO  no build target found for C:\Users\carol\Desktop\UNIVERSIDAD\SID2\proyectoIntegradorSid\ProyectoSid2-losIlucionistas\src\main\java\co\icesi\UniPlan\config\CustomUserDetailsService.java. Using fallback presentation compiler.
2026.05.31 12:19:21 INFO  no build target found for C:\Users\carol\Desktop\UNIVERSIDAD\SID2\proyectoIntegradorSid\ProyectoSid2-losIlucionistas\src\main\java\co\icesi\UniPlan\config\CustomUserDetailsService.java. Using fallback presentation compiler.
2026.05.31 12:19:21 INFO  no build target found for C:\Users\carol\Desktop\UNIVERSIDAD\SID2\proyectoIntegradorSid\ProyectoSid2-losIlucionistas\src\main\java\co\icesi\UniPlan\config\CustomUserDetailsService.java. Using fallback presentation compiler.
2026.05.31 12:19:22 INFO  no build target found for C:\Users\carol\Desktop\UNIVERSIDAD\SID2\proyectoIntegradorSid\ProyectoSid2-losIlucionistas\src\main\java\co\icesi\UniPlan\config\CustomUserDetailsService.java. Using fallback presentation compiler.
2026.05.31 12:19:22 INFO  no build target found for C:\Users\carol\Desktop\UNIVERSIDAD\SID2\proyectoIntegradorSid\ProyectoSid2-losIlucionistas\src\main\java\co\icesi\UniPlan\config\CustomUserDetailsService.java. Using fallback presentation compiler.
2026.05.31 12:19:23 INFO  no build target found for C:\Users\carol\Desktop\UNIVERSIDAD\SID2\proyectoIntegradorSid\ProyectoSid2-losIlucionistas\src\main\java\co\icesi\UniPlan\config\CustomUserDetailsService.java. Using fallback presentation compiler.
2026.05.31 12:19:23 INFO  no build target found for C:\Users\carol\Desktop\UNIVERSIDAD\SID2\proyectoIntegradorSid\ProyectoSid2-losIlucionistas\src\main\java\co\icesi\UniPlan\config\CustomUserDetailsService.java. Using fallback presentation compiler.
2026.05.31 12:19:23 INFO  no build target found for C:\Users\carol\Desktop\UNIVERSIDAD\SID2\proyectoIntegradorSid\ProyectoSid2-losIlucionistas\src\main\java\co\icesi\UniPlan\config\CustomUserDetailsService.java. Using fallback presentation compiler.
2026.05.31 12:19:24 INFO  no build target found for C:\Users\carol\Desktop\UNIVERSIDAD\SID2\proyectoIntegradorSid\ProyectoSid2-losIlucionistas\src\main\java\co\icesi\UniPlan\config\CustomUserDetailsService.java. Using fallback presentation compiler.
2026.05.31 12:19:23 INFO  no build target found for C:\Users\carol\Desktop\UNIVERSIDAD\SID2\proyectoIntegradorSid\ProyectoSid2-losIlucionistas\src\main\java\co\icesi\UniPlan\config\CustomUserDetailsService.java. Using fallback presentation compiler.
2026.05.31 12:19:24 WARN  no build target for: C:\Users\carol\Desktop\UNIVERSIDAD\SID2\proyectoIntegradorSid\ProyectoSid2-losIlucionistas\src\main\java\co\icesi\UniPlan\config\CustomUserDetailsService.java
2026.05.31 12:19:25 INFO  no build target found for C:\Users\carol\Desktop\UNIVERSIDAD\SID2\proyectoIntegradorSid\ProyectoSid2-losIlucionistas\src\main\java\co\icesi\UniPlan\config\CustomUserDetailsService.java. Using fallback presentation compiler.
2026.05.31 12:19:25 INFO  no build target found for C:\Users\carol\Desktop\UNIVERSIDAD\SID2\proyectoIntegradorSid\ProyectoSid2-losIlucionistas\src\main\java\co\icesi\UniPlan\config\CustomUserDetailsService.java. Using fallback presentation compiler.
2026.05.31 12:19:25 INFO  no build target found for C:\Users\carol\Desktop\UNIVERSIDAD\SID2\proyectoIntegradorSid\ProyectoSid2-losIlucionistas\src\main\java\co\icesi\UniPlan\config\CustomUserDetailsService.java. Using fallback presentation compiler.
2026.05.31 12:19:28 INFO  no build target found for C:\Users\carol\Desktop\UNIVERSIDAD\SID2\proyectoIntegradorSid\ProyectoSid2-losIlucionistas\src\main\java\co\icesi\UniPlan\config\CustomUserDetailsService.java. Using fallback presentation compiler.
2026.05.31 12:19:36 INFO  no build target found for C:\Users\carol\Desktop\UNIVERSIDAD\SID2\proyectoIntegradorSid\ProyectoSid2-losIlucionistas\src\main\java\co\icesi\UniPlan\config\CustomUserDetailsService.java. Using fallback presentation compiler.
2026.05.31 12:19:36 INFO  no build target found for C:\Users\carol\Desktop\UNIVERSIDAD\SID2\proyectoIntegradorSid\ProyectoSid2-losIlucionistas\src\main\java\co\icesi\UniPlan\config\CustomUserDetailsService.java. Using fallback presentation compiler.
2026.05.31 12:19:36 INFO  no build target found for C:\Users\carol\Desktop\UNIVERSIDAD\SID2\proyectoIntegradorSid\ProyectoSid2-losIlucionistas\src\main\java\co\icesi\UniPlan\config\CustomUserDetailsService.java. Using fallback presentation compiler.
2026.05.31 12:19:36 INFO  no build target found for C:\Users\carol\Desktop\UNIVERSIDAD\SID2\proyectoIntegradorSid\ProyectoSid2-losIlucionistas\src\main\java\co\icesi\UniPlan\config\CustomUserDetailsService.java. Using fallback presentation compiler.
2026.05.31 12:19:42 INFO  no build target found for C:\Users\carol\Desktop\UNIVERSIDAD\SID2\proyectoIntegradorSid\ProyectoSid2-losIlucionistas\src\main\java\co\icesi\UniPlan\config\CustomUserDetailsService.java. Using fallback presentation compiler.
2026.05.31 12:19:44 INFO  no build target found for C:\Users\carol\Desktop\UNIVERSIDAD\SID2\proyectoIntegradorSid\ProyectoSid2-losIlucionistas\src\main\java\co\icesi\UniPlan\config\CustomUserDetailsService.java. Using fallback presentation compiler.
2026.05.31 12:19:44 INFO  no build target found for C:\Users\carol\Desktop\UNIVERSIDAD\SID2\proyectoIntegradorSid\ProyectoSid2-losIlucionistas\src\main\java\co\icesi\UniPlan\config\CustomUserDetailsService.java. Using fallback presentation compiler.
2026.05.31 12:19:44 INFO  no build target found for C:\Users\carol\Desktop\UNIVERSIDAD\SID2\proyectoIntegradorSid\ProyectoSid2-losIlucionistas\src\main\java\co\icesi\UniPlan\config\CustomUserDetailsService.java. Using fallback presentation compiler.
may 31, 2026 12:19:44 P. M. org.eclipse.lsp4j.jsonrpc.RemoteEndpoint handleCancellation
WARNING: Unmatched cancel notification for request id 379
2026.05.31 12:19:44 INFO  no build target found for C:\Users\carol\Desktop\UNIVERSIDAD\SID2\proyectoIntegradorSid\ProyectoSid2-losIlucionistas\src\main\java\co\icesi\UniPlan\config\CustomUserDetailsService.java. Using fallback presentation compiler.
2026.05.31 12:19:45 INFO  no build target found for C:\Users\carol\Desktop\UNIVERSIDAD\SID2\proyectoIntegradorSid\ProyectoSid2-losIlucionistas\src\main\java\co\icesi\UniPlan\config\CustomUserDetailsService.java. Using fallback presentation compiler.
2026.05.31 12:19:45 INFO  no build target found for C:\Users\carol\Desktop\UNIVERSIDAD\SID2\proyectoIntegradorSid\ProyectoSid2-losIlucionistas\src\main\java\co\icesi\UniPlan\config\CustomUserDetailsService.java. Using fallback presentation compiler.
2026.05.31 12:19:45 INFO  no build target found for C:\Users\carol\Desktop\UNIVERSIDAD\SID2\proyectoIntegradorSid\ProyectoSid2-losIlucionistas\src\main\java\co\icesi\UniPlan\config\CustomUserDetailsService.java. Using fallback presentation compiler.
2026.05.31 12:19:45 INFO  no build target found for C:\Users\carol\Desktop\UNIVERSIDAD\SID2\proyectoIntegradorSid\ProyectoSid2-losIlucionistas\src\main\java\co\icesi\UniPlan\config\CustomUserDetailsService.java. Using fallback presentation compiler.
2026.05.31 12:19:46 INFO  no build target found for C:\Users\carol\Desktop\UNIVERSIDAD\SID2\proyectoIntegradorSid\ProyectoSid2-losIlucionistas\src\main\java\co\icesi\UniPlan\config\CustomUserDetailsService.java. Using fallback presentation compiler.
2026.05.31 12:19:46 INFO  no build target found for C:\Users\carol\Desktop\UNIVERSIDAD\SID2\proyectoIntegradorSid\ProyectoSid2-losIlucionistas\src\main\java\co\icesi\UniPlan\config\CustomUserDetailsService.java. Using fallback presentation compiler.
2026.05.31 12:19:46 INFO  no build target found for C:\Users\carol\Desktop\UNIVERSIDAD\SID2\proyectoIntegradorSid\ProyectoSid2-losIlucionistas\src\main\java\co\icesi\UniPlan\config\CustomUserDetailsService.java. Using fallback presentation compiler.
may 31, 2026 12:19:46 P. M. org.eclipse.lsp4j.jsonrpc.RemoteEndpoint handleCancellation
WARNING: Unmatched cancel notification for request id 386
2026.05.31 12:19:46 INFO  no build target found for C:\Users\carol\Desktop\UNIVERSIDAD\SID2\proyectoIntegradorSid\ProyectoSid2-losIlucionistas\src\main\java\co\icesi\UniPlan\config\CustomUserDetailsService.java. Using fallback presentation compiler.
2026.05.31 12:19:51 INFO  no build target found for C:\Users\carol\Desktop\UNIVERSIDAD\SID2\proyectoIntegradorSid\ProyectoSid2-losIlucionistas\src\main\java\co\icesi\UniPlan\config\CustomUserDetailsService.java. Using fallback presentation compiler.
2026.05.31 12:19:52 INFO  no build target found for C:\Users\carol\Desktop\UNIVERSIDAD\SID2\proyectoIntegradorSid\ProyectoSid2-losIlucionistas\src\main\java\co\icesi\UniPlan\config\CustomUserDetailsService.java. Using fallback presentation compiler.
2026.05.31 12:20:03 INFO  no build target found for C:\Users\carol\Desktop\UNIVERSIDAD\SID2\proyectoIntegradorSid\ProyectoSid2-losIlucionistas\src\main\java\co\icesi\UniPlan\config\CustomUserDetailsService.java. Using fallback presentation compiler.
2026.05.31 12:20:05 INFO  no build target found for C:\Users\carol\Desktop\UNIVERSIDAD\SID2\proyectoIntegradorSid\ProyectoSid2-losIlucionistas\src\main\java\co\icesi\UniPlan\config\CustomUserDetailsService.java. Using fallback presentation compiler.
2026.05.31 12:20:05 INFO  no build target found for C:\Users\carol\Desktop\UNIVERSIDAD\SID2\proyectoIntegradorSid\ProyectoSid2-losIlucionistas\src\main\java\co\icesi\UniPlan\config\CustomUserDetailsService.java. Using fallback presentation compiler.
2026.05.31 12:20:05 INFO  no build target found for C:\Users\carol\Desktop\UNIVERSIDAD\SID2\proyectoIntegradorSid\ProyectoSid2-losIlucionistas\src\main\java\co\icesi\UniPlan\config\CustomUserDetailsService.java. Using fallback presentation compiler.
2026.05.31 12:20:08 INFO  no build target found for C:\Users\carol\Desktop\UNIVERSIDAD\SID2\proyectoIntegradorSid\ProyectoSid2-losIlucionistas\src\main\java\co\icesi\UniPlan\config\CustomUserDetailsService.java. Using fallback presentation compiler.
2026.05.31 12:20:08 INFO  no build target found for C:\Users\carol\Desktop\UNIVERSIDAD\SID2\proyectoIntegradorSid\ProyectoSid2-losIlucionistas\src\main\java\co\icesi\UniPlan\config\CustomUserDetailsService.java. Using fallback presentation compiler.
2026.05.31 12:20:09 INFO  no build target found for C:\Users\carol\Desktop\UNIVERSIDAD\SID2\proyectoIntegradorSid\ProyectoSid2-losIlucionistas\src\main\java\co\icesi\UniPlan\config\CustomUserDetailsService.java. Using fallback presentation compiler.
2026.05.31 12:20:09 INFO  no build target found for C:\Users\carol\Desktop\UNIVERSIDAD\SID2\proyectoIntegradorSid\ProyectoSid2-losIlucionistas\src\main\java\co\icesi\UniPlan\config\CustomUserDetailsService.java. Using fallback presentation compiler.
2026.05.31 12:20:10 INFO  no build target found for C:\Users\carol\Desktop\UNIVERSIDAD\SID2\proyectoIntegradorSid\ProyectoSid2-losIlucionistas\src\main\java\co\icesi\UniPlan\config\CustomUserDetailsService.java. Using fallback presentation compiler.
2026.05.31 12:20:10 INFO  no build target found for C:\Users\carol\Desktop\UNIVERSIDAD\SID2\proyectoIntegradorSid\ProyectoSid2-losIlucionistas\src\main\java\co\icesi\UniPlan\config\CustomUserDetailsService.java. Using fallback presentation compiler.
2026.05.31 12:20:10 INFO  Created report: Optional[file:///C:/Users/carol/Desktop/UNIVERSIDAD/SID2/proyectoIntegradorSid/ProyectoSid2-losIlucionistas/src/main/java/co/icesi/UniPlan/config/CustomUserDetailsService.java]
2026.05.31 12:20:10 INFO  empty definition using pc, found symbol in pc:  (full report at: "C:\Users\carol\Desktop\UNIVERSIDAD\SID2\proyectoIntegradorSid\ProyectoSid2-losIlucionistas\.metals\.reports\metals-full\2026-05-31\r_empty-definition_12-20-10-362.md")
2026.05.31 12:20:11 INFO  no build target found for C:\Users\carol\Desktop\UNIVERSIDAD\SID2\proyectoIntegradorSid\ProyectoSid2-losIlucionistas\src\main\java\co\icesi\UniPlan\config\CustomUserDetailsService.java. Using fallback presentation compiler.
2026.05.31 12:20:11 INFO  no build target found for C:\Users\carol\Desktop\UNIVERSIDAD\SID2\proyectoIntegradorSid\ProyectoSid2-losIlucionistas\src\main\java\co\icesi\UniPlan\config\CustomUserDetailsService.java. Using fallback presentation compiler.
2026.05.31 12:20:11 INFO  no build target found for C:\Users\carol\Desktop\UNIVERSIDAD\SID2\proyectoIntegradorSid\ProyectoSid2-losIlucionistas\src\main\java\co\icesi\UniPlan\config\CustomUserDetailsService.java. Using fallback presentation compiler.
2026.05.31 12:20:12 INFO  no build target found for C:\Users\carol\Desktop\UNIVERSIDAD\SID2\proyectoIntegradorSid\ProyectoSid2-losIlucionistas\src\main\java\co\icesi\UniPlan\config\CustomUserDetailsService.java. Using fallback presentation compiler.
2026.05.31 12:20:12 INFO  no build target found for C:\Users\carol\Desktop\UNIVERSIDAD\SID2\proyectoIntegradorSid\ProyectoSid2-losIlucionistas\src\main\java\co\icesi\UniPlan\config\CustomUserDetailsService.java. Using fallback presentation compiler.
2026.05.31 12:20:12 INFO  no build target found for C:\Users\carol\Desktop\UNIVERSIDAD\SID2\proyectoIntegradorSid\ProyectoSid2-losIlucionistas\src\main\java\co\icesi\UniPlan\config\CustomUserDetailsService.java. Using fallback presentation compiler.
2026.05.31 12:20:12 INFO  no build target found for C:\Users\carol\Desktop\UNIVERSIDAD\SID2\proyectoIntegradorSid\ProyectoSid2-losIlucionistas\src\main\java\co\icesi\UniPlan\config\CustomUserDetailsService.java. Using fallback presentation compiler.
2026.05.31 12:20:12 INFO  no build target found for C:\Users\carol\Desktop\UNIVERSIDAD\SID2\proyectoIntegradorSid\ProyectoSid2-losIlucionistas\src\main\java\co\icesi\UniPlan\config\CustomUserDetailsService.java. Using fallback presentation compiler.
2026.05.31 12:20:13 INFO  no build target found for C:\Users\carol\Desktop\UNIVERSIDAD\SID2\proyectoIntegradorSid\ProyectoSid2-losIlucionistas\src\main\java\co\icesi\UniPlan\config\CustomUserDetailsService.java. Using fallback presentation compiler.
2026.05.31 12:20:14 WARN  no build target for: C:\Users\carol\Desktop\UNIVERSIDAD\SID2\proyectoIntegradorSid\ProyectoSid2-losIlucionistas\src\main\java\co\icesi\UniPlan\config\CustomUserDetailsService.java
2026.05.31 12:20:14 INFO  no build target found for C:\Users\carol\Desktop\UNIVERSIDAD\SID2\proyectoIntegradorSid\ProyectoSid2-losIlucionistas\src\main\java\co\icesi\UniPlan\config\CustomUserDetailsService.java. Using fallback presentation compiler.
2026.05.31 12:20:16 INFO  no build target found for C:\Users\carol\Desktop\UNIVERSIDAD\SID2\proyectoIntegradorSid\ProyectoSid2-losIlucionistas\src\main\java\co\icesi\UniPlan\config\CustomUserDetailsService.java. Using fallback presentation compiler.
2026.05.31 12:20:16 INFO  no build target found for C:\Users\carol\Desktop\UNIVERSIDAD\SID2\proyectoIntegradorSid\ProyectoSid2-losIlucionistas\src\main\java\co\icesi\UniPlan\config\CustomUserDetailsService.java. Using fallback presentation compiler.
2026.05.31 12:20:18 INFO  no build target found for C:\Users\carol\Desktop\UNIVERSIDAD\SID2\proyectoIntegradorSid\ProyectoSid2-losIlucionistas\src\main\java\co\icesi\UniPlan\config\CustomUserDetailsService.java. Using fallback presentation compiler.
2026.05.31 12:20:24 INFO  no build target found for C:\Users\carol\Desktop\UNIVERSIDAD\SID2\proyectoIntegradorSid\ProyectoSid2-losIlucionistas\src\main\java\co\icesi\UniPlan\config\CustomUserDetailsService.java. Using fallback presentation compiler.
2026.05.31 12:49:45 INFO  no build target found for C:\Users\carol\Desktop\UNIVERSIDAD\SID2\proyectoIntegradorSid\ProyectoSid2-losIlucionistas\src\main\java\co\icesi\UniPlan\model\mongo\LeaderRequest.java. Using fallback presentation compiler.
2026.05.31 12:49:46 INFO  no build target found for C:\Users\carol\Desktop\UNIVERSIDAD\SID2\proyectoIntegradorSid\ProyectoSid2-losIlucionistas\src\main\java\co\icesi\UniPlan\model\mongo\LeaderRequest.java. Using fallback presentation compiler.
2026.05.31 12:49:46 INFO  no build target found for C:\Users\carol\Desktop\UNIVERSIDAD\SID2\proyectoIntegradorSid\ProyectoSid2-losIlucionistas\src\main\java\co\icesi\UniPlan\model\mongo\LeaderRequest.java. Using fallback presentation compiler.
2026.05.31 12:49:46 INFO  no build target found for C:\Users\carol\Desktop\UNIVERSIDAD\SID2\proyectoIntegradorSid\ProyectoSid2-losIlucionistas\src\main\java\co\icesi\UniPlan\model\mongo\LeaderRequest.java. Using fallback presentation compiler.
2026.05.31 12:49:47 INFO  no build target found for C:\Users\carol\Desktop\UNIVERSIDAD\SID2\proyectoIntegradorSid\ProyectoSid2-losIlucionistas\src\main\java\co\icesi\UniPlan\model\mongo\LeaderRequest.java. Using fallback presentation compiler.
may 31, 2026 12:49:47 P. M. org.eclipse.lsp4j.jsonrpc.RemoteEndpoint handleCancellation
WARNING: Unmatched cancel notification for request id 450
2026.05.31 12:49:47 WARN  no build target for: C:\Users\carol\Desktop\UNIVERSIDAD\SID2\proyectoIntegradorSid\ProyectoSid2-losIlucionistas\src\main\java\co\icesi\UniPlan\model\mongo\LeaderRequest.java
2026.05.31 12:49:47 INFO  no build target found for C:\Users\carol\Desktop\UNIVERSIDAD\SID2\proyectoIntegradorSid\ProyectoSid2-losIlucionistas\src\main\java\co\icesi\UniPlan\model\mongo\LeaderRequest.java. Using fallback presentation compiler.
2026.05.31 12:49:54 INFO  no build target found for C:\Users\carol\Desktop\UNIVERSIDAD\SID2\proyectoIntegradorSid\ProyectoSid2-losIlucionistas\src\main\java\co\icesi\UniPlan\model\mongo\LeaderRequest.java. Using fallback presentation compiler.
2026.05.31 12:49:54 INFO  no build target found for C:\Users\carol\Desktop\UNIVERSIDAD\SID2\proyectoIntegradorSid\ProyectoSid2-losIlucionistas\src\main\java\co\icesi\UniPlan\model\mongo\LeaderRequest.java. Using fallback presentation compiler.
2026.05.31 12:49:54 INFO  no build target found for C:\Users\carol\Desktop\UNIVERSIDAD\SID2\proyectoIntegradorSid\ProyectoSid2-losIlucionistas\src\main\java\co\icesi\UniPlan\model\mongo\LeaderRequest.java. Using fallback presentation compiler.
2026.05.31 12:49:54 INFO  no build target found for C:\Users\carol\Desktop\UNIVERSIDAD\SID2\proyectoIntegradorSid\ProyectoSid2-losIlucionistas\src\main\java\co\icesi\UniPlan\model\mongo\LeaderRequest.java. Using fallback presentation compiler.
2026.05.31 12:49:55 INFO  no build target found for C:\Users\carol\Desktop\UNIVERSIDAD\SID2\proyectoIntegradorSid\ProyectoSid2-losIlucionistas\src\main\java\co\icesi\UniPlan\model\mongo\LeaderRequest.java. Using fallback presentation compiler.
2026.05.31 12:49:55 INFO  no build target found for C:\Users\carol\Desktop\UNIVERSIDAD\SID2\proyectoIntegradorSid\ProyectoSid2-losIlucionistas\src\main\java\co\icesi\UniPlan\model\mongo\LeaderRequest.java. Using fallback presentation compiler.
2026.05.31 12:49:56 WARN  no build target for: C:\Users\carol\Desktop\UNIVERSIDAD\SID2\proyectoIntegradorSid\ProyectoSid2-losIlucionistas\src\main\java\co\icesi\UniPlan\model\mongo\LeaderRequest.java
2026.05.31 12:49:56 INFO  no build target found for C:\Users\carol\Desktop\UNIVERSIDAD\SID2\proyectoIntegradorSid\ProyectoSid2-losIlucionistas\src\main\java\co\icesi\UniPlan\model\mongo\LeaderRequest.java. Using fallback presentation compiler.
2026.05.31 12:49:59 INFO  no build target found for C:\Users\carol\Desktop\UNIVERSIDAD\SID2\proyectoIntegradorSid\ProyectoSid2-losIlucionistas\src\main\java\co\icesi\UniPlan\model\mongo\LeaderRequest.java. Using fallback presentation compiler.
2026.05.31 12:49:59 INFO  no build target found for C:\Users\carol\Desktop\UNIVERSIDAD\SID2\proyectoIntegradorSid\ProyectoSid2-losIlucionistas\src\main\java\co\icesi\UniPlan\model\mongo\LeaderRequest.java. Using fallback presentation compiler.
2026.05.31 12:50:00 INFO  no build target found for C:\Users\carol\Desktop\UNIVERSIDAD\SID2\proyectoIntegradorSid\ProyectoSid2-losIlucionistas\src\main\java\co\icesi\UniPlan\model\mongo\LeaderRequest.java. Using fallback presentation compiler.
2026.05.31 12:50:00 INFO  no build target found for C:\Users\carol\Desktop\UNIVERSIDAD\SID2\proyectoIntegradorSid\ProyectoSid2-losIlucionistas\src\main\java\co\icesi\UniPlan\model\mongo\LeaderRequest.java. Using fallback presentation compiler.
2026.05.31 12:50:00 INFO  no build target found for C:\Users\carol\Desktop\UNIVERSIDAD\SID2\proyectoIntegradorSid\ProyectoSid2-losIlucionistas\src\main\java\co\icesi\UniPlan\model\mongo\LeaderRequest.java. Using fallback presentation compiler.
2026.05.31 12:50:00 INFO  no build target found for C:\Users\carol\Desktop\UNIVERSIDAD\SID2\proyectoIntegradorSid\ProyectoSid2-losIlucionistas\src\main\java\co\icesi\UniPlan\model\mongo\LeaderRequest.java. Using fallback presentation compiler.
2026.05.31 12:50:00 INFO  no build target found for C:\Users\carol\Desktop\UNIVERSIDAD\SID2\proyectoIntegradorSid\ProyectoSid2-losIlucionistas\src\main\java\co\icesi\UniPlan\model\mongo\LeaderRequest.java. Using fallback presentation compiler.
2026.05.31 12:50:00 INFO  no build target found for C:\Users\carol\Desktop\UNIVERSIDAD\SID2\proyectoIntegradorSid\ProyectoSid2-losIlucionistas\src\main\java\co\icesi\UniPlan\model\mongo\LeaderRequest.java. Using fallback presentation compiler.
2026.05.31 12:50:01 INFO  no build target found for C:\Users\carol\Desktop\UNIVERSIDAD\SID2\proyectoIntegradorSid\ProyectoSid2-losIlucionistas\src\main\java\co\icesi\UniPlan\model\mongo\LeaderRequest.java. Using fallback presentation compiler.
2026.05.31 12:50:00 INFO  no build target found for C:\Users\carol\Desktop\UNIVERSIDAD\SID2\proyectoIntegradorSid\ProyectoSid2-losIlucionistas\src\main\java\co\icesi\UniPlan\model\mongo\LeaderRequest.java. Using fallback presentation compiler.
2026.05.31 12:50:01 INFO  no build target found for C:\Users\carol\Desktop\UNIVERSIDAD\SID2\proyectoIntegradorSid\ProyectoSid2-losIlucionistas\src\main\java\co\icesi\UniPlan\model\mongo\LeaderRequest.java. Using fallback presentation compiler.
2026.05.31 12:50:00 INFO  no build target found for C:\Users\carol\Desktop\UNIVERSIDAD\SID2\proyectoIntegradorSid\ProyectoSid2-losIlucionistas\src\main\java\co\icesi\UniPlan\model\mongo\LeaderRequest.java. Using fallback presentation compiler.
2026.05.31 12:50:01 INFO  no build target found for C:\Users\carol\Desktop\UNIVERSIDAD\SID2\proyectoIntegradorSid\ProyectoSid2-losIlucionistas\src\main\java\co\icesi\UniPlan\model\mongo\LeaderRequest.java. Using fallback presentation compiler.
2026.05.31 12:50:02 INFO  no build target found for C:\Users\carol\Desktop\UNIVERSIDAD\SID2\proyectoIntegradorSid\ProyectoSid2-losIlucionistas\src\main\java\co\icesi\UniPlan\model\mongo\LeaderRequest.java. Using fallback presentation compiler.
2026.05.31 12:50:01 INFO  no build target found for C:\Users\carol\Desktop\UNIVERSIDAD\SID2\proyectoIntegradorSid\ProyectoSid2-losIlucionistas\src\main\java\co\icesi\UniPlan\model\mongo\LeaderRequest.java. Using fallback presentation compiler.
2026.05.31 12:50:02 INFO  no build target found for C:\Users\carol\Desktop\UNIVERSIDAD\SID2\proyectoIntegradorSid\ProyectoSid2-losIlucionistas\src\main\java\co\icesi\UniPlan\model\mongo\LeaderRequest.java. Using fallback presentation compiler.
2026.05.31 12:50:02 INFO  no build target found for C:\Users\carol\Desktop\UNIVERSIDAD\SID2\proyectoIntegradorSid\ProyectoSid2-losIlucionistas\src\main\java\co\icesi\UniPlan\model\mongo\LeaderRequest.java. Using fallback presentation compiler.
2026.05.31 12:50:02 INFO  no build target found for C:\Users\carol\Desktop\UNIVERSIDAD\SID2\proyectoIntegradorSid\ProyectoSid2-losIlucionistas\src\main\java\co\icesi\UniPlan\model\mongo\LeaderRequest.java. Using fallback presentation compiler.
2026.05.31 12:50:02 INFO  no build target found for C:\Users\carol\Desktop\UNIVERSIDAD\SID2\proyectoIntegradorSid\ProyectoSid2-losIlucionistas\src\main\java\co\icesi\UniPlan\model\mongo\LeaderRequest.java. Using fallback presentation compiler.
2026.05.31 12:50:02 INFO  no build target found for C:\Users\carol\Desktop\UNIVERSIDAD\SID2\proyectoIntegradorSid\ProyectoSid2-losIlucionistas\src\main\java\co\icesi\UniPlan\model\mongo\LeaderRequest.java. Using fallback presentation compiler.
2026.05.31 12:50:02 INFO  no build target found for C:\Users\carol\Desktop\UNIVERSIDAD\SID2\proyectoIntegradorSid\ProyectoSid2-losIlucionistas\src\main\java\co\icesi\UniPlan\model\mongo\LeaderRequest.java. Using fallback presentation compiler.
2026.05.31 12:50:02 INFO  no build target found for C:\Users\carol\Desktop\UNIVERSIDAD\SID2\proyectoIntegradorSid\ProyectoSid2-losIlucionistas\src\main\java\co\icesi\UniPlan\model\mongo\LeaderRequest.java. Using fallback presentation compiler.
2026.05.31 12:50:03 INFO  no build target found for C:\Users\carol\Desktop\UNIVERSIDAD\SID2\proyectoIntegradorSid\ProyectoSid2-losIlucionistas\src\main\java\co\icesi\UniPlan\model\mongo\LeaderRequest.java. Using fallback presentation compiler.
2026.05.31 12:50:02 INFO  no build target found for C:\Users\carol\Desktop\UNIVERSIDAD\SID2\proyectoIntegradorSid\ProyectoSid2-losIlucionistas\src\main\java\co\icesi\UniPlan\model\mongo\LeaderRequest.java. Using fallback presentation compiler.
2026.05.31 12:50:04 WARN  no build target for: C:\Users\carol\Desktop\UNIVERSIDAD\SID2\proyectoIntegradorSid\ProyectoSid2-losIlucionistas\src\main\java\co\icesi\UniPlan\model\mongo\LeaderRequest.java
2026.05.31 12:50:04 INFO  no build target found for C:\Users\carol\Desktop\UNIVERSIDAD\SID2\proyectoIntegradorSid\ProyectoSid2-losIlucionistas\src\main\java\co\icesi\UniPlan\model\mongo\LeaderRequest.java. Using fallback presentation compiler.
2026.05.31 12:50:06 INFO  no build target found for C:\Users\carol\Desktop\UNIVERSIDAD\SID2\proyectoIntegradorSid\ProyectoSid2-losIlucionistas\src\main\java\co\icesi\UniPlan\model\mongo\LeaderRequest.java. Using fallback presentation compiler.
2026.05.31 12:50:06 INFO  no build target found for C:\Users\carol\Desktop\UNIVERSIDAD\SID2\proyectoIntegradorSid\ProyectoSid2-losIlucionistas\src\main\java\co\icesi\UniPlan\model\mongo\LeaderRequest.java. Using fallback presentation compiler.
2026.05.31 12:50:06 INFO  no build target found for C:\Users\carol\Desktop\UNIVERSIDAD\SID2\proyectoIntegradorSid\ProyectoSid2-losIlucionistas\src\main\java\co\icesi\UniPlan\model\mongo\LeaderRequest.java. Using fallback presentation compiler.
2026.05.31 12:50:06 INFO  no build target found for C:\Users\carol\Desktop\UNIVERSIDAD\SID2\proyectoIntegradorSid\ProyectoSid2-losIlucionistas\src\main\java\co\icesi\UniPlan\model\mongo\LeaderRequest.java. Using fallback presentation compiler.
2026.05.31 12:50:07 INFO  no build target found for C:\Users\carol\Desktop\UNIVERSIDAD\SID2\proyectoIntegradorSid\ProyectoSid2-losIlucionistas\src\main\java\co\icesi\UniPlan\model\mongo\LeaderRequest.java. Using fallback presentation compiler.
2026.05.31 12:50:07 INFO  no build target found for C:\Users\carol\Desktop\UNIVERSIDAD\SID2\proyectoIntegradorSid\ProyectoSid2-losIlucionistas\src\main\java\co\icesi\UniPlan\model\mongo\LeaderRequest.java. Using fallback presentation compiler.
2026.05.31 12:50:07 INFO  no build target found for C:\Users\carol\Desktop\UNIVERSIDAD\SID2\proyectoIntegradorSid\ProyectoSid2-losIlucionistas\src\main\java\co\icesi\UniPlan\model\mongo\LeaderRequest.java. Using fallback presentation compiler.
2026.05.31 12:50:07 INFO  no build target found for C:\Users\carol\Desktop\UNIVERSIDAD\SID2\proyectoIntegradorSid\ProyectoSid2-losIlucionistas\src\main\java\co\icesi\UniPlan\model\mongo\LeaderRequest.java. Using fallback presentation compiler.
2026.05.31 12:50:07 INFO  no build target found for C:\Users\carol\Desktop\UNIVERSIDAD\SID2\proyectoIntegradorSid\ProyectoSid2-losIlucionistas\src\main\java\co\icesi\UniPlan\model\mongo\LeaderRequest.java. Using fallback presentation compiler.
2026.05.31 12:50:07 INFO  no build target found for C:\Users\carol\Desktop\UNIVERSIDAD\SID2\proyectoIntegradorSid\ProyectoSid2-losIlucionistas\src\main\java\co\icesi\UniPlan\model\mongo\LeaderRequest.java. Using fallback presentation compiler.
2026.05.31 12:50:07 INFO  no build target found for C:\Users\carol\Desktop\UNIVERSIDAD\SID2\proyectoIntegradorSid\ProyectoSid2-losIlucionistas\src\main\java\co\icesi\UniPlan\model\mongo\LeaderRequest.java. Using fallback presentation compiler.
2026.05.31 12:50:08 INFO  no build target found for C:\Users\carol\Desktop\UNIVERSIDAD\SID2\proyectoIntegradorSid\ProyectoSid2-losIlucionistas\src\main\java\co\icesi\UniPlan\model\mongo\LeaderRequest.java. Using fallback presentation compiler.
2026.05.31 12:50:07 INFO  no build target found for C:\Users\carol\Desktop\UNIVERSIDAD\SID2\proyectoIntegradorSid\ProyectoSid2-losIlucionistas\src\main\java\co\icesi\UniPlan\model\mongo\LeaderRequest.java. Using fallback presentation compiler.
2026.05.31 12:50:08 INFO  no build target found for C:\Users\carol\Desktop\UNIVERSIDAD\SID2\proyectoIntegradorSid\ProyectoSid2-losIlucionistas\src\main\java\co\icesi\UniPlan\model\mongo\LeaderRequest.java. Using fallback presentation compiler.
2026.05.31 12:50:08 INFO  no build target found for C:\Users\carol\Desktop\UNIVERSIDAD\SID2\proyectoIntegradorSid\ProyectoSid2-losIlucionistas\src\main\java\co\icesi\UniPlan\model\mongo\LeaderRequest.java. Using fallback presentation compiler.
2026.05.31 12:50:08 INFO  no build target found for C:\Users\carol\Desktop\UNIVERSIDAD\SID2\proyectoIntegradorSid\ProyectoSid2-losIlucionistas\src\main\java\co\icesi\UniPlan\model\mongo\LeaderRequest.java. Using fallback presentation compiler.
2026.05.31 12:50:09 INFO  no build target found for C:\Users\carol\Desktop\UNIVERSIDAD\SID2\proyectoIntegradorSid\ProyectoSid2-losIlucionistas\src\main\java\co\icesi\UniPlan\model\mongo\LeaderRequest.java. Using fallback presentation compiler.
2026.05.31 12:50:08 INFO  no build target found for C:\Users\carol\Desktop\UNIVERSIDAD\SID2\proyectoIntegradorSid\ProyectoSid2-losIlucionistas\src\main\java\co\icesi\UniPlan\model\mongo\LeaderRequest.java. Using fallback presentation compiler.
2026.05.31 12:50:08 INFO  no build target found for C:\Users\carol\Desktop\UNIVERSIDAD\SID2\proyectoIntegradorSid\ProyectoSid2-losIlucionistas\src\main\java\co\icesi\UniPlan\model\mongo\LeaderRequest.java. Using fallback presentation compiler.
2026.05.31 12:50:09 INFO  no build target found for C:\Users\carol\Desktop\UNIVERSIDAD\SID2\proyectoIntegradorSid\ProyectoSid2-losIlucionistas\src\main\java\co\icesi\UniPlan\model\mongo\LeaderRequest.java. Using fallback presentation compiler.
2026.05.31 12:50:08 INFO  no build target found for C:\Users\carol\Desktop\UNIVERSIDAD\SID2\proyectoIntegradorSid\ProyectoSid2-losIlucionistas\src\main\java\co\icesi\UniPlan\model\mongo\LeaderRequest.java. Using fallback presentation compiler.
2026.05.31 12:50:10 WARN  no build target for: C:\Users\carol\Desktop\UNIVERSIDAD\SID2\proyectoIntegradorSid\ProyectoSid2-losIlucionistas\src\main\java\co\icesi\UniPlan\model\mongo\LeaderRequest.java
2026.05.31 12:50:10 INFO  no build target found for C:\Users\carol\Desktop\UNIVERSIDAD\SID2\proyectoIntegradorSid\ProyectoSid2-losIlucionistas\src\main\java\co\icesi\UniPlan\model\mongo\LeaderRequest.java. Using fallback presentation compiler.
2026.05.31 12:50:11 INFO  no build target found for C:\Users\carol\Desktop\UNIVERSIDAD\SID2\proyectoIntegradorSid\ProyectoSid2-losIlucionistas\src\main\java\co\icesi\UniPlan\model\mongo\LeaderRequest.java. Using fallback presentation compiler.
2026.05.31 12:50:11 INFO  no build target found for C:\Users\carol\Desktop\UNIVERSIDAD\SID2\proyectoIntegradorSid\ProyectoSid2-losIlucionistas\src\main\java\co\icesi\UniPlan\model\mongo\LeaderRequest.java. Using fallback presentation compiler.
2026.05.31 12:50:11 INFO  no build target found for C:\Users\carol\Desktop\UNIVERSIDAD\SID2\proyectoIntegradorSid\ProyectoSid2-losIlucionistas\src\main\java\co\icesi\UniPlan\model\mongo\LeaderRequest.java. Using fallback presentation compiler.
2026.05.31 12:50:13 INFO  no build target found for C:\Users\carol\Desktop\UNIVERSIDAD\SID2\proyectoIntegradorSid\ProyectoSid2-losIlucionistas\src\main\java\co\icesi\UniPlan\model\mongo\LeaderRequest.java. Using fallback presentation compiler.
2026.05.31 12:50:13 INFO  no build target found for C:\Users\carol\Desktop\UNIVERSIDAD\SID2\proyectoIntegradorSid\ProyectoSid2-losIlucionistas\src\main\java\co\icesi\UniPlan\model\mongo\LeaderRequest.java. Using fallback presentation compiler.
2026.05.31 12:50:13 INFO  no build target found for C:\Users\carol\Desktop\UNIVERSIDAD\SID2\proyectoIntegradorSid\ProyectoSid2-losIlucionistas\src\main\java\co\icesi\UniPlan\model\mongo\LeaderRequest.java. Using fallback presentation compiler.
2026.05.31 12:50:13 INFO  no build target found for C:\Users\carol\Desktop\UNIVERSIDAD\SID2\proyectoIntegradorSid\ProyectoSid2-losIlucionistas\src\main\java\co\icesi\UniPlan\model\mongo\LeaderRequest.java. Using fallback presentation compiler.
2026.05.31 12:50:13 INFO  no build target found for C:\Users\carol\Desktop\UNIVERSIDAD\SID2\proyectoIntegradorSid\ProyectoSid2-losIlucionistas\src\main\java\co\icesi\UniPlan\model\mongo\LeaderRequest.java. Using fallback presentation compiler.
2026.05.31 12:50:13 INFO  no build target found for C:\Users\carol\Desktop\UNIVERSIDAD\SID2\proyectoIntegradorSid\ProyectoSid2-losIlucionistas\src\main\java\co\icesi\UniPlan\model\mongo\LeaderRequest.java. Using fallback presentation compiler.
2026.05.31 12:50:14 INFO  no build target found for C:\Users\carol\Desktop\UNIVERSIDAD\SID2\proyectoIntegradorSid\ProyectoSid2-losIlucionistas\src\main\java\co\icesi\UniPlan\model\mongo\LeaderRequest.java. Using fallback presentation compiler.
2026.05.31 12:50:13 INFO  no build target found for C:\Users\carol\Desktop\UNIVERSIDAD\SID2\proyectoIntegradorSid\ProyectoSid2-losIlucionistas\src\main\java\co\icesi\UniPlan\model\mongo\LeaderRequest.java. Using fallback presentation compiler.
2026.05.31 12:50:14 INFO  no build target found for C:\Users\carol\Desktop\UNIVERSIDAD\SID2\proyectoIntegradorSid\ProyectoSid2-losIlucionistas\src\main\java\co\icesi\UniPlan\model\mongo\LeaderRequest.java. Using fallback presentation compiler.
2026.05.31 12:50:15 INFO  no build target found for C:\Users\carol\Desktop\UNIVERSIDAD\SID2\proyectoIntegradorSid\ProyectoSid2-losIlucionistas\src\main\java\co\icesi\UniPlan\model\mongo\LeaderRequest.java. Using fallback presentation compiler.
2026.05.31 12:50:14 INFO  no build target found for C:\Users\carol\Desktop\UNIVERSIDAD\SID2\proyectoIntegradorSid\ProyectoSid2-losIlucionistas\src\main\java\co\icesi\UniPlan\model\mongo\LeaderRequest.java. Using fallback presentation compiler.
2026.05.31 12:50:14 INFO  no build target found for C:\Users\carol\Desktop\UNIVERSIDAD\SID2\proyectoIntegradorSid\ProyectoSid2-losIlucionistas\src\main\java\co\icesi\UniPlan\model\mongo\LeaderRequest.java. Using fallback presentation compiler.
2026.05.31 12:50:15 INFO  no build target found for C:\Users\carol\Desktop\UNIVERSIDAD\SID2\proyectoIntegradorSid\ProyectoSid2-losIlucionistas\src\main\java\co\icesi\UniPlan\model\mongo\LeaderRequest.java. Using fallback presentation compiler.
2026.05.31 12:50:15 INFO  no build target found for C:\Users\carol\Desktop\UNIVERSIDAD\SID2\proyectoIntegradorSid\ProyectoSid2-losIlucionistas\src\main\java\co\icesi\UniPlan\model\mongo\LeaderRequest.java. Using fallback presentation compiler.
2026.05.31 12:50:16 WARN  no build target for: C:\Users\carol\Desktop\UNIVERSIDAD\SID2\proyectoIntegradorSid\ProyectoSid2-losIlucionistas\src\main\java\co\icesi\UniPlan\model\mongo\LeaderRequest.java
2026.05.31 12:50:16 INFO  no build target found for C:\Users\carol\Desktop\UNIVERSIDAD\SID2\proyectoIntegradorSid\ProyectoSid2-losIlucionistas\src\main\java\co\icesi\UniPlan\model\mongo\LeaderRequest.java. Using fallback presentation compiler.
2026.05.31 12:50:34 INFO  no build target found for C:\Users\carol\Desktop\UNIVERSIDAD\SID2\proyectoIntegradorSid\ProyectoSid2-losIlucionistas\src\main\java\co\icesi\UniPlan\repository\mongo\LeaderRequestRepository.java. Using fallback presentation compiler.
2026.05.31 12:50:35 INFO  no build target found for C:\Users\carol\Desktop\UNIVERSIDAD\SID2\proyectoIntegradorSid\ProyectoSid2-losIlucionistas\src\main\java\co\icesi\UniPlan\repository\mongo\LeaderRequestRepository.java. Using fallback presentation compiler.
2026.05.31 12:50:35 INFO  no build target found for C:\Users\carol\Desktop\UNIVERSIDAD\SID2\proyectoIntegradorSid\ProyectoSid2-losIlucionistas\src\main\java\co\icesi\UniPlan\repository\mongo\LeaderRequestRepository.java. Using fallback presentation compiler.
may 31, 2026 12:50:35 P. M. org.eclipse.lsp4j.jsonrpc.RemoteEndpoint handleCancellation
WARNING: Unmatched cancel notification for request id 549
2026.05.31 12:50:35 INFO  no build target found for C:\Users\carol\Desktop\UNIVERSIDAD\SID2\proyectoIntegradorSid\ProyectoSid2-losIlucionistas\src\main\java\co\icesi\UniPlan\repository\mongo\LeaderRequestRepository.java. Using fallback presentation compiler.
2026.05.31 12:50:35 INFO  no build target found for C:\Users\carol\Desktop\UNIVERSIDAD\SID2\proyectoIntegradorSid\ProyectoSid2-losIlucionistas\src\main\java\co\icesi\UniPlan\repository\mongo\LeaderRequestRepository.java. Using fallback presentation compiler.
2026.05.31 12:50:36 WARN  no build target for: C:\Users\carol\Desktop\UNIVERSIDAD\SID2\proyectoIntegradorSid\ProyectoSid2-losIlucionistas\src\main\java\co\icesi\UniPlan\repository\mongo\LeaderRequestRepository.java
2026.05.31 12:50:36 INFO  no build target found for C:\Users\carol\Desktop\UNIVERSIDAD\SID2\proyectoIntegradorSid\ProyectoSid2-losIlucionistas\src\main\java\co\icesi\UniPlan\repository\mongo\LeaderRequestRepository.java. Using fallback presentation compiler.
2026.05.31 12:50:40 INFO  no build target found for C:\Users\carol\Desktop\UNIVERSIDAD\SID2\proyectoIntegradorSid\ProyectoSid2-losIlucionistas\src\main\java\co\icesi\UniPlan\repository\mongo\LeaderRequestRepository.java. Using fallback presentation compiler.
2026.05.31 12:50:40 INFO  no build target found for C:\Users\carol\Desktop\UNIVERSIDAD\SID2\proyectoIntegradorSid\ProyectoSid2-losIlucionistas\src\main\java\co\icesi\UniPlan\repository\mongo\LeaderRequestRepository.java. Using fallback presentation compiler.
2026.05.31 12:50:42 INFO  no build target found for C:\Users\carol\Desktop\UNIVERSIDAD\SID2\proyectoIntegradorSid\ProyectoSid2-losIlucionistas\src\main\java\co\icesi\UniPlan\repository\mongo\LeaderRequestRepository.java. Using fallback presentation compiler.
2026.05.31 12:50:42 INFO  no build target found for C:\Users\carol\Desktop\UNIVERSIDAD\SID2\proyectoIntegradorSid\ProyectoSid2-losIlucionistas\src\main\java\co\icesi\UniPlan\repository\mongo\LeaderRequestRepository.java. Using fallback presentation compiler.
2026.05.31 12:50:42 INFO  no build target found for C:\Users\carol\Desktop\UNIVERSIDAD\SID2\proyectoIntegradorSid\ProyectoSid2-losIlucionistas\src\main\java\co\icesi\UniPlan\repository\mongo\LeaderRequestRepository.java. Using fallback presentation compiler.
2026.05.31 12:50:43 INFO  no build target found for C:\Users\carol\Desktop\UNIVERSIDAD\SID2\proyectoIntegradorSid\ProyectoSid2-losIlucionistas\src\main\java\co\icesi\UniPlan\repository\mongo\LeaderRequestRepository.java. Using fallback presentation compiler.
may 31, 2026 12:50:43 P. M. org.eclipse.lsp4j.jsonrpc.RemoteEndpoint handleCancellation
WARNING: Unmatched cancel notification for request id 563
2026.05.31 12:50:43 WARN  no build target for: C:\Users\carol\Desktop\UNIVERSIDAD\SID2\proyectoIntegradorSid\ProyectoSid2-losIlucionistas\src\main\java\co\icesi\UniPlan\repository\mongo\LeaderRequestRepository.java
2026.05.31 12:50:43 INFO  no build target found for C:\Users\carol\Desktop\UNIVERSIDAD\SID2\proyectoIntegradorSid\ProyectoSid2-losIlucionistas\src\main\java\co\icesi\UniPlan\repository\mongo\LeaderRequestRepository.java. Using fallback presentation compiler.
2026.05.31 12:50:51 INFO  no build target found for C:\Users\carol\Desktop\UNIVERSIDAD\SID2\proyectoIntegradorSid\ProyectoSid2-losIlucionistas\src\main\java\co\icesi\UniPlan\service\AppUserService.java. Using fallback presentation compiler.
2026.05.31 12:50:52 WARN  no build target for: C:\Users\carol\Desktop\UNIVERSIDAD\SID2\proyectoIntegradorSid\ProyectoSid2-losIlucionistas\src\main\java\co\icesi\UniPlan\service\AppUserService.java
2026.05.31 12:50:51 INFO  no build target found for C:\Users\carol\Desktop\UNIVERSIDAD\SID2\proyectoIntegradorSid\ProyectoSid2-losIlucionistas\src\main\java\co\icesi\UniPlan\service\AppUserService.java. Using fallback presentation compiler.
2026.05.31 12:50:51 INFO  no build target found for C:\Users\carol\Desktop\UNIVERSIDAD\SID2\proyectoIntegradorSid\ProyectoSid2-losIlucionistas\src\main\java\co\icesi\UniPlan\service\AppUserService.java. Using fallback presentation compiler.
2026.05.31 12:50:52 INFO  no build target found for C:\Users\carol\Desktop\UNIVERSIDAD\SID2\proyectoIntegradorSid\ProyectoSid2-losIlucionistas\src\main\java\co\icesi\UniPlan\service\AppUserService.java. Using fallback presentation compiler.
2026.05.31 12:50:53 INFO  no build target found for C:\Users\carol\Desktop\UNIVERSIDAD\SID2\proyectoIntegradorSid\ProyectoSid2-losIlucionistas\src\main\java\co\icesi\UniPlan\service\AppUserService.java. Using fallback presentation compiler.
2026.05.31 12:50:53 INFO  no build target found for C:\Users\carol\Desktop\UNIVERSIDAD\SID2\proyectoIntegradorSid\ProyectoSid2-losIlucionistas\src\main\java\co\icesi\UniPlan\service\AppUserService.java. Using fallback presentation compiler.
2026.05.31 12:50:56 INFO  no build target found for C:\Users\carol\Desktop\UNIVERSIDAD\SID2\proyectoIntegradorSid\ProyectoSid2-losIlucionistas\src\main\java\co\icesi\UniPlan\service\AppUserService.java. Using fallback presentation compiler.
2026.05.31 12:51:02 INFO  no build target found for C:\Users\carol\Desktop\UNIVERSIDAD\SID2\proyectoIntegradorSid\ProyectoSid2-losIlucionistas\src\main\java\co\icesi\UniPlan\service\AppUserService.java. Using fallback presentation compiler.
2026.05.31 12:51:04 INFO  no build target found for C:\Users\carol\Desktop\UNIVERSIDAD\SID2\proyectoIntegradorSid\ProyectoSid2-losIlucionistas\src\main\java\co\icesi\UniPlan\service\AppUserService.java. Using fallback presentation compiler.
2026.05.31 12:51:15 INFO  no build target found for C:\Users\carol\Desktop\UNIVERSIDAD\SID2\proyectoIntegradorSid\ProyectoSid2-losIlucionistas\src\main\java\co\icesi\UniPlan\service\AppUserService.java. Using fallback presentation compiler.
may 31, 2026 12:51:15 P. M. org.eclipse.lsp4j.jsonrpc.RemoteEndpoint handleCancellation
WARNING: Unmatched cancel notification for request id 600
2026.05.31 12:51:16 INFO  no build target found for C:\Users\carol\Desktop\UNIVERSIDAD\SID2\proyectoIntegradorSid\ProyectoSid2-losIlucionistas\src\main\java\co\icesi\UniPlan\service\AppUserService.java. Using fallback presentation compiler.
2026.05.31 12:51:16 INFO  no build target found for C:\Users\carol\Desktop\UNIVERSIDAD\SID2\proyectoIntegradorSid\ProyectoSid2-losIlucionistas\src\main\java\co\icesi\UniPlan\service\AppUserService.java. Using fallback presentation compiler.
2026.05.31 12:51:16 INFO  no build target found for C:\Users\carol\Desktop\UNIVERSIDAD\SID2\proyectoIntegradorSid\ProyectoSid2-losIlucionistas\src\main\java\co\icesi\UniPlan\service\AppUserService.java. Using fallback presentation compiler.
2026.05.31 12:51:17 INFO  no build target found for C:\Users\carol\Desktop\UNIVERSIDAD\SID2\proyectoIntegradorSid\ProyectoSid2-losIlucionistas\src\main\java\co\icesi\UniPlan\service\AppUserService.java. Using fallback presentation compiler.
2026.05.31 12:51:18 INFO  no build target found for C:\Users\carol\Desktop\UNIVERSIDAD\SID2\proyectoIntegradorSid\ProyectoSid2-losIlucionistas\src\main\java\co\icesi\UniPlan\service\AppUserService.java. Using fallback presentation compiler.
2026.05.31 12:51:18 INFO  no build target found for C:\Users\carol\Desktop\UNIVERSIDAD\SID2\proyectoIntegradorSid\ProyectoSid2-losIlucionistas\src\main\java\co\icesi\UniPlan\service\AppUserService.java. Using fallback presentation compiler.
2026.05.31 12:51:18 INFO  no build target found for C:\Users\carol\Desktop\UNIVERSIDAD\SID2\proyectoIntegradorSid\ProyectoSid2-losIlucionistas\src\main\java\co\icesi\UniPlan\service\AppUserService.java. Using fallback presentation compiler.
2026.05.31 12:51:19 WARN  no build target for: C:\Users\carol\Desktop\UNIVERSIDAD\SID2\proyectoIntegradorSid\ProyectoSid2-losIlucionistas\src\main\java\co\icesi\UniPlan\service\AppUserService.java
2026.05.31 12:51:19 INFO  no build target found for C:\Users\carol\Desktop\UNIVERSIDAD\SID2\proyectoIntegradorSid\ProyectoSid2-losIlucionistas\src\main\java\co\icesi\UniPlan\service\AppUserService.java. Using fallback presentation compiler.
2026.05.31 12:51:20 INFO  no build target found for C:\Users\carol\Desktop\UNIVERSIDAD\SID2\proyectoIntegradorSid\ProyectoSid2-losIlucionistas\src\main\java\co\icesi\UniPlan\service\AppUserService.java. Using fallback presentation compiler.
2026.05.31 12:51:23 INFO  no build target found for C:\Users\carol\Desktop\UNIVERSIDAD\SID2\proyectoIntegradorSid\ProyectoSid2-losIlucionistas\src\main\java\co\icesi\UniPlan\service\AppUserService.java. Using fallback presentation compiler.
may 31, 2026 12:51:38 P. M. org.eclipse.lsp4j.jsonrpc.RemoteEndpoint handleCancellation
WARNING: Unmatched cancel notification for request id 621
2026.05.31 12:51:38 INFO  no build target found for C:\Users\carol\Desktop\UNIVERSIDAD\SID2\proyectoIntegradorSid\ProyectoSid2-losIlucionistas\src\main\java\co\icesi\UniPlan\service\AppUserService.java. Using fallback presentation compiler.
2026.05.31 12:51:38 INFO  no build target found for C:\Users\carol\Desktop\UNIVERSIDAD\SID2\proyectoIntegradorSid\ProyectoSid2-losIlucionistas\src\main\java\co\icesi\UniPlan\service\AppUserService.java. Using fallback presentation compiler.
may 31, 2026 12:51:38 P. M. org.eclipse.lsp4j.jsonrpc.RemoteEndpoint handleCancellation
WARNING: Unmatched cancel notification for request id 625
may 31, 2026 12:51:38 P. M. org.eclipse.lsp4j.jsonrpc.RemoteEndpoint handleCancellation
WARNING: Unmatched cancel notification for request id 626
2026.05.31 12:51:38 INFO  no build target found for C:\Users\carol\Desktop\UNIVERSIDAD\SID2\proyectoIntegradorSid\ProyectoSid2-losIlucionistas\src\main\java\co\icesi\UniPlan\service\AppUserService.java. Using fallback presentation compiler.
2026.05.31 12:51:39 WARN  no build target for: C:\Users\carol\Desktop\UNIVERSIDAD\SID2\proyectoIntegradorSid\ProyectoSid2-losIlucionistas\src\main\java\co\icesi\UniPlan\service\AppUserService.java
2026.05.31 12:51:39 INFO  no build target found for C:\Users\carol\Desktop\UNIVERSIDAD\SID2\proyectoIntegradorSid\ProyectoSid2-losIlucionistas\src\main\java\co\icesi\UniPlan\service\AppUserService.java. Using fallback presentation compiler.
2026.05.31 12:51:39 INFO  no build target found for C:\Users\carol\Desktop\UNIVERSIDAD\SID2\proyectoIntegradorSid\ProyectoSid2-losIlucionistas\src\main\java\co\icesi\UniPlan\service\AppUserService.java. Using fallback presentation compiler.
2026.05.31 12:51:40 INFO  no build target found for C:\Users\carol\Desktop\UNIVERSIDAD\SID2\proyectoIntegradorSid\ProyectoSid2-losIlucionistas\src\main\java\co\icesi\UniPlan\service\AppUserService.java. Using fallback presentation compiler.
2026.05.31 12:51:41 WARN  no build target for: C:\Users\carol\Desktop\UNIVERSIDAD\SID2\proyectoIntegradorSid\ProyectoSid2-losIlucionistas\src\main\java\co\icesi\UniPlan\service\AppUserService.java
2026.05.31 12:51:41 INFO  no build target found for C:\Users\carol\Desktop\UNIVERSIDAD\SID2\proyectoIntegradorSid\ProyectoSid2-losIlucionistas\src\main\java\co\icesi\UniPlan\service\AppUserService.java. Using fallback presentation compiler.
2026.05.31 12:51:41 INFO  Created report: Optional[file:///C:/Users/carol/Desktop/UNIVERSIDAD/SID2/proyectoIntegradorSid/ProyectoSid2-losIlucionistas/src/main/java/co/icesi/UniPlan/service/AppUserService.java]
2026.05.31 12:51:41 INFO  QDox parse error in file:///C:/Users/carol/Desktop/UNIVERSIDAD/SID2/proyectoIntegradorSid/ProyectoSid2-losIlucionistas/src/main/java/co/icesi/UniPlan/service/AppUserService.java (full report at: "C:\Users\carol\Desktop\UNIVERSIDAD\SID2\proyectoIntegradorSid\ProyectoSid2-losIlucionistas\.metals\.reports\metals-full\2026-05-31\r_qdox-error_12-51-41-268.md")
2026.05.31 12:51:41 WARN  Running javac-semanticdb failed for file:///C:/Users/carol/Desktop/UNIVERSIDAD/SID2/proyectoIntegradorSid/ProyectoSid2-losIlucionistas/src/main/java/co/icesi/UniPlan/service/AppUserService.java. Output:

2026.05.31 12:51:46 INFO  no build target found for C:\Users\carol\Desktop\UNIVERSIDAD\SID2\proyectoIntegradorSid\ProyectoSid2-losIlucionistas\src\main\java\co\icesi\UniPlan\service\AppUserService.java. Using fallback presentation compiler.
2026.05.31 12:51:51 INFO  no build target found for C:\Users\carol\Desktop\UNIVERSIDAD\SID2\proyectoIntegradorSid\ProyectoSid2-losIlucionistas\src\main\java\co\icesi\UniPlan\service\AppUserService.java. Using fallback presentation compiler.
2026.05.31 12:51:51 INFO  no build target found for C:\Users\carol\Desktop\UNIVERSIDAD\SID2\proyectoIntegradorSid\ProyectoSid2-losIlucionistas\src\main\java\co\icesi\UniPlan\service\AppUserService.java. Using fallback presentation compiler.
2026.05.31 12:51:52 INFO  no build target found for C:\Users\carol\Desktop\UNIVERSIDAD\SID2\proyectoIntegradorSid\ProyectoSid2-losIlucionistas\src\main\java\co\icesi\UniPlan\service\AppUserService.java. Using fallback presentation compiler.
2026.05.31 12:51:52 INFO  QDox parse error in file:///C:/Users/carol/Desktop/UNIVERSIDAD/SID2/proyectoIntegradorSid/ProyectoSid2-losIlucionistas/src/main/java/co/icesi/UniPlan/service/AppUserService.java (full report at: "C:\Users\carol\Desktop\UNIVERSIDAD\SID2\proyectoIntegradorSid\ProyectoSid2-losIlucionistas\.metals\.reports\metals-full\2026-05-31\r_qdox-error_12-51-41-268.md")
2026.05.31 12:51:52 INFO  no build target found for C:\Users\carol\Desktop\UNIVERSIDAD\SID2\proyectoIntegradorSid\ProyectoSid2-losIlucionistas\src\main\java\co\icesi\UniPlan\service\AppUserService.java. Using fallback presentation compiler.
2026.05.31 12:51:52 INFO  QDox parse error in file:///C:/Users/carol/Desktop/UNIVERSIDAD/SID2/proyectoIntegradorSid/ProyectoSid2-losIlucionistas/src/main/java/co/icesi/UniPlan/service/AppUserService.java (full report at: "C:\Users\carol\Desktop\UNIVERSIDAD\SID2\proyectoIntegradorSid\ProyectoSid2-losIlucionistas\.metals\.reports\metals-full\2026-05-31\r_qdox-error_12-51-41-268.md")
2026.05.31 12:51:52 INFO  QDox parse error in file:///C:/Users/carol/Desktop/UNIVERSIDAD/SID2/proyectoIntegradorSid/ProyectoSid2-losIlucionistas/src/main/java/co/icesi/UniPlan/service/AppUserService.java (full report at: "C:\Users\carol\Desktop\UNIVERSIDAD\SID2\proyectoIntegradorSid\ProyectoSid2-losIlucionistas\.metals\.reports\metals-full\2026-05-31\r_qdox-error_12-51-41-268.md")
2026.05.31 12:51:53 INFO  no build target found for C:\Users\carol\Desktop\UNIVERSIDAD\SID2\proyectoIntegradorSid\ProyectoSid2-losIlucionistas\src\main\java\co\icesi\UniPlan\service\AppUserService.java. Using fallback presentation compiler.
2026.05.31 12:51:52 INFO  Created report: Optional[file:///C:/Users/carol/Desktop/UNIVERSIDAD/SID2/proyectoIntegradorSid/ProyectoSid2-losIlucionistas/src/main/java/co/icesi/UniPlan/service/AppUserService.java]
2026.05.31 12:51:52 INFO  empty definition using pc, found symbol in pc: _empty_/LeaderRequestRepository# (full report at: "C:\Users\carol\Desktop\UNIVERSIDAD\SID2\proyectoIntegradorSid\ProyectoSid2-losIlucionistas\.metals\.reports\metals-full\2026-05-31\r_empty-definition_12-51-53-129.md")
2026.05.31 12:51:53 INFO  QDox parse error in file:///C:/Users/carol/Desktop/UNIVERSIDAD/SID2/proyectoIntegradorSid/ProyectoSid2-losIlucionistas/src/main/java/co/icesi/UniPlan/service/AppUserService.java (full report at: "C:\Users\carol\Desktop\UNIVERSIDAD\SID2\proyectoIntegradorSid\ProyectoSid2-losIlucionistas\.metals\.reports\metals-full\2026-05-31\r_qdox-error_12-51-41-268.md")
2026.05.31 12:51:53 INFO  empty definition using pc, found symbol in pc: _empty_/LeaderRequestRepository# (full report at: "C:\Users\carol\Desktop\UNIVERSIDAD\SID2\proyectoIntegradorSid\ProyectoSid2-losIlucionistas\.metals\.reports\metals-full\2026-05-31\r_empty-definition_12-51-53-129.md")
2026.05.31 12:51:52 INFO  no build target found for C:\Users\carol\Desktop\UNIVERSIDAD\SID2\proyectoIntegradorSid\ProyectoSid2-losIlucionistas\src\main\java\co\icesi\UniPlan\service\AppUserService.java. Using fallback presentation compiler.
2026.05.31 12:51:52 INFO  no build target found for C:\Users\carol\Desktop\UNIVERSIDAD\SID2\proyectoIntegradorSid\ProyectoSid2-losIlucionistas\src\main\java\co\icesi\UniPlan\service\AppUserService.java. Using fallback presentation compiler.
2026.05.31 12:51:52 INFO  no build target found for C:\Users\carol\Desktop\UNIVERSIDAD\SID2\proyectoIntegradorSid\ProyectoSid2-losIlucionistas\src\main\java\co\icesi\UniPlan\service\AppUserService.java. Using fallback presentation compiler.
2026.05.31 12:51:54 INFO  no build target found for C:\Users\carol\Desktop\UNIVERSIDAD\SID2\proyectoIntegradorSid\ProyectoSid2-losIlucionistas\src\main\java\co\icesi\UniPlan\service\AppUserService.java. Using fallback presentation compiler.
2026.05.31 12:51:54 WARN  no build target for: C:\Users\carol\Desktop\UNIVERSIDAD\SID2\proyectoIntegradorSid\ProyectoSid2-losIlucionistas\src\main\java\co\icesi\UniPlan\service\AppUserService.java
2026.05.31 12:51:54 INFO  no build target found for C:\Users\carol\Desktop\UNIVERSIDAD\SID2\proyectoIntegradorSid\ProyectoSid2-losIlucionistas\src\main\java\co\icesi\UniPlan\service\AppUserService.java. Using fallback presentation compiler.
2026.05.31 12:51:54 INFO  no build target found for C:\Users\carol\Desktop\UNIVERSIDAD\SID2\proyectoIntegradorSid\ProyectoSid2-losIlucionistas\src\main\java\co\icesi\UniPlan\service\AppUserService.java. Using fallback presentation compiler.
2026.05.31 12:51:57 INFO  no build target found for C:\Users\carol\Desktop\UNIVERSIDAD\SID2\proyectoIntegradorSid\ProyectoSid2-losIlucionistas\src\main\java\co\icesi\UniPlan\service\AppUserService.java. Using fallback presentation compiler.
2026.05.31 12:51:57 INFO  no build target found for C:\Users\carol\Desktop\UNIVERSIDAD\SID2\proyectoIntegradorSid\ProyectoSid2-losIlucionistas\src\main\java\co\icesi\UniPlan\service\AppUserService.java. Using fallback presentation compiler.
2026.05.31 12:51:58 INFO  no build target found for C:\Users\carol\Desktop\UNIVERSIDAD\SID2\proyectoIntegradorSid\ProyectoSid2-losIlucionistas\src\main\java\co\icesi\UniPlan\service\AppUserService.java. Using fallback presentation compiler.
2026.05.31 12:51:58 INFO  no build target found for C:\Users\carol\Desktop\UNIVERSIDAD\SID2\proyectoIntegradorSid\ProyectoSid2-losIlucionistas\src\main\java\co\icesi\UniPlan\service\AppUserService.java. Using fallback presentation compiler.
2026.05.31 12:52:05 INFO  no build target found for C:\Users\carol\Desktop\UNIVERSIDAD\SID2\proyectoIntegradorSid\ProyectoSid2-losIlucionistas\src\main\java\co\icesi\UniPlan\service\AppUserService.java. Using fallback presentation compiler.
2026.05.31 12:52:05 INFO  no build target found for C:\Users\carol\Desktop\UNIVERSIDAD\SID2\proyectoIntegradorSid\ProyectoSid2-losIlucionistas\src\main\java\co\icesi\UniPlan\service\AppUserService.java. Using fallback presentation compiler.
2026.05.31 12:52:06 INFO  no build target found for C:\Users\carol\Desktop\UNIVERSIDAD\SID2\proyectoIntegradorSid\ProyectoSid2-losIlucionistas\src\main\java\co\icesi\UniPlan\service\AppUserService.java. Using fallback presentation compiler.
2026.05.31 12:52:06 INFO  no build target found for C:\Users\carol\Desktop\UNIVERSIDAD\SID2\proyectoIntegradorSid\ProyectoSid2-losIlucionistas\src\main\java\co\icesi\UniPlan\service\AppUserService.java. Using fallback presentation compiler.
2026.05.31 12:52:06 INFO  no build target found for C:\Users\carol\Desktop\UNIVERSIDAD\SID2\proyectoIntegradorSid\ProyectoSid2-losIlucionistas\src\main\java\co\icesi\UniPlan\service\AppUserService.java. Using fallback presentation compiler.
2026.05.31 12:52:06 INFO  no build target found for C:\Users\carol\Desktop\UNIVERSIDAD\SID2\proyectoIntegradorSid\ProyectoSid2-losIlucionistas\src\main\java\co\icesi\UniPlan\service\AppUserService.java. Using fallback presentation compiler.
2026.05.31 12:52:07 INFO  no build target found for C:\Users\carol\Desktop\UNIVERSIDAD\SID2\proyectoIntegradorSid\ProyectoSid2-losIlucionistas\src\main\java\co\icesi\UniPlan\service\AppUserService.java. Using fallback presentation compiler.
2026.05.31 12:52:07 INFO  no build target found for C:\Users\carol\Desktop\UNIVERSIDAD\SID2\proyectoIntegradorSid\ProyectoSid2-losIlucionistas\src\main\java\co\icesi\UniPlan\service\AppUserService.java. Using fallback presentation compiler.
2026.05.31 12:52:07 INFO  no build target found for C:\Users\carol\Desktop\UNIVERSIDAD\SID2\proyectoIntegradorSid\ProyectoSid2-losIlucionistas\src\main\java\co\icesi\UniPlan\service\AppUserService.java. Using fallback presentation compiler.
2026.05.31 12:52:07 INFO  no build target found for C:\Users\carol\Desktop\UNIVERSIDAD\SID2\proyectoIntegradorSid\ProyectoSid2-losIlucionistas\src\main\java\co\icesi\UniPlan\service\AppUserService.java. Using fallback presentation compiler.
may 31, 2026 12:52:07 P. M. org.eclipse.lsp4j.jsonrpc.RemoteEndpoint handleCancellation
WARNING: Unmatched cancel notification for request id 673
2026.05.31 12:52:07 INFO  no build target found for C:\Users\carol\Desktop\UNIVERSIDAD\SID2\proyectoIntegradorSid\ProyectoSid2-losIlucionistas\src\main\java\co\icesi\UniPlan\service\AppUserService.java. Using fallback presentation compiler.
2026.05.31 12:52:08 INFO  no build target found for C:\Users\carol\Desktop\UNIVERSIDAD\SID2\proyectoIntegradorSid\ProyectoSid2-losIlucionistas\src\main\java\co\icesi\UniPlan\service\AppUserService.java. Using fallback presentation compiler.
2026.05.31 12:52:07 INFO  no build target found for C:\Users\carol\Desktop\UNIVERSIDAD\SID2\proyectoIntegradorSid\ProyectoSid2-losIlucionistas\src\main\java\co\icesi\UniPlan\service\AppUserService.java. Using fallback presentation compiler.
2026.05.31 12:52:07 INFO  no build target found for C:\Users\carol\Desktop\UNIVERSIDAD\SID2\proyectoIntegradorSid\ProyectoSid2-losIlucionistas\src\main\java\co\icesi\UniPlan\service\AppUserService.java. Using fallback presentation compiler.
2026.05.31 12:52:08 INFO  no build target found for C:\Users\carol\Desktop\UNIVERSIDAD\SID2\proyectoIntegradorSid\ProyectoSid2-losIlucionistas\src\main\java\co\icesi\UniPlan\service\AppUserService.java. Using fallback presentation compiler.
2026.05.31 12:52:09 INFO  no build target found for C:\Users\carol\Desktop\UNIVERSIDAD\SID2\proyectoIntegradorSid\ProyectoSid2-losIlucionistas\src\main\java\co\icesi\UniPlan\service\AppUserService.java. Using fallback presentation compiler.
2026.05.31 12:52:09 INFO  no build target found for C:\Users\carol\Desktop\UNIVERSIDAD\SID2\proyectoIntegradorSid\ProyectoSid2-losIlucionistas\src\main\java\co\icesi\UniPlan\service\AppUserService.java. Using fallback presentation compiler.
2026.05.31 12:52:09 INFO  no build target found for C:\Users\carol\Desktop\UNIVERSIDAD\SID2\proyectoIntegradorSid\ProyectoSid2-losIlucionistas\src\main\java\co\icesi\UniPlan\service\AppUserService.java. Using fallback presentation compiler.
2026.05.31 12:52:09 WARN  no build target for: C:\Users\carol\Desktop\UNIVERSIDAD\SID2\proyectoIntegradorSid\ProyectoSid2-losIlucionistas\src\main\java\co\icesi\UniPlan\service\AppUserService.java
2026.05.31 12:52:09 INFO  no build target found for C:\Users\carol\Desktop\UNIVERSIDAD\SID2\proyectoIntegradorSid\ProyectoSid2-losIlucionistas\src\main\java\co\icesi\UniPlan\service\AppUserService.java. Using fallback presentation compiler.
2026.05.31 12:52:10 INFO  no build target found for C:\Users\carol\Desktop\UNIVERSIDAD\SID2\proyectoIntegradorSid\ProyectoSid2-losIlucionistas\src\main\java\co\icesi\UniPlan\service\AppUserService.java. Using fallback presentation compiler.
2026.05.31 12:52:10 INFO  no build target found for C:\Users\carol\Desktop\UNIVERSIDAD\SID2\proyectoIntegradorSid\ProyectoSid2-losIlucionistas\src\main\java\co\icesi\UniPlan\service\AppUserService.java. Using fallback presentation compiler.
2026.05.31 12:52:12 INFO  no build target found for C:\Users\carol\Desktop\UNIVERSIDAD\SID2\proyectoIntegradorSid\ProyectoSid2-losIlucionistas\src\main\java\co\icesi\UniPlan\service\AppUserService.java. Using fallback presentation compiler.
2026.05.31 12:52:12 INFO  no build target found for C:\Users\carol\Desktop\UNIVERSIDAD\SID2\proyectoIntegradorSid\ProyectoSid2-losIlucionistas\src\main\java\co\icesi\UniPlan\service\AppUserService.java. Using fallback presentation compiler.
2026.05.31 12:52:13 WARN  no build target for: C:\Users\carol\Desktop\UNIVERSIDAD\SID2\proyectoIntegradorSid\ProyectoSid2-losIlucionistas\src\main\java\co\icesi\UniPlan\service\AppUserService.java
2026.05.31 12:52:13 INFO  no build target found for C:\Users\carol\Desktop\UNIVERSIDAD\SID2\proyectoIntegradorSid\ProyectoSid2-losIlucionistas\src\main\java\co\icesi\UniPlan\service\AppUserService.java. Using fallback presentation compiler.
2026.05.31 12:52:19 INFO  no build target found for C:\Users\carol\Desktop\UNIVERSIDAD\SID2\proyectoIntegradorSid\ProyectoSid2-losIlucionistas\src\main\java\co\icesi\UniPlan\service\AppUserService.java. Using fallback presentation compiler.
2026.05.31 12:52:19 INFO  no build target found for C:\Users\carol\Desktop\UNIVERSIDAD\SID2\proyectoIntegradorSid\ProyectoSid2-losIlucionistas\src\main\java\co\icesi\UniPlan\service\AppUserService.java. Using fallback presentation compiler.
2026.05.31 12:52:19 INFO  no build target found for C:\Users\carol\Desktop\UNIVERSIDAD\SID2\proyectoIntegradorSid\ProyectoSid2-losIlucionistas\src\main\java\co\icesi\UniPlan\service\AppUserService.java. Using fallback presentation compiler.
2026.05.31 12:52:19 WARN  no build target for: C:\Users\carol\Desktop\UNIVERSIDAD\SID2\proyectoIntegradorSid\ProyectoSid2-losIlucionistas\src\main\java\co\icesi\UniPlan\service\AppUserService.java
2026.05.31 12:52:19 INFO  no build target found for C:\Users\carol\Desktop\UNIVERSIDAD\SID2\proyectoIntegradorSid\ProyectoSid2-losIlucionistas\src\main\java\co\icesi\UniPlan\service\AppUserService.java. Using fallback presentation compiler.
2026.05.31 12:52:22 INFO  no build target found for C:\Users\carol\Desktop\UNIVERSIDAD\SID2\proyectoIntegradorSid\ProyectoSid2-losIlucionistas\src\main\java\co\icesi\UniPlan\service\AppUserService.java. Using fallback presentation compiler.
2026.05.31 12:52:24 INFO  no build target found for C:\Users\carol\Desktop\UNIVERSIDAD\SID2\proyectoIntegradorSid\ProyectoSid2-losIlucionistas\src\main\java\co\icesi\UniPlan\service\AppUserService.java. Using fallback presentation compiler.
2026.05.31 12:52:27 INFO  no build target found for C:\Users\carol\Desktop\UNIVERSIDAD\SID2\proyectoIntegradorSid\ProyectoSid2-losIlucionistas\src\main\java\co\icesi\UniPlan\service\AppUserService.java. Using fallback presentation compiler.
2026.05.31 12:52:28 INFO  no build target found for C:\Users\carol\Desktop\UNIVERSIDAD\SID2\proyectoIntegradorSid\ProyectoSid2-losIlucionistas\src\main\java\co\icesi\UniPlan\service\AppUserService.java. Using fallback presentation compiler.
2026.05.31 12:52:28 INFO  no build target found for C:\Users\carol\Desktop\UNIVERSIDAD\SID2\proyectoIntegradorSid\ProyectoSid2-losIlucionistas\src\main\java\co\icesi\UniPlan\service\AppUserService.java. Using fallback presentation compiler.
2026.05.31 12:52:28 INFO  no build target found for C:\Users\carol\Desktop\UNIVERSIDAD\SID2\proyectoIntegradorSid\ProyectoSid2-losIlucionistas\src\main\java\co\icesi\UniPlan\service\AppUserService.java. Using fallback presentation compiler.
2026.05.31 12:52:36 INFO  no build target found for C:\Users\carol\Desktop\UNIVERSIDAD\SID2\proyectoIntegradorSid\ProyectoSid2-losIlucionistas\src\main\java\co\icesi\UniPlan\service\AppUserService.java. Using fallback presentation compiler.
2026.05.31 12:52:42 INFO  no build target found for C:\Users\carol\Desktop\UNIVERSIDAD\SID2\proyectoIntegradorSid\ProyectoSid2-losIlucionistas\src\main\java\co\icesi\UniPlan\service\AppUserService.java. Using fallback presentation compiler.
2026.05.31 12:53:00 INFO  no build target found for C:\Users\carol\Desktop\UNIVERSIDAD\SID2\proyectoIntegradorSid\ProyectoSid2-losIlucionistas\src\main\java\co\icesi\UniPlan\service\AppUserService.java. Using fallback presentation compiler.
2026.05.31 12:53:00 INFO  no build target found for C:\Users\carol\Desktop\UNIVERSIDAD\SID2\proyectoIntegradorSid\ProyectoSid2-losIlucionistas\src\main\java\co\icesi\UniPlan\service\AppUserService.java. Using fallback presentation compiler.
2026.05.31 12:53:02 INFO  no build target found for C:\Users\carol\Desktop\UNIVERSIDAD\SID2\proyectoIntegradorSid\ProyectoSid2-losIlucionistas\src\main\java\co\icesi\UniPlan\service\AppUserService.java. Using fallback presentation compiler.
2026.05.31 12:53:02 INFO  no build target found for C:\Users\carol\Desktop\UNIVERSIDAD\SID2\proyectoIntegradorSid\ProyectoSid2-losIlucionistas\src\main\java\co\icesi\UniPlan\service\AppUserService.java. Using fallback presentation compiler.
2026.05.31 12:53:03 INFO  no build target found for C:\Users\carol\Desktop\UNIVERSIDAD\SID2\proyectoIntegradorSid\ProyectoSid2-losIlucionistas\src\main\java\co\icesi\UniPlan\service\AppUserService.java. Using fallback presentation compiler.
2026.05.31 12:53:02 INFO  no build target found for C:\Users\carol\Desktop\UNIVERSIDAD\SID2\proyectoIntegradorSid\ProyectoSid2-losIlucionistas\src\main\java\co\icesi\UniPlan\service\AppUserService.java. Using fallback presentation compiler.
may 31, 2026 12:53:03 P. M. org.eclipse.lsp4j.jsonrpc.RemoteEndpoint handleCancellation
WARNING: Unmatched cancel notification for request id 745
2026.05.31 12:53:02 INFO  no build target found for C:\Users\carol\Desktop\UNIVERSIDAD\SID2\proyectoIntegradorSid\ProyectoSid2-losIlucionistas\src\main\java\co\icesi\UniPlan\service\AppUserService.java. Using fallback presentation compiler.
2026.05.31 12:53:03 WARN  no build target for: C:\Users\carol\Desktop\UNIVERSIDAD\SID2\proyectoIntegradorSid\ProyectoSid2-losIlucionistas\src\main\java\co\icesi\UniPlan\service\AppUserService.java
2026.05.31 12:53:03 INFO  no build target found for C:\Users\carol\Desktop\UNIVERSIDAD\SID2\proyectoIntegradorSid\ProyectoSid2-losIlucionistas\src\main\java\co\icesi\UniPlan\service\AppUserService.java. Using fallback presentation compiler.
2026.05.31 12:53:10 INFO  no build target found for C:\Users\carol\Desktop\UNIVERSIDAD\SID2\proyectoIntegradorSid\ProyectoSid2-losIlucionistas\src\main\java\co\icesi\UniPlan\service\AppUserService.java. Using fallback presentation compiler.
2026.05.31 12:53:28 INFO  no build target found for C:\Users\carol\Desktop\UNIVERSIDAD\SID2\proyectoIntegradorSid\ProyectoSid2-losIlucionistas\src\main\java\co\icesi\UniPlan\service\AppUserService.java. Using fallback presentation compiler.
2026.05.31 12:53:28 INFO  no build target found for C:\Users\carol\Desktop\UNIVERSIDAD\SID2\proyectoIntegradorSid\ProyectoSid2-losIlucionistas\src\main\java\co\icesi\UniPlan\service\AppUserService.java. Using fallback presentation compiler.
2026.05.31 12:53:33 INFO  no build target found for C:\Users\carol\Desktop\UNIVERSIDAD\SID2\proyectoIntegradorSid\ProyectoSid2-losIlucionistas\src\main\java\co\icesi\UniPlan\service\AppUserService.java. Using fallback presentation compiler.
2026.05.31 12:53:39 INFO  no build target found for C:\Users\carol\Desktop\UNIVERSIDAD\SID2\proyectoIntegradorSid\ProyectoSid2-losIlucionistas\src\main\java\co\icesi\UniPlan\service\AppUserService.java. Using fallback presentation compiler.
2026.05.31 12:53:57 INFO  no build target found for C:\Users\carol\Desktop\UNIVERSIDAD\SID2\proyectoIntegradorSid\ProyectoSid2-losIlucionistas\src\main\java\co\icesi\UniPlan\service\AppUserService.java. Using fallback presentation compiler.
2026.05.31 12:54:01 INFO  no build target found for C:\Users\carol\Desktop\UNIVERSIDAD\SID2\proyectoIntegradorSid\ProyectoSid2-losIlucionistas\src\main\java\co\icesi\UniPlan\service\AppUserService.java. Using fallback presentation compiler.
2026.05.31 12:54:01 INFO  no build target found for C:\Users\carol\Desktop\UNIVERSIDAD\SID2\proyectoIntegradorSid\ProyectoSid2-losIlucionistas\src\main\java\co\icesi\UniPlan\service\AppUserService.java. Using fallback presentation compiler.
2026.05.31 12:54:01 INFO  no build target found for C:\Users\carol\Desktop\UNIVERSIDAD\SID2\proyectoIntegradorSid\ProyectoSid2-losIlucionistas\src\main\java\co\icesi\UniPlan\service\AppUserService.java. Using fallback presentation compiler.
2026.05.31 12:54:02 INFO  no build target found for C:\Users\carol\Desktop\UNIVERSIDAD\SID2\proyectoIntegradorSid\ProyectoSid2-losIlucionistas\src\main\java\co\icesi\UniPlan\service\AppUserService.java. Using fallback presentation compiler.
2026.05.31 12:54:02 INFO  no build target found for C:\Users\carol\Desktop\UNIVERSIDAD\SID2\proyectoIntegradorSid\ProyectoSid2-losIlucionistas\src\main\java\co\icesi\UniPlan\service\AppUserService.java. Using fallback presentation compiler.
2026.05.31 12:54:02 INFO  no build target found for C:\Users\carol\Desktop\UNIVERSIDAD\SID2\proyectoIntegradorSid\ProyectoSid2-losIlucionistas\src\main\java\co\icesi\UniPlan\service\AppUserService.java. Using fallback presentation compiler.
2026.05.31 12:54:03 INFO  no build target found for C:\Users\carol\Desktop\UNIVERSIDAD\SID2\proyectoIntegradorSid\ProyectoSid2-losIlucionistas\src\main\java\co\icesi\UniPlan\service\AppUserService.java. Using fallback presentation compiler.
2026.05.31 12:54:03 WARN  no build target for: C:\Users\carol\Desktop\UNIVERSIDAD\SID2\proyectoIntegradorSid\ProyectoSid2-losIlucionistas\src\main\java\co\icesi\UniPlan\service\AppUserService.java
2026.05.31 12:54:04 INFO  no build target found for C:\Users\carol\Desktop\UNIVERSIDAD\SID2\proyectoIntegradorSid\ProyectoSid2-losIlucionistas\src\main\java\co\icesi\UniPlan\service\AppUserService.java. Using fallback presentation compiler.
2026.05.31 12:54:04 INFO  no build target found for C:\Users\carol\Desktop\UNIVERSIDAD\SID2\proyectoIntegradorSid\ProyectoSid2-losIlucionistas\src\main\java\co\icesi\UniPlan\service\AppUserService.java. Using fallback presentation compiler.
2026.05.31 12:54:04 INFO  no build target found for C:\Users\carol\Desktop\UNIVERSIDAD\SID2\proyectoIntegradorSid\ProyectoSid2-losIlucionistas\src\main\java\co\icesi\UniPlan\service\AppUserService.java. Using fallback presentation compiler.
2026.05.31 12:54:05 INFO  no build target found for C:\Users\carol\Desktop\UNIVERSIDAD\SID2\proyectoIntegradorSid\ProyectoSid2-losIlucionistas\src\main\java\co\icesi\UniPlan\service\AppUserService.java. Using fallback presentation compiler.
2026.05.31 12:54:05 INFO  no build target found for C:\Users\carol\Desktop\UNIVERSIDAD\SID2\proyectoIntegradorSid\ProyectoSid2-losIlucionistas\src\main\java\co\icesi\UniPlan\service\AppUserService.java. Using fallback presentation compiler.
2026.05.31 12:54:07 INFO  no build target found for C:\Users\carol\Desktop\UNIVERSIDAD\SID2\proyectoIntegradorSid\ProyectoSid2-losIlucionistas\src\main\java\co\icesi\UniPlan\service\AppUserService.java. Using fallback presentation compiler.
2026.05.31 12:54:07 INFO  no build target found for C:\Users\carol\Desktop\UNIVERSIDAD\SID2\proyectoIntegradorSid\ProyectoSid2-losIlucionistas\src\main\java\co\icesi\UniPlan\service\AppUserService.java. Using fallback presentation compiler.
2026.05.31 12:54:07 INFO  no build target found for C:\Users\carol\Desktop\UNIVERSIDAD\SID2\proyectoIntegradorSid\ProyectoSid2-losIlucionistas\src\main\java\co\icesi\UniPlan\service\AppUserService.java. Using fallback presentation compiler.
2026.05.31 12:54:08 INFO  no build target found for C:\Users\carol\Desktop\UNIVERSIDAD\SID2\proyectoIntegradorSid\ProyectoSid2-losIlucionistas\src\main\java\co\icesi\UniPlan\service\AppUserService.java. Using fallback presentation compiler.
2026.05.31 12:54:10 INFO  no build target found for C:\Users\carol\Desktop\UNIVERSIDAD\SID2\proyectoIntegradorSid\ProyectoSid2-losIlucionistas\src\main\java\co\icesi\UniPlan\service\AppUserService.java. Using fallback presentation compiler.
2026.05.31 12:54:10 INFO  no build target found for C:\Users\carol\Desktop\UNIVERSIDAD\SID2\proyectoIntegradorSid\ProyectoSid2-losIlucionistas\src\main\java\co\icesi\UniPlan\service\AppUserService.java. Using fallback presentation compiler.
2026.05.31 12:54:10 INFO  no build target found for C:\Users\carol\Desktop\UNIVERSIDAD\SID2\proyectoIntegradorSid\ProyectoSid2-losIlucionistas\src\main\java\co\icesi\UniPlan\service\AppUserService.java. Using fallback presentation compiler.
2026.05.31 12:54:10 INFO  no build target found for C:\Users\carol\Desktop\UNIVERSIDAD\SID2\proyectoIntegradorSid\ProyectoSid2-losIlucionistas\src\main\java\co\icesi\UniPlan\service\AppUserService.java. Using fallback presentation compiler.
2026.05.31 12:54:11 INFO  no build target found for C:\Users\carol\Desktop\UNIVERSIDAD\SID2\proyectoIntegradorSid\ProyectoSid2-losIlucionistas\src\main\java\co\icesi\UniPlan\service\AppUserService.java. Using fallback presentation compiler.
2026.05.31 12:54:11 INFO  no build target found for C:\Users\carol\Desktop\UNIVERSIDAD\SID2\proyectoIntegradorSid\ProyectoSid2-losIlucionistas\src\main\java\co\icesi\UniPlan\service\AppUserService.java. Using fallback presentation compiler.
2026.05.31 12:54:12 WARN  no build target for: C:\Users\carol\Desktop\UNIVERSIDAD\SID2\proyectoIntegradorSid\ProyectoSid2-losIlucionistas\src\main\java\co\icesi\UniPlan\service\AppUserService.java
2026.05.31 12:54:12 INFO  no build target found for C:\Users\carol\Desktop\UNIVERSIDAD\SID2\proyectoIntegradorSid\ProyectoSid2-losIlucionistas\src\main\java\co\icesi\UniPlan\service\AppUserService.java. Using fallback presentation compiler.
2026.05.31 12:54:12 INFO  no build target found for C:\Users\carol\Desktop\UNIVERSIDAD\SID2\proyectoIntegradorSid\ProyectoSid2-losIlucionistas\src\main\java\co\icesi\UniPlan\service\AppUserService.java. Using fallback presentation compiler.
2026.05.31 12:54:14 INFO  no build target found for C:\Users\carol\Desktop\UNIVERSIDAD\SID2\proyectoIntegradorSid\ProyectoSid2-losIlucionistas\src\main\java\co\icesi\UniPlan\service\AppUserService.java. Using fallback presentation compiler.
2026.05.31 12:54:14 INFO  no build target found for C:\Users\carol\Desktop\UNIVERSIDAD\SID2\proyectoIntegradorSid\ProyectoSid2-losIlucionistas\src\main\java\co\icesi\UniPlan\service\AppUserService.java. Using fallback presentation compiler.
2026.05.31 12:54:16 INFO  no build target found for C:\Users\carol\Desktop\UNIVERSIDAD\SID2\proyectoIntegradorSid\ProyectoSid2-losIlucionistas\src\main\java\co\icesi\UniPlan\service\AppUserService.java. Using fallback presentation compiler.
2026.05.31 12:54:16 INFO  Created report: Optional[file:///C:/Users/carol/Desktop/UNIVERSIDAD/SID2/proyectoIntegradorSid/ProyectoSid2-losIlucionistas/src/main/java/co/icesi/UniPlan/service/AppUserService.java]
2026.05.31 12:54:16 INFO  empty definition using pc, found symbol in pc: _empty_/BusinessException# (full report at: "C:\Users\carol\Desktop\UNIVERSIDAD\SID2\proyectoIntegradorSid\ProyectoSid2-losIlucionistas\.metals\.reports\metals-full\2026-05-31\r_empty-definition_12-54-16-724.md")
2026.05.31 12:54:16 INFO  no build target found for C:\Users\carol\Desktop\UNIVERSIDAD\SID2\proyectoIntegradorSid\ProyectoSid2-losIlucionistas\src\main\java\co\icesi\UniPlan\exception\BusinessException.java. Using fallback presentation compiler.
2026.05.31 12:54:16 INFO  no build target found for C:\Users\carol\Desktop\UNIVERSIDAD\SID2\proyectoIntegradorSid\ProyectoSid2-losIlucionistas\src\main\java\co\icesi\UniPlan\service\AppUserService.java. Using fallback presentation compiler.
2026.05.31 12:54:16 INFO  empty definition using pc, found symbol in pc: _empty_/BusinessException# (full report at: "C:\Users\carol\Desktop\UNIVERSIDAD\SID2\proyectoIntegradorSid\ProyectoSid2-losIlucionistas\.metals\.reports\metals-full\2026-05-31\r_empty-definition_12-54-16-724.md")
2026.05.31 12:54:16 INFO  no build target found for C:\Users\carol\Desktop\UNIVERSIDAD\SID2\proyectoIntegradorSid\ProyectoSid2-losIlucionistas\src\main\java\co\icesi\UniPlan\service\AppUserService.java. Using fallback presentation compiler.
2026.05.31 12:54:16 INFO  no build target found for C:\Users\carol\Desktop\UNIVERSIDAD\SID2\proyectoIntegradorSid\ProyectoSid2-losIlucionistas\src\main\java\co\icesi\UniPlan\exception\BusinessException.java. Using fallback presentation compiler.
2026.05.31 12:54:16 INFO  no build target found for C:\Users\carol\Desktop\UNIVERSIDAD\SID2\proyectoIntegradorSid\ProyectoSid2-losIlucionistas\src\main\java\co\icesi\UniPlan\service\AppUserService.java. Using fallback presentation compiler.
2026.05.31 12:54:17 INFO  no build target found for C:\Users\carol\Desktop\UNIVERSIDAD\SID2\proyectoIntegradorSid\ProyectoSid2-losIlucionistas\src\main\java\co\icesi\UniPlan\service\AppUserService.java. Using fallback presentation compiler.
2026.05.31 12:54:17 INFO  no build target found for C:\Users\carol\Desktop\UNIVERSIDAD\SID2\proyectoIntegradorSid\ProyectoSid2-losIlucionistas\src\main\java\co\icesi\UniPlan\service\AppUserService.java. Using fallback presentation compiler.
2026.05.31 12:54:18 WARN  no build target for: C:\Users\carol\Desktop\UNIVERSIDAD\SID2\proyectoIntegradorSid\ProyectoSid2-losIlucionistas\src\main\java\co\icesi\UniPlan\service\AppUserService.java
2026.05.31 12:54:18 INFO  no build target found for C:\Users\carol\Desktop\UNIVERSIDAD\SID2\proyectoIntegradorSid\ProyectoSid2-losIlucionistas\src\main\java\co\icesi\UniPlan\service\AppUserService.java. Using fallback presentation compiler.
2026.05.31 12:54:20 INFO  no build target found for C:\Users\carol\Desktop\UNIVERSIDAD\SID2\proyectoIntegradorSid\ProyectoSid2-losIlucionistas\src\main\java\co\icesi\UniPlan\service\AppUserService.java. Using fallback presentation compiler.
may 31, 2026 12:54:20 P. M. org.eclipse.lsp4j.jsonrpc.RemoteEndpoint handleCancellation
WARNING: Unmatched cancel notification for request id 847
2026.05.31 12:54:20 INFO  no build target found for C:\Users\carol\Desktop\UNIVERSIDAD\SID2\proyectoIntegradorSid\ProyectoSid2-losIlucionistas\src\main\java\co\icesi\UniPlan\service\AppUserService.java. Using fallback presentation compiler.
2026.05.31 12:54:21 INFO  no build target found for C:\Users\carol\Desktop\UNIVERSIDAD\SID2\proyectoIntegradorSid\ProyectoSid2-losIlucionistas\src\main\java\co\icesi\UniPlan\service\AppUserService.java. Using fallback presentation compiler.
2026.05.31 12:54:21 INFO  no build target found for C:\Users\carol\Desktop\UNIVERSIDAD\SID2\proyectoIntegradorSid\ProyectoSid2-losIlucionistas\src\main\java\co\icesi\UniPlan\service\AppUserService.java. Using fallback presentation compiler.
2026.05.31 12:54:21 INFO  no build target found for C:\Users\carol\Desktop\UNIVERSIDAD\SID2\proyectoIntegradorSid\ProyectoSid2-losIlucionistas\src\main\java\co\icesi\UniPlan\service\AppUserService.java. Using fallback presentation compiler.
2026.05.31 12:54:21 INFO  no build target found for C:\Users\carol\Desktop\UNIVERSIDAD\SID2\proyectoIntegradorSid\ProyectoSid2-losIlucionistas\src\main\java\co\icesi\UniPlan\service\AppUserService.java. Using fallback presentation compiler.
2026.05.31 12:54:22 INFO  no build target found for C:\Users\carol\Desktop\UNIVERSIDAD\SID2\proyectoIntegradorSid\ProyectoSid2-losIlucionistas\src\main\java\co\icesi\UniPlan\service\AppUserService.java. Using fallback presentation compiler.
2026.05.31 12:54:23 WARN  no build target for: C:\Users\carol\Desktop\UNIVERSIDAD\SID2\proyectoIntegradorSid\ProyectoSid2-losIlucionistas\src\main\java\co\icesi\UniPlan\service\AppUserService.java
2026.05.31 12:54:23 INFO  no build target found for C:\Users\carol\Desktop\UNIVERSIDAD\SID2\proyectoIntegradorSid\ProyectoSid2-losIlucionistas\src\main\java\co\icesi\UniPlan\service\AppUserService.java. Using fallback presentation compiler.
2026.05.31 12:54:23 INFO  no build target found for C:\Users\carol\Desktop\UNIVERSIDAD\SID2\proyectoIntegradorSid\ProyectoSid2-losIlucionistas\src\main\java\co\icesi\UniPlan\service\AppUserService.java. Using fallback presentation compiler.
2026.05.31 12:54:23 INFO  no build target found for C:\Users\carol\Desktop\UNIVERSIDAD\SID2\proyectoIntegradorSid\ProyectoSid2-losIlucionistas\src\main\java\co\icesi\UniPlan\service\AppUserService.java. Using fallback presentation compiler.
may 31, 2026 12:54:24 P. M. org.eclipse.lsp4j.jsonrpc.RemoteEndpoint handleCancellation
WARNING: Unmatched cancel notification for request id 867
2026.05.31 12:54:25 INFO  no build target found for C:\Users\carol\Desktop\UNIVERSIDAD\SID2\proyectoIntegradorSid\ProyectoSid2-losIlucionistas\src\main\java\co\icesi\UniPlan\service\AppUserService.java. Using fallback presentation compiler.
may 31, 2026 12:54:26 P. M. org.eclipse.lsp4j.jsonrpc.RemoteEndpoint handleCancellation
WARNING: Unmatched cancel notification for request id 868
2026.05.31 12:54:25 INFO  no build target found for C:\Users\carol\Desktop\UNIVERSIDAD\SID2\proyectoIntegradorSid\ProyectoSid2-losIlucionistas\src\main\java\co\icesi\UniPlan\service\AppUserService.java. Using fallback presentation compiler.
2026.05.31 12:54:26 INFO  no build target found for C:\Users\carol\Desktop\UNIVERSIDAD\SID2\proyectoIntegradorSid\ProyectoSid2-losIlucionistas\src\main\java\co\icesi\UniPlan\service\AppUserService.java. Using fallback presentation compiler.
2026.05.31 12:54:26 INFO  no build target found for C:\Users\carol\Desktop\UNIVERSIDAD\SID2\proyectoIntegradorSid\ProyectoSid2-losIlucionistas\src\main\java\co\icesi\UniPlan\service\AppUserService.java. Using fallback presentation compiler.
2026.05.31 12:54:29 INFO  no build target found for C:\Users\carol\Desktop\UNIVERSIDAD\SID2\proyectoIntegradorSid\ProyectoSid2-losIlucionistas\src\main\java\co\icesi\UniPlan\service\AppUserService.java. Using fallback presentation compiler.
2026.05.31 12:54:29 INFO  no build target found for C:\Users\carol\Desktop\UNIVERSIDAD\SID2\proyectoIntegradorSid\ProyectoSid2-losIlucionistas\src\main\java\co\icesi\UniPlan\service\AppUserService.java. Using fallback presentation compiler.
2026.05.31 12:54:29 INFO  no build target found for C:\Users\carol\Desktop\UNIVERSIDAD\SID2\proyectoIntegradorSid\ProyectoSid2-losIlucionistas\src\main\java\co\icesi\UniPlan\service\AppUserService.java. Using fallback presentation compiler.
2026.05.31 12:54:29 INFO  no build target found for C:\Users\carol\Desktop\UNIVERSIDAD\SID2\proyectoIntegradorSid\ProyectoSid2-losIlucionistas\src\main\java\co\icesi\UniPlan\service\AppUserService.java. Using fallback presentation compiler.
2026.05.31 12:54:30 INFO  no build target found for C:\Users\carol\Desktop\UNIVERSIDAD\SID2\proyectoIntegradorSid\ProyectoSid2-losIlucionistas\src\main\java\co\icesi\UniPlan\service\AppUserService.java. Using fallback presentation compiler.
2026.05.31 12:54:30 INFO  no build target found for C:\Users\carol\Desktop\UNIVERSIDAD\SID2\proyectoIntegradorSid\ProyectoSid2-losIlucionistas\src\main\java\co\icesi\UniPlan\service\AppUserService.java. Using fallback presentation compiler.
2026.05.31 12:54:30 INFO  no build target found for C:\Users\carol\Desktop\UNIVERSIDAD\SID2\proyectoIntegradorSid\ProyectoSid2-losIlucionistas\src\main\java\co\icesi\UniPlan\service\AppUserService.java. Using fallback presentation compiler.
2026.05.31 12:54:31 WARN  no build target for: C:\Users\carol\Desktop\UNIVERSIDAD\SID2\proyectoIntegradorSid\ProyectoSid2-losIlucionistas\src\main\java\co\icesi\UniPlan\service\AppUserService.java
2026.05.31 12:54:31 INFO  no build target found for C:\Users\carol\Desktop\UNIVERSIDAD\SID2\proyectoIntegradorSid\ProyectoSid2-losIlucionistas\src\main\java\co\icesi\UniPlan\service\AppUserService.java. Using fallback presentation compiler.
2026.05.31 12:54:34 INFO  no build target found for C:\Users\carol\Desktop\UNIVERSIDAD\SID2\proyectoIntegradorSid\ProyectoSid2-losIlucionistas\src\main\java\co\icesi\UniPlan\service\AppUserService.java. Using fallback presentation compiler.
2026.05.31 12:54:41 INFO  no build target found for C:\Users\carol\Desktop\UNIVERSIDAD\SID2\proyectoIntegradorSid\ProyectoSid2-losIlucionistas\src\main\java\co\icesi\UniPlan\service\AppUserService.java. Using fallback presentation compiler.
2026.05.31 12:54:43 INFO  no build target found for C:\Users\carol\Desktop\UNIVERSIDAD\SID2\proyectoIntegradorSid\ProyectoSid2-losIlucionistas\src\main\java\co\icesi\UniPlan\service\AppUserService.java. Using fallback presentation compiler.
2026.05.31 12:54:43 INFO  no build target found for C:\Users\carol\Desktop\UNIVERSIDAD\SID2\proyectoIntegradorSid\ProyectoSid2-losIlucionistas\src\main\java\co\icesi\UniPlan\service\AppUserService.java. Using fallback presentation compiler.
2026.05.31 12:54:43 INFO  no build target found for C:\Users\carol\Desktop\UNIVERSIDAD\SID2\proyectoIntegradorSid\ProyectoSid2-losIlucionistas\src\main\java\co\icesi\UniPlan\service\AppUserService.java. Using fallback presentation compiler.
2026.05.31 12:54:43 INFO  no build target found for C:\Users\carol\Desktop\UNIVERSIDAD\SID2\proyectoIntegradorSid\ProyectoSid2-losIlucionistas\src\main\java\co\icesi\UniPlan\service\AppUserService.java. Using fallback presentation compiler.
2026.05.31 12:54:44 INFO  no build target found for C:\Users\carol\Desktop\UNIVERSIDAD\SID2\proyectoIntegradorSid\ProyectoSid2-losIlucionistas\src\main\java\co\icesi\UniPlan\service\AppUserService.java. Using fallback presentation compiler.
2026.05.31 12:54:44 WARN  no build target for: C:\Users\carol\Desktop\UNIVERSIDAD\SID2\proyectoIntegradorSid\ProyectoSid2-losIlucionistas\src\main\java\co\icesi\UniPlan\service\AppUserService.java
2026.05.31 12:54:44 INFO  QDox parse error in file:///C:/Users/carol/Desktop/UNIVERSIDAD/SID2/proyectoIntegradorSid/ProyectoSid2-losIlucionistas/src/main/java/co/icesi/UniPlan/service/AppUserService.java (full report at: "C:\Users\carol\Desktop\UNIVERSIDAD\SID2\proyectoIntegradorSid\ProyectoSid2-losIlucionistas\.metals\.reports\metals-full\2026-05-31\r_qdox-error_12-51-41-268.md")
2026.05.31 12:54:44 INFO  no build target found for C:\Users\carol\Desktop\UNIVERSIDAD\SID2\proyectoIntegradorSid\ProyectoSid2-losIlucionistas\src\main\java\co\icesi\UniPlan\service\AppUserService.java. Using fallback presentation compiler.
2026.05.31 12:54:44 WARN  Running javac-semanticdb failed for file:///C:/Users/carol/Desktop/UNIVERSIDAD/SID2/proyectoIntegradorSid/ProyectoSid2-losIlucionistas/src/main/java/co/icesi/UniPlan/service/AppUserService.java. Output:

2026.05.31 12:54:47 INFO  no build target found for C:\Users\carol\Desktop\UNIVERSIDAD\SID2\proyectoIntegradorSid\ProyectoSid2-losIlucionistas\src\main\java\co\icesi\UniPlan\service\AppUserService.java. Using fallback presentation compiler.
2026.05.31 12:54:51 INFO  no build target found for C:\Users\carol\Desktop\UNIVERSIDAD\SID2\proyectoIntegradorSid\ProyectoSid2-losIlucionistas\src\main\java\co\icesi\UniPlan\service\AppUserService.java. Using fallback presentation compiler.
2026.05.31 12:54:51 INFO  no build target found for C:\Users\carol\Desktop\UNIVERSIDAD\SID2\proyectoIntegradorSid\ProyectoSid2-losIlucionistas\src\main\java\co\icesi\UniPlan\service\AppUserService.java. Using fallback presentation compiler.
2026.05.31 12:54:51 INFO  no build target found for C:\Users\carol\Desktop\UNIVERSIDAD\SID2\proyectoIntegradorSid\ProyectoSid2-losIlucionistas\src\main\java\co\icesi\UniPlan\service\AppUserService.java. Using fallback presentation compiler.
2026.05.31 12:54:52 INFO  no build target found for C:\Users\carol\Desktop\UNIVERSIDAD\SID2\proyectoIntegradorSid\ProyectoSid2-losIlucionistas\src\main\java\co\icesi\UniPlan\service\AppUserService.java. Using fallback presentation compiler.
2026.05.31 12:54:52 INFO  no build target found for C:\Users\carol\Desktop\UNIVERSIDAD\SID2\proyectoIntegradorSid\ProyectoSid2-losIlucionistas\src\main\java\co\icesi\UniPlan\service\AppUserService.java. Using fallback presentation compiler.
2026.05.31 12:54:52 INFO  no build target found for C:\Users\carol\Desktop\UNIVERSIDAD\SID2\proyectoIntegradorSid\ProyectoSid2-losIlucionistas\src\main\java\co\icesi\UniPlan\service\AppUserService.java. Using fallback presentation compiler.
2026.05.31 12:54:53 INFO  no build target found for C:\Users\carol\Desktop\UNIVERSIDAD\SID2\proyectoIntegradorSid\ProyectoSid2-losIlucionistas\src\main\java\co\icesi\UniPlan\service\AppUserService.java. Using fallback presentation compiler.
2026.05.31 12:54:54 WARN  no build target for: C:\Users\carol\Desktop\UNIVERSIDAD\SID2\proyectoIntegradorSid\ProyectoSid2-losIlucionistas\src\main\java\co\icesi\UniPlan\service\AppUserService.java
2026.05.31 12:54:53 INFO  no build target found for C:\Users\carol\Desktop\UNIVERSIDAD\SID2\proyectoIntegradorSid\ProyectoSid2-losIlucionistas\src\main\java\co\icesi\UniPlan\service\AppUserService.java. Using fallback presentation compiler.
2026.05.31 12:54:54 INFO  no build target found for C:\Users\carol\Desktop\UNIVERSIDAD\SID2\proyectoIntegradorSid\ProyectoSid2-losIlucionistas\src\main\java\co\icesi\UniPlan\service\AppUserService.java. Using fallback presentation compiler.
2026.05.31 12:54:55 INFO  no build target found for C:\Users\carol\Desktop\UNIVERSIDAD\SID2\proyectoIntegradorSid\ProyectoSid2-losIlucionistas\src\main\java\co\icesi\UniPlan\service\AppUserService.java. Using fallback presentation compiler.
2026.05.31 12:54:54 INFO  no build target found for C:\Users\carol\Desktop\UNIVERSIDAD\SID2\proyectoIntegradorSid\ProyectoSid2-losIlucionistas\src\main\java\co\icesi\UniPlan\service\AppUserService.java. Using fallback presentation compiler.
2026.05.31 12:54:54 INFO  no build target found for C:\Users\carol\Desktop\UNIVERSIDAD\SID2\proyectoIntegradorSid\ProyectoSid2-losIlucionistas\src\main\java\co\icesi\UniPlan\service\AppUserService.java. Using fallback presentation compiler.
2026.05.31 12:54:55 INFO  no build target found for C:\Users\carol\Desktop\UNIVERSIDAD\SID2\proyectoIntegradorSid\ProyectoSid2-losIlucionistas\src\main\java\co\icesi\UniPlan\service\AppUserService.java. Using fallback presentation compiler.
2026.05.31 12:54:56 WARN  no build target for: C:\Users\carol\Desktop\UNIVERSIDAD\SID2\proyectoIntegradorSid\ProyectoSid2-losIlucionistas\src\main\java\co\icesi\UniPlan\service\AppUserService.java
2026.05.31 12:54:56 INFO  no build target found for C:\Users\carol\Desktop\UNIVERSIDAD\SID2\proyectoIntegradorSid\ProyectoSid2-losIlucionistas\src\main\java\co\icesi\UniPlan\service\AppUserService.java. Using fallback presentation compiler.
2026.05.31 12:54:59 INFO  no build target found for C:\Users\carol\Desktop\UNIVERSIDAD\SID2\proyectoIntegradorSid\ProyectoSid2-losIlucionistas\src\main\java\co\icesi\UniPlan\service\AppUserService.java. Using fallback presentation compiler.
2026.05.31 12:55:00 INFO  no build target found for C:\Users\carol\Desktop\UNIVERSIDAD\SID2\proyectoIntegradorSid\ProyectoSid2-losIlucionistas\src\main\java\co\icesi\UniPlan\service\AppUserService.java. Using fallback presentation compiler.
2026.05.31 12:55:00 INFO  Created report: Optional[file:///C:/Users/carol/Desktop/UNIVERSIDAD/SID2/proyectoIntegradorSid/ProyectoSid2-losIlucionistas/src/main/java/co/icesi/UniPlan/service/AppUserService.java]
2026.05.31 12:55:00 INFO  empty definition using pc, found symbol in pc: _empty_/StudentRepository#findByEmail# (full report at: "C:\Users\carol\Desktop\UNIVERSIDAD\SID2\proyectoIntegradorSid\ProyectoSid2-losIlucionistas\.metals\.reports\metals-full\2026-05-31\r_empty-definition_12-55-00-272.md")
2026.05.31 12:54:59 INFO  no build target found for C:\Users\carol\Desktop\UNIVERSIDAD\SID2\proyectoIntegradorSid\ProyectoSid2-losIlucionistas\src\main\java\co\icesi\UniPlan\service\AppUserService.java. Using fallback presentation compiler.
2026.05.31 12:55:00 INFO  no build target found for C:\Users\carol\Desktop\UNIVERSIDAD\SID2\proyectoIntegradorSid\ProyectoSid2-losIlucionistas\src\main\java\co\icesi\UniPlan\service\AppUserService.java. Using fallback presentation compiler.
2026.05.31 12:55:01 WARN  no build target for: C:\Users\carol\Desktop\UNIVERSIDAD\SID2\proyectoIntegradorSid\ProyectoSid2-losIlucionistas\src\main\java\co\icesi\UniPlan\service\AppUserService.java
2026.05.31 12:55:01 INFO  no build target found for C:\Users\carol\Desktop\UNIVERSIDAD\SID2\proyectoIntegradorSid\ProyectoSid2-losIlucionistas\src\main\java\co\icesi\UniPlan\service\AppUserService.java. Using fallback presentation compiler.
2026.05.31 12:55:03 INFO  no build target found for C:\Users\carol\Desktop\UNIVERSIDAD\SID2\proyectoIntegradorSid\ProyectoSid2-losIlucionistas\src\main\java\co\icesi\UniPlan\service\AppUserService.java. Using fallback presentation compiler.
2026.05.31 12:55:03 INFO  no build target found for C:\Users\carol\Desktop\UNIVERSIDAD\SID2\proyectoIntegradorSid\ProyectoSid2-losIlucionistas\src\main\java\co\icesi\UniPlan\service\AppUserService.java. Using fallback presentation compiler.
2026.05.31 12:55:05 INFO  no build target found for C:\Users\carol\Desktop\UNIVERSIDAD\SID2\proyectoIntegradorSid\ProyectoSid2-losIlucionistas\src\main\java\co\icesi\UniPlan\service\AppUserService.java. Using fallback presentation compiler.
2026.05.31 12:55:05 INFO  no build target found for C:\Users\carol\Desktop\UNIVERSIDAD\SID2\proyectoIntegradorSid\ProyectoSid2-losIlucionistas\src\main\java\co\icesi\UniPlan\service\AppUserService.java. Using fallback presentation compiler.
2026.05.31 12:55:06 INFO  no build target found for C:\Users\carol\Desktop\UNIVERSIDAD\SID2\proyectoIntegradorSid\ProyectoSid2-losIlucionistas\src\main\java\co\icesi\UniPlan\service\AppUserService.java. Using fallback presentation compiler.
2026.05.31 12:55:06 INFO  no build target found for C:\Users\carol\Desktop\UNIVERSIDAD\SID2\proyectoIntegradorSid\ProyectoSid2-losIlucionistas\src\main\java\co\icesi\UniPlan\service\AppUserService.java. Using fallback presentation compiler.
2026.05.31 12:55:09 INFO  no build target found for C:\Users\carol\Desktop\UNIVERSIDAD\SID2\proyectoIntegradorSid\ProyectoSid2-losIlucionistas\src\main\java\co\icesi\UniPlan\service\AppUserService.java. Using fallback presentation compiler.
2026.05.31 12:55:09 INFO  no build target found for C:\Users\carol\Desktop\UNIVERSIDAD\SID2\proyectoIntegradorSid\ProyectoSid2-losIlucionistas\src\main\java\co\icesi\UniPlan\service\AppUserService.java. Using fallback presentation compiler.
2026.05.31 12:55:09 INFO  no build target found for C:\Users\carol\Desktop\UNIVERSIDAD\SID2\proyectoIntegradorSid\ProyectoSid2-losIlucionistas\src\main\java\co\icesi\UniPlan\service\AppUserService.java. Using fallback presentation compiler.
2026.05.31 12:55:09 INFO  no build target found for C:\Users\carol\Desktop\UNIVERSIDAD\SID2\proyectoIntegradorSid\ProyectoSid2-losIlucionistas\src\main\java\co\icesi\UniPlan\service\AppUserService.java. Using fallback presentation compiler.
may 31, 2026 12:55:09 P. M. org.eclipse.lsp4j.jsonrpc.RemoteEndpoint handleCancellation
WARNING: Unmatched cancel notification for request id 980
may 31, 2026 12:55:09 P. M. org.eclipse.lsp4j.jsonrpc.RemoteEndpoint handleCancellation
WARNING: Unmatched cancel notification for request id 981
2026.05.31 12:55:09 INFO  no build target found for C:\Users\carol\Desktop\UNIVERSIDAD\SID2\proyectoIntegradorSid\ProyectoSid2-losIlucionistas\src\main\java\co\icesi\UniPlan\service\AppUserService.java. Using fallback presentation compiler.
2026.05.31 12:55:10 WARN  no build target for: C:\Users\carol\Desktop\UNIVERSIDAD\SID2\proyectoIntegradorSid\ProyectoSid2-losIlucionistas\src\main\java\co\icesi\UniPlan\service\AppUserService.java
2026.05.31 12:55:10 INFO  no build target found for C:\Users\carol\Desktop\UNIVERSIDAD\SID2\proyectoIntegradorSid\ProyectoSid2-losIlucionistas\src\main\java\co\icesi\UniPlan\service\AppUserService.java. Using fallback presentation compiler.
2026.05.31 12:55:13 INFO  no build target found for C:\Users\carol\Desktop\UNIVERSIDAD\SID2\proyectoIntegradorSid\ProyectoSid2-losIlucionistas\src\main\java\co\icesi\UniPlan\service\AppUserService.java. Using fallback presentation compiler.
2026.05.31 12:55:46 INFO  no build target found for C:\Users\carol\Desktop\UNIVERSIDAD\SID2\proyectoIntegradorSid\ProyectoSid2-losIlucionistas\src\main\java\co\icesi\UniPlan\service\AppUserService.java. Using fallback presentation compiler.
2026.05.31 12:55:48 INFO  no build target found for C:\Users\carol\Desktop\UNIVERSIDAD\SID2\proyectoIntegradorSid\ProyectoSid2-losIlucionistas\src\main\java\co\icesi\UniPlan\service\AppUserService.java. Using fallback presentation compiler.
2026.05.31 12:55:50 INFO  no build target found for C:\Users\carol\Desktop\UNIVERSIDAD\SID2\proyectoIntegradorSid\ProyectoSid2-losIlucionistas\src\main\java\co\icesi\UniPlan\service\AppUserService.java. Using fallback presentation compiler.
2026.05.31 12:55:50 INFO  no build target found for C:\Users\carol\Desktop\UNIVERSIDAD\SID2\proyectoIntegradorSid\ProyectoSid2-losIlucionistas\src\main\java\co\icesi\UniPlan\service\AppUserService.java. Using fallback presentation compiler.
2026.05.31 12:55:50 INFO  no build target found for C:\Users\carol\Desktop\UNIVERSIDAD\SID2\proyectoIntegradorSid\ProyectoSid2-losIlucionistas\src\main\java\co\icesi\UniPlan\service\AppUserService.java. Using fallback presentation compiler.
2026.05.31 12:55:51 INFO  no build target found for C:\Users\carol\Desktop\UNIVERSIDAD\SID2\proyectoIntegradorSid\ProyectoSid2-losIlucionistas\src\main\java\co\icesi\UniPlan\service\AppUserService.java. Using fallback presentation compiler.
2026.05.31 12:57:33 INFO  no build target found for C:\Users\carol\Desktop\UNIVERSIDAD\SID2\proyectoIntegradorSid\ProyectoSid2-losIlucionistas\src\main\java\co\icesi\UniPlan\service\AppUserService.java. Using fallback presentation compiler.
2026.05.31 12:57:34 INFO  no build target found for C:\Users\carol\Desktop\UNIVERSIDAD\SID2\proyectoIntegradorSid\ProyectoSid2-losIlucionistas\src\main\java\co\icesi\UniPlan\service\AppUserService.java. Using fallback presentation compiler.
2026.05.31 12:57:34 INFO  no build target found for C:\Users\carol\Desktop\UNIVERSIDAD\SID2\proyectoIntegradorSid\ProyectoSid2-losIlucionistas\src\main\java\co\icesi\UniPlan\service\AppUserService.java. Using fallback presentation compiler.
2026.05.31 12:57:36 INFO  no build target found for C:\Users\carol\Desktop\UNIVERSIDAD\SID2\proyectoIntegradorSid\ProyectoSid2-losIlucionistas\src\main\java\co\icesi\UniPlan\service\AppUserService.java. Using fallback presentation compiler.
2026.05.31 12:57:36 INFO  no build target found for C:\Users\carol\Desktop\UNIVERSIDAD\SID2\proyectoIntegradorSid\ProyectoSid2-losIlucionistas\src\main\java\co\icesi\UniPlan\service\AppUserService.java. Using fallback presentation compiler.
2026.05.31 12:57:40 INFO  no build target found for C:\Users\carol\Desktop\UNIVERSIDAD\SID2\proyectoIntegradorSid\ProyectoSid2-losIlucionistas\src\main\java\co\icesi\UniPlan\service\AppUserService.java. Using fallback presentation compiler.
2026.05.31 12:57:40 INFO  no build target found for C:\Users\carol\Desktop\UNIVERSIDAD\SID2\proyectoIntegradorSid\ProyectoSid2-losIlucionistas\src\main\java\co\icesi\UniPlan\service\AppUserService.java. Using fallback presentation compiler.
may 31, 2026 12:57:41 P. M. org.eclipse.lsp4j.jsonrpc.RemoteEndpoint handleCancellation
WARNING: Unmatched cancel notification for request id 1009
may 31, 2026 12:57:41 P. M. org.eclipse.lsp4j.jsonrpc.RemoteEndpoint handleCancellation
WARNING: Unmatched cancel notification for request id 1011
may 31, 2026 12:57:41 P. M. org.eclipse.lsp4j.jsonrpc.RemoteEndpoint handleCancellation
WARNING: Unmatched cancel notification for request id 1010
2026.05.31 12:57:41 INFO  no build target found for C:\Users\carol\Desktop\UNIVERSIDAD\SID2\proyectoIntegradorSid\ProyectoSid2-losIlucionistas\src\main\java\co\icesi\UniPlan\service\AppUserService.java. Using fallback presentation compiler.
2026.05.31 12:57:41 INFO  no build target found for C:\Users\carol\Desktop\UNIVERSIDAD\SID2\proyectoIntegradorSid\ProyectoSid2-losIlucionistas\src\main\java\co\icesi\UniPlan\service\AppUserService.java. Using fallback presentation compiler.
may 31, 2026 12:57:42 P. M. org.eclipse.lsp4j.jsonrpc.RemoteEndpoint handleCancellation
WARNING: Unmatched cancel notification for request id 1012
may 31, 2026 12:57:42 P. M. org.eclipse.lsp4j.jsonrpc.RemoteEndpoint handleCancellation
WARNING: Unmatched cancel notification for request id 1013
may 31, 2026 12:57:42 P. M. org.eclipse.lsp4j.jsonrpc.RemoteEndpoint handleCancellation
WARNING: Unmatched cancel notification for request id 1014
2026.05.31 12:57:41 INFO  no build target found for C:\Users\carol\Desktop\UNIVERSIDAD\SID2\proyectoIntegradorSid\ProyectoSid2-losIlucionistas\src\main\java\co\icesi\UniPlan\service\AppUserService.java. Using fallback presentation compiler.
2026.05.31 12:57:41 INFO  no build target found for C:\Users\carol\Desktop\UNIVERSIDAD\SID2\proyectoIntegradorSid\ProyectoSid2-losIlucionistas\src\main\java\co\icesi\UniPlan\service\AppUserService.java. Using fallback presentation compiler.
may 31, 2026 12:57:42 P. M. org.eclipse.lsp4j.jsonrpc.RemoteEndpoint handleCancellation
WARNING: Unmatched cancel notification for request id 1016
2026.05.31 12:57:41 INFO  no build target found for C:\Users\carol\Desktop\UNIVERSIDAD\SID2\proyectoIntegradorSid\ProyectoSid2-losIlucionistas\src\main\java\co\icesi\UniPlan\service\AppUserService.java. Using fallback presentation compiler.
2026.05.31 12:57:42 INFO  no build target found for C:\Users\carol\Desktop\UNIVERSIDAD\SID2\proyectoIntegradorSid\ProyectoSid2-losIlucionistas\src\main\java\co\icesi\UniPlan\service\AppUserService.java. Using fallback presentation compiler.
2026.05.31 12:57:43 WARN  no build target for: C:\Users\carol\Desktop\UNIVERSIDAD\SID2\proyectoIntegradorSid\ProyectoSid2-losIlucionistas\src\main\java\co\icesi\UniPlan\service\AppUserService.java
2026.05.31 12:57:44 INFO  no build target found for C:\Users\carol\Desktop\UNIVERSIDAD\SID2\proyectoIntegradorSid\ProyectoSid2-losIlucionistas\src\main\java\co\icesi\UniPlan\service\AppUserService.java. Using fallback presentation compiler.
2026.05.31 12:57:46 INFO  no build target found for C:\Users\carol\Desktop\UNIVERSIDAD\SID2\proyectoIntegradorSid\ProyectoSid2-losIlucionistas\src\main\java\co\icesi\UniPlan\service\AppUserService.java. Using fallback presentation compiler.
2026.05.31 12:57:47 INFO  no build target found for C:\Users\carol\Desktop\UNIVERSIDAD\SID2\proyectoIntegradorSid\ProyectoSid2-losIlucionistas\src\main\java\co\icesi\UniPlan\service\AppUserService.java. Using fallback presentation compiler.
2026.05.31 12:57:47 INFO  no build target found for C:\Users\carol\Desktop\UNIVERSIDAD\SID2\proyectoIntegradorSid\ProyectoSid2-losIlucionistas\src\main\java\co\icesi\UniPlan\service\AppUserService.java. Using fallback presentation compiler.
2026.05.31 12:57:49 INFO  no build target found for C:\Users\carol\Desktop\UNIVERSIDAD\SID2\proyectoIntegradorSid\ProyectoSid2-losIlucionistas\src\main\java\co\icesi\UniPlan\service\AppUserService.java. Using fallback presentation compiler.
2026.05.31 12:57:49 INFO  no build target found for C:\Users\carol\Desktop\UNIVERSIDAD\SID2\proyectoIntegradorSid\ProyectoSid2-losIlucionistas\src\main\java\co\icesi\UniPlan\service\AppUserService.java. Using fallback presentation compiler.
2026.05.31 12:57:49 INFO  no build target found for C:\Users\carol\Desktop\UNIVERSIDAD\SID2\proyectoIntegradorSid\ProyectoSid2-losIlucionistas\src\main\java\co\icesi\UniPlan\service\AppUserService.java. Using fallback presentation compiler.
2026.05.31 12:57:49 INFO  no build target found for C:\Users\carol\Desktop\UNIVERSIDAD\SID2\proyectoIntegradorSid\ProyectoSid2-losIlucionistas\src\main\java\co\icesi\UniPlan\service\AppUserService.java. Using fallback presentation compiler.
2026.05.31 12:57:49 INFO  no build target found for C:\Users\carol\Desktop\UNIVERSIDAD\SID2\proyectoIntegradorSid\ProyectoSid2-losIlucionistas\src\main\java\co\icesi\UniPlan\service\AppUserService.java. Using fallback presentation compiler.
2026.05.31 12:57:49 WARN  no build target for: C:\Users\carol\Desktop\UNIVERSIDAD\SID2\proyectoIntegradorSid\ProyectoSid2-losIlucionistas\src\main\java\co\icesi\UniPlan\service\AppUserService.java
2026.05.31 12:57:49 INFO  no build target found for C:\Users\carol\Desktop\UNIVERSIDAD\SID2\proyectoIntegradorSid\ProyectoSid2-losIlucionistas\src\main\java\co\icesi\UniPlan\service\AppUserService.java. Using fallback presentation compiler.
2026.05.31 12:57:53 INFO  no build target found for C:\Users\carol\Desktop\UNIVERSIDAD\SID2\proyectoIntegradorSid\ProyectoSid2-losIlucionistas\src\main\java\co\icesi\UniPlan\service\AppUserService.java. Using fallback presentation compiler.
2026.05.31 12:57:53 INFO  no build target found for C:\Users\carol\Desktop\UNIVERSIDAD\SID2\proyectoIntegradorSid\ProyectoSid2-losIlucionistas\src\main\java\co\icesi\UniPlan\service\AppUserService.java. Using fallback presentation compiler.
2026.05.31 12:57:55 INFO  no build target found for C:\Users\carol\Desktop\UNIVERSIDAD\SID2\proyectoIntegradorSid\ProyectoSid2-losIlucionistas\src\main\java\co\icesi\UniPlan\service\AppUserService.java. Using fallback presentation compiler.
2026.05.31 12:57:55 INFO  no build target found for C:\Users\carol\Desktop\UNIVERSIDAD\SID2\proyectoIntegradorSid\ProyectoSid2-losIlucionistas\src\main\java\co\icesi\UniPlan\service\AppUserService.java. Using fallback presentation compiler.
may 31, 2026 12:57:58 P. M. org.eclipse.lsp4j.jsonrpc.RemoteEndpoint handleCancellation
WARNING: Unmatched cancel notification for request id 1052
may 31, 2026 12:57:58 P. M. org.eclipse.lsp4j.jsonrpc.RemoteEndpoint handleCancellation
WARNING: Unmatched cancel notification for request id 1053
2026.05.31 12:57:58 INFO  no build target found for C:\Users\carol\Desktop\UNIVERSIDAD\SID2\proyectoIntegradorSid\ProyectoSid2-losIlucionistas\src\main\java\co\icesi\UniPlan\service\AppUserService.java. Using fallback presentation compiler.
2026.05.31 12:58:06 INFO  no build target found for C:\Users\carol\Desktop\UNIVERSIDAD\SID2\proyectoIntegradorSid\ProyectoSid2-losIlucionistas\src\main\java\co\icesi\UniPlan\service\AppUserService.java. Using fallback presentation compiler.
2026.05.31 12:58:06 INFO  no build target found for C:\Users\carol\Desktop\UNIVERSIDAD\SID2\proyectoIntegradorSid\ProyectoSid2-losIlucionistas\src\main\java\co\icesi\UniPlan\service\AppUserService.java. Using fallback presentation compiler.
2026.05.31 12:58:07 INFO  no build target found for C:\Users\carol\Desktop\UNIVERSIDAD\SID2\proyectoIntegradorSid\ProyectoSid2-losIlucionistas\src\main\java\co\icesi\UniPlan\service\AppUserService.java. Using fallback presentation compiler.
2026.05.31 12:58:07 WARN  no build target for: C:\Users\carol\Desktop\UNIVERSIDAD\SID2\proyectoIntegradorSid\ProyectoSid2-losIlucionistas\src\main\java\co\icesi\UniPlan\service\AppUserService.java
2026.05.31 12:58:07 INFO  no build target found for C:\Users\carol\Desktop\UNIVERSIDAD\SID2\proyectoIntegradorSid\ProyectoSid2-losIlucionistas\src\main\java\co\icesi\UniPlan\service\AppUserService.java. Using fallback presentation compiler.
2026.05.31 12:58:11 INFO  no build target found for C:\Users\carol\Desktop\UNIVERSIDAD\SID2\proyectoIntegradorSid\ProyectoSid2-losIlucionistas\src\main\java\co\icesi\UniPlan\service\AppUserService.java. Using fallback presentation compiler.
2026.05.31 12:58:33 INFO  no build target found for C:\Users\carol\Desktop\UNIVERSIDAD\SID2\proyectoIntegradorSid\ProyectoSid2-losIlucionistas\src\main\java\co\icesi\UniPlan\service\AppUserService.java. Using fallback presentation compiler.
2026.05.31 12:58:34 INFO  no build target found for C:\Users\carol\Desktop\UNIVERSIDAD\SID2\proyectoIntegradorSid\ProyectoSid2-losIlucionistas\src\main\java\co\icesi\UniPlan\service\AppUserService.java. Using fallback presentation compiler.
2026.05.31 12:58:34 INFO  no build target found for C:\Users\carol\Desktop\UNIVERSIDAD\SID2\proyectoIntegradorSid\ProyectoSid2-losIlucionistas\src\main\java\co\icesi\UniPlan\service\AppUserService.java. Using fallback presentation compiler.
2026.05.31 12:58:39 INFO  no build target found for C:\Users\carol\Desktop\UNIVERSIDAD\SID2\proyectoIntegradorSid\ProyectoSid2-losIlucionistas\src\main\java\co\icesi\UniPlan\service\AppUserService.java. Using fallback presentation compiler.
2026.05.31 12:58:39 INFO  no build target found for C:\Users\carol\Desktop\UNIVERSIDAD\SID2\proyectoIntegradorSid\ProyectoSid2-losIlucionistas\src\main\java\co\icesi\UniPlan\service\AppUserService.java. Using fallback presentation compiler.
2026.05.31 12:58:40 INFO  no build target found for C:\Users\carol\Desktop\UNIVERSIDAD\SID2\proyectoIntegradorSid\ProyectoSid2-losIlucionistas\src\main\java\co\icesi\UniPlan\service\AppUserService.java. Using fallback presentation compiler.
2026.05.31 12:58:40 INFO  no build target found for C:\Users\carol\Desktop\UNIVERSIDAD\SID2\proyectoIntegradorSid\ProyectoSid2-losIlucionistas\src\main\java\co\icesi\UniPlan\service\AppUserService.java. Using fallback presentation compiler.
2026.05.31 12:58:40 INFO  no build target found for C:\Users\carol\Desktop\UNIVERSIDAD\SID2\proyectoIntegradorSid\ProyectoSid2-losIlucionistas\src\main\java\co\icesi\UniPlan\service\AppUserService.java. Using fallback presentation compiler.
2026.05.31 12:58:40 INFO  no build target found for C:\Users\carol\Desktop\UNIVERSIDAD\SID2\proyectoIntegradorSid\ProyectoSid2-losIlucionistas\src\main\java\co\icesi\UniPlan\service\AppUserService.java. Using fallback presentation compiler.
2026.05.31 12:58:41 INFO  no build target found for C:\Users\carol\Desktop\UNIVERSIDAD\SID2\proyectoIntegradorSid\ProyectoSid2-losIlucionistas\src\main\java\co\icesi\UniPlan\service\AppUserService.java. Using fallback presentation compiler.
2026.05.31 12:58:41 INFO  no build target found for C:\Users\carol\Desktop\UNIVERSIDAD\SID2\proyectoIntegradorSid\ProyectoSid2-losIlucionistas\src\main\java\co\icesi\UniPlan\service\AppUserService.java. Using fallback presentation compiler.
2026.05.31 12:58:42 WARN  no build target for: C:\Users\carol\Desktop\UNIVERSIDAD\SID2\proyectoIntegradorSid\ProyectoSid2-losIlucionistas\src\main\java\co\icesi\UniPlan\service\AppUserService.java
2026.05.31 12:58:41 INFO  no build target found for C:\Users\carol\Desktop\UNIVERSIDAD\SID2\proyectoIntegradorSid\ProyectoSid2-losIlucionistas\src\main\java\co\icesi\UniPlan\service\AppUserService.java. Using fallback presentation compiler.
2026.05.31 12:58:43 INFO  no build target found for C:\Users\carol\Desktop\UNIVERSIDAD\SID2\proyectoIntegradorSid\ProyectoSid2-losIlucionistas\src\main\java\co\icesi\UniPlan\service\AppUserService.java. Using fallback presentation compiler.
2026.05.31 12:58:43 INFO  no build target found for C:\Users\carol\Desktop\UNIVERSIDAD\SID2\proyectoIntegradorSid\ProyectoSid2-losIlucionistas\src\main\java\co\icesi\UniPlan\service\AppUserService.java. Using fallback presentation compiler.
may 31, 2026 12:58:44 P. M. org.eclipse.lsp4j.jsonrpc.RemoteEndpoint handleCancellation
WARNING: Unmatched cancel notification for request id 1108
2026.05.31 12:58:43 INFO  no build target found for C:\Users\carol\Desktop\UNIVERSIDAD\SID2\proyectoIntegradorSid\ProyectoSid2-losIlucionistas\src\main\java\co\icesi\UniPlan\service\AppUserService.java. Using fallback presentation compiler.
2026.05.31 12:58:43 INFO  no build target found for C:\Users\carol\Desktop\UNIVERSIDAD\SID2\proyectoIntegradorSid\ProyectoSid2-losIlucionistas\src\main\java\co\icesi\UniPlan\service\AppUserService.java. Using fallback presentation compiler.
2026.05.31 12:58:45 INFO  no build target found for C:\Users\carol\Desktop\UNIVERSIDAD\SID2\proyectoIntegradorSid\ProyectoSid2-losIlucionistas\src\main\java\co\icesi\UniPlan\service\AppUserService.java. Using fallback presentation compiler.
2026.05.31 12:58:45 INFO  no build target found for C:\Users\carol\Desktop\UNIVERSIDAD\SID2\proyectoIntegradorSid\ProyectoSid2-losIlucionistas\src\main\java\co\icesi\UniPlan\service\AppUserService.java. Using fallback presentation compiler.
2026.05.31 12:58:45 INFO  no build target found for C:\Users\carol\Desktop\UNIVERSIDAD\SID2\proyectoIntegradorSid\ProyectoSid2-losIlucionistas\src\main\java\co\icesi\UniPlan\service\AppUserService.java. Using fallback presentation compiler.
2026.05.31 12:58:46 WARN  no build target for: C:\Users\carol\Desktop\UNIVERSIDAD\SID2\proyectoIntegradorSid\ProyectoSid2-losIlucionistas\src\main\java\co\icesi\UniPlan\service\AppUserService.java
2026.05.31 12:58:46 INFO  no build target found for C:\Users\carol\Desktop\UNIVERSIDAD\SID2\proyectoIntegradorSid\ProyectoSid2-losIlucionistas\src\main\java\co\icesi\UniPlan\service\AppUserService.java. Using fallback presentation compiler.
2026.05.31 12:58:48 INFO  no build target found for C:\Users\carol\Desktop\UNIVERSIDAD\SID2\proyectoIntegradorSid\ProyectoSid2-losIlucionistas\src\main\java\co\icesi\UniPlan\service\AppUserService.java. Using fallback presentation compiler.
2026.05.31 12:58:48 INFO  no build target found for C:\Users\carol\Desktop\UNIVERSIDAD\SID2\proyectoIntegradorSid\ProyectoSid2-losIlucionistas\src\main\java\co\icesi\UniPlan\service\AppUserService.java. Using fallback presentation compiler.
2026.05.31 12:58:49 INFO  no build target found for C:\Users\carol\Desktop\UNIVERSIDAD\SID2\proyectoIntegradorSid\ProyectoSid2-losIlucionistas\src\main\java\co\icesi\UniPlan\service\AppUserService.java. Using fallback presentation compiler.
2026.05.31 12:58:49 INFO  no build target found for C:\Users\carol\Desktop\UNIVERSIDAD\SID2\proyectoIntegradorSid\ProyectoSid2-losIlucionistas\src\main\java\co\icesi\UniPlan\service\AppUserService.java. Using fallback presentation compiler.
2026.05.31 12:58:49 INFO  no build target found for C:\Users\carol\Desktop\UNIVERSIDAD\SID2\proyectoIntegradorSid\ProyectoSid2-losIlucionistas\src\main\java\co\icesi\UniPlan\service\AppUserService.java. Using fallback presentation compiler.
2026.05.31 12:58:50 WARN  no build target for: C:\Users\carol\Desktop\UNIVERSIDAD\SID2\proyectoIntegradorSid\ProyectoSid2-losIlucionistas\src\main\java\co\icesi\UniPlan\service\AppUserService.java
2026.05.31 12:58:50 INFO  no build target found for C:\Users\carol\Desktop\UNIVERSIDAD\SID2\proyectoIntegradorSid\ProyectoSid2-losIlucionistas\src\main\java\co\icesi\UniPlan\service\AppUserService.java. Using fallback presentation compiler.
2026.05.31 12:59:21 INFO  no build target found for C:\Users\carol\Desktop\UNIVERSIDAD\SID2\proyectoIntegradorSid\ProyectoSid2-losIlucionistas\src\main\java\co\icesi\UniPlan\service\AppUserService.java. Using fallback presentation compiler.
2026.05.31 12:59:21 INFO  no build target found for C:\Users\carol\Desktop\UNIVERSIDAD\SID2\proyectoIntegradorSid\ProyectoSid2-losIlucionistas\src\main\java\co\icesi\UniPlan\service\AppUserService.java. Using fallback presentation compiler.
2026.05.31 12:59:22 INFO  no build target found for C:\Users\carol\Desktop\UNIVERSIDAD\SID2\proyectoIntegradorSid\ProyectoSid2-losIlucionistas\src\main\java\co\icesi\UniPlan\service\AppUserService.java. Using fallback presentation compiler.
2026.05.31 12:59:22 INFO  no build target found for C:\Users\carol\Desktop\UNIVERSIDAD\SID2\proyectoIntegradorSid\ProyectoSid2-losIlucionistas\src\main\java\co\icesi\UniPlan\service\AppUserService.java. Using fallback presentation compiler.
2026.05.31 12:59:23 INFO  no build target found for C:\Users\carol\Desktop\UNIVERSIDAD\SID2\proyectoIntegradorSid\ProyectoSid2-losIlucionistas\src\main\java\co\icesi\UniPlan\service\AppUserService.java. Using fallback presentation compiler.
2026.05.31 12:59:23 INFO  no build target found for C:\Users\carol\Desktop\UNIVERSIDAD\SID2\proyectoIntegradorSid\ProyectoSid2-losIlucionistas\src\main\java\co\icesi\UniPlan\service\AppUserService.java. Using fallback presentation compiler.
2026.05.31 12:59:24 INFO  no build target found for C:\Users\carol\Desktop\UNIVERSIDAD\SID2\proyectoIntegradorSid\ProyectoSid2-losIlucionistas\src\main\java\co\icesi\UniPlan\service\AppUserService.java. Using fallback presentation compiler.
2026.05.31 12:59:24 INFO  no build target found for C:\Users\carol\Desktop\UNIVERSIDAD\SID2\proyectoIntegradorSid\ProyectoSid2-losIlucionistas\src\main\java\co\icesi\UniPlan\service\AppUserService.java. Using fallback presentation compiler.
2026.05.31 12:59:24 INFO  no build target found for C:\Users\carol\Desktop\UNIVERSIDAD\SID2\proyectoIntegradorSid\ProyectoSid2-losIlucionistas\src\main\java\co\icesi\UniPlan\service\AppUserService.java. Using fallback presentation compiler.
2026.05.31 12:59:24 INFO  no build target found for C:\Users\carol\Desktop\UNIVERSIDAD\SID2\proyectoIntegradorSid\ProyectoSid2-losIlucionistas\src\main\java\co\icesi\UniPlan\service\AppUserService.java. Using fallback presentation compiler.
2026.05.31 12:59:25 INFO  no build target found for C:\Users\carol\Desktop\UNIVERSIDAD\SID2\proyectoIntegradorSid\ProyectoSid2-losIlucionistas\src\main\java\co\icesi\UniPlan\service\AppUserService.java. Using fallback presentation compiler.
2026.05.31 12:59:25 INFO  no build target found for C:\Users\carol\Desktop\UNIVERSIDAD\SID2\proyectoIntegradorSid\ProyectoSid2-losIlucionistas\src\main\java\co\icesi\UniPlan\service\AppUserService.java. Using fallback presentation compiler.
2026.05.31 12:59:25 INFO  no build target found for C:\Users\carol\Desktop\UNIVERSIDAD\SID2\proyectoIntegradorSid\ProyectoSid2-losIlucionistas\src\main\java\co\icesi\UniPlan\service\AppUserService.java. Using fallback presentation compiler.
2026.05.31 12:59:26 WARN  no build target for: C:\Users\carol\Desktop\UNIVERSIDAD\SID2\proyectoIntegradorSid\ProyectoSid2-losIlucionistas\src\main\java\co\icesi\UniPlan\service\AppUserService.java
2026.05.31 12:59:26 INFO  no build target found for C:\Users\carol\Desktop\UNIVERSIDAD\SID2\proyectoIntegradorSid\ProyectoSid2-losIlucionistas\src\main\java\co\icesi\UniPlan\service\AppUserService.java. Using fallback presentation compiler.
2026.05.31 12:59:27 INFO  no build target found for C:\Users\carol\Desktop\UNIVERSIDAD\SID2\proyectoIntegradorSid\ProyectoSid2-losIlucionistas\src\main\java\co\icesi\UniPlan\service\AppUserService.java. Using fallback presentation compiler.
2026.05.31 12:59:27 INFO  no build target found for C:\Users\carol\Desktop\UNIVERSIDAD\SID2\proyectoIntegradorSid\ProyectoSid2-losIlucionistas\src\main\java\co\icesi\UniPlan\service\AppUserService.java. Using fallback presentation compiler.
2026.05.31 12:59:28 INFO  no build target found for C:\Users\carol\Desktop\UNIVERSIDAD\SID2\proyectoIntegradorSid\ProyectoSid2-losIlucionistas\src\main\java\co\icesi\UniPlan\service\AppUserService.java. Using fallback presentation compiler.
2026.05.31 12:59:28 INFO  no build target found for C:\Users\carol\Desktop\UNIVERSIDAD\SID2\proyectoIntegradorSid\ProyectoSid2-losIlucionistas\src\main\java\co\icesi\UniPlan\service\AppUserService.java. Using fallback presentation compiler.
2026.05.31 12:59:28 INFO  no build target found for C:\Users\carol\Desktop\UNIVERSIDAD\SID2\proyectoIntegradorSid\ProyectoSid2-losIlucionistas\src\main\java\co\icesi\UniPlan\service\AppUserService.java. Using fallback presentation compiler.
2026.05.31 12:59:30 INFO  no build target found for C:\Users\carol\Desktop\UNIVERSIDAD\SID2\proyectoIntegradorSid\ProyectoSid2-losIlucionistas\src\main\java\co\icesi\UniPlan\service\AppUserService.java. Using fallback presentation compiler.
2026.05.31 12:59:30 INFO  no build target found for C:\Users\carol\Desktop\UNIVERSIDAD\SID2\proyectoIntegradorSid\ProyectoSid2-losIlucionistas\src\main\java\co\icesi\UniPlan\service\AppUserService.java. Using fallback presentation compiler.
2026.05.31 12:59:30 INFO  no build target found for C:\Users\carol\Desktop\UNIVERSIDAD\SID2\proyectoIntegradorSid\ProyectoSid2-losIlucionistas\src\main\java\co\icesi\UniPlan\service\AppUserService.java. Using fallback presentation compiler.
2026.05.31 12:59:30 INFO  no build target found for C:\Users\carol\Desktop\UNIVERSIDAD\SID2\proyectoIntegradorSid\ProyectoSid2-losIlucionistas\src\main\java\co\icesi\UniPlan\service\AppUserService.java. Using fallback presentation compiler.
2026.05.31 12:59:30 INFO  no build target found for C:\Users\carol\Desktop\UNIVERSIDAD\SID2\proyectoIntegradorSid\ProyectoSid2-losIlucionistas\src\main\java\co\icesi\UniPlan\service\AppUserService.java. Using fallback presentation compiler.
2026.05.31 12:59:31 INFO  no build target found for C:\Users\carol\Desktop\UNIVERSIDAD\SID2\proyectoIntegradorSid\ProyectoSid2-losIlucionistas\src\main\java\co\icesi\UniPlan\service\AppUserService.java. Using fallback presentation compiler.
2026.05.31 12:59:31 WARN  no build target for: C:\Users\carol\Desktop\UNIVERSIDAD\SID2\proyectoIntegradorSid\ProyectoSid2-losIlucionistas\src\main\java\co\icesi\UniPlan\service\AppUserService.java
2026.05.31 12:59:31 INFO  no build target found for C:\Users\carol\Desktop\UNIVERSIDAD\SID2\proyectoIntegradorSid\ProyectoSid2-losIlucionistas\src\main\java\co\icesi\UniPlan\service\AppUserService.java. Using fallback presentation compiler.
2026.05.31 12:59:32 INFO  no build target found for C:\Users\carol\Desktop\UNIVERSIDAD\SID2\proyectoIntegradorSid\ProyectoSid2-losIlucionistas\src\main\java\co\icesi\UniPlan\service\AppUserService.java. Using fallback presentation compiler.
2026.05.31 12:59:32 INFO  no build target found for C:\Users\carol\Desktop\UNIVERSIDAD\SID2\proyectoIntegradorSid\ProyectoSid2-losIlucionistas\src\main\java\co\icesi\UniPlan\service\AppUserService.java. Using fallback presentation compiler.
2026.05.31 12:59:32 INFO  no build target found for C:\Users\carol\Desktop\UNIVERSIDAD\SID2\proyectoIntegradorSid\ProyectoSid2-losIlucionistas\src\main\java\co\icesi\UniPlan\service\AppUserService.java. Using fallback presentation compiler.
2026.05.31 12:59:33 INFO  no build target found for C:\Users\carol\Desktop\UNIVERSIDAD\SID2\proyectoIntegradorSid\ProyectoSid2-losIlucionistas\src\main\java\co\icesi\UniPlan\service\AppUserService.java. Using fallback presentation compiler.
2026.05.31 12:59:33 INFO  no build target found for C:\Users\carol\Desktop\UNIVERSIDAD\SID2\proyectoIntegradorSid\ProyectoSid2-losIlucionistas\src\main\java\co\icesi\UniPlan\service\AppUserService.java. Using fallback presentation compiler.
2026.05.31 12:59:33 INFO  no build target found for C:\Users\carol\Desktop\UNIVERSIDAD\SID2\proyectoIntegradorSid\ProyectoSid2-losIlucionistas\src\main\java\co\icesi\UniPlan\service\AppUserService.java. Using fallback presentation compiler.
2026.05.31 12:59:34 INFO  no build target found for C:\Users\carol\Desktop\UNIVERSIDAD\SID2\proyectoIntegradorSid\ProyectoSid2-losIlucionistas\src\main\java\co\icesi\UniPlan\service\AppUserService.java. Using fallback presentation compiler.
2026.05.31 12:59:34 INFO  no build target found for C:\Users\carol\Desktop\UNIVERSIDAD\SID2\proyectoIntegradorSid\ProyectoSid2-losIlucionistas\src\main\java\co\icesi\UniPlan\service\AppUserService.java. Using fallback presentation compiler.
2026.05.31 12:59:35 INFO  no build target found for C:\Users\carol\Desktop\UNIVERSIDAD\SID2\proyectoIntegradorSid\ProyectoSid2-losIlucionistas\src\main\java\co\icesi\UniPlan\service\AppUserService.java. Using fallback presentation compiler.
2026.05.31 12:59:35 INFO  no build target found for C:\Users\carol\Desktop\UNIVERSIDAD\SID2\proyectoIntegradorSid\ProyectoSid2-losIlucionistas\src\main\java\co\icesi\UniPlan\service\AppUserService.java. Using fallback presentation compiler.
2026.05.31 12:59:35 INFO  no build target found for C:\Users\carol\Desktop\UNIVERSIDAD\SID2\proyectoIntegradorSid\ProyectoSid2-losIlucionistas\src\main\java\co\icesi\UniPlan\service\AppUserService.java. Using fallback presentation compiler.
2026.05.31 12:59:37 INFO  no build target found for C:\Users\carol\Desktop\UNIVERSIDAD\SID2\proyectoIntegradorSid\ProyectoSid2-losIlucionistas\src\main\java\co\icesi\UniPlan\service\AppUserService.java. Using fallback presentation compiler.
2026.05.31 12:59:37 INFO  no build target found for C:\Users\carol\Desktop\UNIVERSIDAD\SID2\proyectoIntegradorSid\ProyectoSid2-losIlucionistas\src\main\java\co\icesi\UniPlan\service\AppUserService.java. Using fallback presentation compiler.
2026.05.31 12:59:37 INFO  no build target found for C:\Users\carol\Desktop\UNIVERSIDAD\SID2\proyectoIntegradorSid\ProyectoSid2-losIlucionistas\src\main\java\co\icesi\UniPlan\service\AppUserService.java. Using fallback presentation compiler.
2026.05.31 12:59:37 INFO  no build target found for C:\Users\carol\Desktop\UNIVERSIDAD\SID2\proyectoIntegradorSid\ProyectoSid2-losIlucionistas\src\main\java\co\icesi\UniPlan\service\AppUserService.java. Using fallback presentation compiler.
2026.05.31 12:59:38 WARN  no build target for: C:\Users\carol\Desktop\UNIVERSIDAD\SID2\proyectoIntegradorSid\ProyectoSid2-losIlucionistas\src\main\java\co\icesi\UniPlan\service\AppUserService.java
2026.05.31 12:59:38 INFO  no build target found for C:\Users\carol\Desktop\UNIVERSIDAD\SID2\proyectoIntegradorSid\ProyectoSid2-losIlucionistas\src\main\java\co\icesi\UniPlan\service\AppUserService.java. Using fallback presentation compiler.
2026.05.31 12:59:41 INFO  no build target found for C:\Users\carol\Desktop\UNIVERSIDAD\SID2\proyectoIntegradorSid\ProyectoSid2-losIlucionistas\src\main\java\co\icesi\UniPlan\service\AppUserService.java. Using fallback presentation compiler.
2026.05.31 12:59:46 INFO  no build target found for C:\Users\carol\Desktop\UNIVERSIDAD\SID2\proyectoIntegradorSid\ProyectoSid2-losIlucionistas\src\main\java\co\icesi\UniPlan\service\AppUserService.java. Using fallback presentation compiler.
2026.05.31 12:59:46 INFO  no build target found for C:\Users\carol\Desktop\UNIVERSIDAD\SID2\proyectoIntegradorSid\ProyectoSid2-losIlucionistas\src\main\java\co\icesi\UniPlan\service\AppUserService.java. Using fallback presentation compiler.
may 31, 2026 12:59:46 P. M. org.eclipse.lsp4j.jsonrpc.RemoteEndpoint handleCancellation
WARNING: Unmatched cancel notification for request id 1211
2026.05.31 12:59:48 INFO  no build target found for C:\Users\carol\Desktop\UNIVERSIDAD\SID2\proyectoIntegradorSid\ProyectoSid2-losIlucionistas\src\main\java\co\icesi\UniPlan\service\AppUserService.java. Using fallback presentation compiler.
2026.05.31 12:59:51 INFO  no build target found for C:\Users\carol\Desktop\UNIVERSIDAD\SID2\proyectoIntegradorSid\ProyectoSid2-losIlucionistas\src\main\java\co\icesi\UniPlan\service\AppUserService.java. Using fallback presentation compiler.
2026.05.31 12:59:51 INFO  no build target found for C:\Users\carol\Desktop\UNIVERSIDAD\SID2\proyectoIntegradorSid\ProyectoSid2-losIlucionistas\src\main\java\co\icesi\UniPlan\service\AppUserService.java. Using fallback presentation compiler.
2026.05.31 12:59:52 INFO  no build target found for C:\Users\carol\Desktop\UNIVERSIDAD\SID2\proyectoIntegradorSid\ProyectoSid2-losIlucionistas\src\main\java\co\icesi\UniPlan\service\AppUserService.java. Using fallback presentation compiler.
2026.05.31 12:59:52 INFO  no build target found for C:\Users\carol\Desktop\UNIVERSIDAD\SID2\proyectoIntegradorSid\ProyectoSid2-losIlucionistas\src\main\java\co\icesi\UniPlan\service\AppUserService.java. Using fallback presentation compiler.
2026.05.31 12:59:52 INFO  no build target found for C:\Users\carol\Desktop\UNIVERSIDAD\SID2\proyectoIntegradorSid\ProyectoSid2-losIlucionistas\src\main\java\co\icesi\UniPlan\service\AppUserService.java. Using fallback presentation compiler.
2026.05.31 12:59:53 INFO  no build target found for C:\Users\carol\Desktop\UNIVERSIDAD\SID2\proyectoIntegradorSid\ProyectoSid2-losIlucionistas\src\main\java\co\icesi\UniPlan\service\AppUserService.java. Using fallback presentation compiler.
2026.05.31 12:59:53 INFO  no build target found for C:\Users\carol\Desktop\UNIVERSIDAD\SID2\proyectoIntegradorSid\ProyectoSid2-losIlucionistas\src\main\java\co\icesi\UniPlan\service\AppUserService.java. Using fallback presentation compiler.
2026.05.31 12:59:53 INFO  no build target found for C:\Users\carol\Desktop\UNIVERSIDAD\SID2\proyectoIntegradorSid\ProyectoSid2-losIlucionistas\src\main\java\co\icesi\UniPlan\service\AppUserService.java. Using fallback presentation compiler.
2026.05.31 12:59:53 INFO  no build target found for C:\Users\carol\Desktop\UNIVERSIDAD\SID2\proyectoIntegradorSid\ProyectoSid2-losIlucionistas\src\main\java\co\icesi\UniPlan\service\AppUserService.java. Using fallback presentation compiler.
2026.05.31 12:59:54 WARN  no build target for: C:\Users\carol\Desktop\UNIVERSIDAD\SID2\proyectoIntegradorSid\ProyectoSid2-losIlucionistas\src\main\java\co\icesi\UniPlan\service\AppUserService.java
2026.05.31 12:59:54 INFO  no build target found for C:\Users\carol\Desktop\UNIVERSIDAD\SID2\proyectoIntegradorSid\ProyectoSid2-losIlucionistas\src\main\java\co\icesi\UniPlan\service\AppUserService.java. Using fallback presentation compiler.
2026.05.31 12:59:55 INFO  no build target found for C:\Users\carol\Desktop\UNIVERSIDAD\SID2\proyectoIntegradorSid\ProyectoSid2-losIlucionistas\src\main\java\co\icesi\UniPlan\service\AppUserService.java. Using fallback presentation compiler.
2026.05.31 12:59:55 INFO  no build target found for C:\Users\carol\Desktop\UNIVERSIDAD\SID2\proyectoIntegradorSid\ProyectoSid2-losIlucionistas\src\main\java\co\icesi\UniPlan\service\AppUserService.java. Using fallback presentation compiler.
2026.05.31 12:59:55 INFO  no build target found for C:\Users\carol\Desktop\UNIVERSIDAD\SID2\proyectoIntegradorSid\ProyectoSid2-losIlucionistas\src\main\java\co\icesi\UniPlan\service\AppUserService.java. Using fallback presentation compiler.
2026.05.31 12:59:56 INFO  no build target found for C:\Users\carol\Desktop\UNIVERSIDAD\SID2\proyectoIntegradorSid\ProyectoSid2-losIlucionistas\src\main\java\co\icesi\UniPlan\service\AppUserService.java. Using fallback presentation compiler.
2026.05.31 12:59:56 INFO  no build target found for C:\Users\carol\Desktop\UNIVERSIDAD\SID2\proyectoIntegradorSid\ProyectoSid2-losIlucionistas\src\main\java\co\icesi\UniPlan\service\AppUserService.java. Using fallback presentation compiler.
2026.05.31 12:59:59 INFO  no build target found for C:\Users\carol\Desktop\UNIVERSIDAD\SID2\proyectoIntegradorSid\ProyectoSid2-losIlucionistas\src\main\java\co\icesi\UniPlan\service\AppUserService.java. Using fallback presentation compiler.
2026.05.31 12:59:59 INFO  no build target found for C:\Users\carol\Desktop\UNIVERSIDAD\SID2\proyectoIntegradorSid\ProyectoSid2-losIlucionistas\src\main\java\co\icesi\UniPlan\service\AppUserService.java. Using fallback presentation compiler.
2026.05.31 13:00:00 WARN  no build target for: C:\Users\carol\Desktop\UNIVERSIDAD\SID2\proyectoIntegradorSid\ProyectoSid2-losIlucionistas\src\main\java\co\icesi\UniPlan\service\AppUserService.java
2026.05.31 13:00:00 INFO  no build target found for C:\Users\carol\Desktop\UNIVERSIDAD\SID2\proyectoIntegradorSid\ProyectoSid2-losIlucionistas\src\main\java\co\icesi\UniPlan\service\AppUserService.java. Using fallback presentation compiler.
2026.05.31 13:00:05 INFO  no build target found for C:\Users\carol\Desktop\UNIVERSIDAD\SID2\proyectoIntegradorSid\ProyectoSid2-losIlucionistas\src\main\java\co\icesi\UniPlan\service\AppUserService.java. Using fallback presentation compiler.
2026.05.31 13:00:05 INFO  no build target found for C:\Users\carol\Desktop\UNIVERSIDAD\SID2\proyectoIntegradorSid\ProyectoSid2-losIlucionistas\src\main\java\co\icesi\UniPlan\service\AppUserService.java. Using fallback presentation compiler.
2026.05.31 13:00:05 INFO  no build target found for C:\Users\carol\Desktop\UNIVERSIDAD\SID2\proyectoIntegradorSid\ProyectoSid2-losIlucionistas\src\main\java\co\icesi\UniPlan\service\AppUserService.java. Using fallback presentation compiler.
2026.05.31 13:00:06 WARN  no build target for: C:\Users\carol\Desktop\UNIVERSIDAD\SID2\proyectoIntegradorSid\ProyectoSid2-losIlucionistas\src\main\java\co\icesi\UniPlan\service\AppUserService.java
2026.05.31 13:00:09 INFO  no build target found for C:\Users\carol\Desktop\UNIVERSIDAD\SID2\proyectoIntegradorSid\ProyectoSid2-losIlucionistas\src\main\java\co\icesi\UniPlan\service\AppUserService.java. Using fallback presentation compiler.
2026.05.31 13:00:09 INFO  no build target found for C:\Users\carol\Desktop\UNIVERSIDAD\SID2\proyectoIntegradorSid\ProyectoSid2-losIlucionistas\src\main\java\co\icesi\UniPlan\service\AppUserService.java. Using fallback presentation compiler.
2026.05.31 13:00:09 INFO  no build target found for C:\Users\carol\Desktop\UNIVERSIDAD\SID2\proyectoIntegradorSid\ProyectoSid2-losIlucionistas\src\main\java\co\icesi\UniPlan\service\AppUserService.java. Using fallback presentation compiler.
may 31, 2026 1:00:09 P. M. org.eclipse.lsp4j.jsonrpc.RemoteEndpoint handleCancellation
WARNING: Unmatched cancel notification for request id 1270
may 31, 2026 1:00:09 P. M. org.eclipse.lsp4j.jsonrpc.RemoteEndpoint handleCancellation
WARNING: Unmatched cancel notification for request id 1268
2026.05.31 13:00:09 INFO  no build target found for C:\Users\carol\Desktop\UNIVERSIDAD\SID2\proyectoIntegradorSid\ProyectoSid2-losIlucionistas\src\main\java\co\icesi\UniPlan\service\AppUserService.java. Using fallback presentation compiler.
2026.05.31 13:00:09 INFO  no build target found for C:\Users\carol\Desktop\UNIVERSIDAD\SID2\proyectoIntegradorSid\ProyectoSid2-losIlucionistas\src\main\java\co\icesi\UniPlan\service\AppUserService.java. Using fallback presentation compiler.
may 31, 2026 1:00:09 P. M. org.eclipse.lsp4j.jsonrpc.RemoteEndpoint handleCancellation
WARNING: Unmatched cancel notification for request id 1271
may 31, 2026 1:00:09 P. M. org.eclipse.lsp4j.jsonrpc.RemoteEndpoint handleCancellation
WARNING: Unmatched cancel notification for request id 1272
2026.05.31 13:00:09 INFO  no build target found for C:\Users\carol\Desktop\UNIVERSIDAD\SID2\proyectoIntegradorSid\ProyectoSid2-losIlucionistas\src\main\java\co\icesi\UniPlan\service\AppUserService.java. Using fallback presentation compiler.
may 31, 2026 1:00:09 P. M. org.eclipse.lsp4j.jsonrpc.RemoteEndpoint handleCancellation
WARNING: Unmatched cancel notification for request id 1276
may 31, 2026 1:00:09 P. M. org.eclipse.lsp4j.jsonrpc.RemoteEndpoint handleCancellation
WARNING: Unmatched cancel notification for request id 1277
2026.05.31 13:00:09 INFO  no build target found for C:\Users\carol\Desktop\UNIVERSIDAD\SID2\proyectoIntegradorSid\ProyectoSid2-losIlucionistas\src\main\java\co\icesi\UniPlan\service\AppUserService.java. Using fallback presentation compiler.
may 31, 2026 1:00:09 P. M. org.eclipse.lsp4j.jsonrpc.RemoteEndpoint handleCancellation
WARNING: Unmatched cancel notification for request id 1282
2026.05.31 13:00:09 INFO  no build target found for C:\Users\carol\Desktop\UNIVERSIDAD\SID2\proyectoIntegradorSid\ProyectoSid2-losIlucionistas\src\main\java\co\icesi\UniPlan\service\AppUserService.java. Using fallback presentation compiler.
2026.05.31 13:00:09 INFO  no build target found for C:\Users\carol\Desktop\UNIVERSIDAD\SID2\proyectoIntegradorSid\ProyectoSid2-losIlucionistas\src\main\java\co\icesi\UniPlan\service\AppUserService.java. Using fallback presentation compiler.
2026.05.31 13:00:10 WARN  no build target for: C:\Users\carol\Desktop\UNIVERSIDAD\SID2\proyectoIntegradorSid\ProyectoSid2-losIlucionistas\src\main\java\co\icesi\UniPlan\service\AppUserService.java
2026.05.31 13:00:11 INFO  no build target found for C:\Users\carol\Desktop\UNIVERSIDAD\SID2\proyectoIntegradorSid\ProyectoSid2-losIlucionistas\src\main\java\co\icesi\UniPlan\service\AppUserService.java. Using fallback presentation compiler.
2026.05.31 13:00:13 INFO  no build target found for C:\Users\carol\Desktop\UNIVERSIDAD\SID2\proyectoIntegradorSid\ProyectoSid2-losIlucionistas\src\main\java\co\icesi\UniPlan\service\AppUserService.java. Using fallback presentation compiler.
2026.05.31 13:00:21 INFO  no build target found for C:\Users\carol\Desktop\UNIVERSIDAD\SID2\proyectoIntegradorSid\ProyectoSid2-losIlucionistas\src\main\java\co\icesi\UniPlan\service\AppUserService.java. Using fallback presentation compiler.
2026.05.31 13:00:24 INFO  no build target found for C:\Users\carol\Desktop\UNIVERSIDAD\SID2\proyectoIntegradorSid\ProyectoSid2-losIlucionistas\src\main\java\co\icesi\UniPlan\controller\LoginController.java. Using fallback presentation compiler.
2026.05.31 13:00:24 INFO  no build target found for C:\Users\carol\Desktop\UNIVERSIDAD\SID2\proyectoIntegradorSid\ProyectoSid2-losIlucionistas\src\main\java\co\icesi\UniPlan\controller\LoginController.java. Using fallback presentation compiler.
2026.05.31 13:00:24 INFO  no build target found for C:\Users\carol\Desktop\UNIVERSIDAD\SID2\proyectoIntegradorSid\ProyectoSid2-losIlucionistas\src\main\java\co\icesi\UniPlan\controller\LoginController.java. Using fallback presentation compiler.
2026.05.31 13:00:27 INFO  no build target found for C:\Users\carol\Desktop\UNIVERSIDAD\SID2\proyectoIntegradorSid\ProyectoSid2-losIlucionistas\src\main\java\co\icesi\UniPlan\controller\LoginController.java. Using fallback presentation compiler.
2026.05.31 13:00:29 INFO  no build target found for C:\Users\carol\Desktop\UNIVERSIDAD\SID2\proyectoIntegradorSid\ProyectoSid2-losIlucionistas\src\main\java\co\icesi\UniPlan\controller\LoginController.java. Using fallback presentation compiler.
2026.05.31 13:00:31 INFO  no build target found for C:\Users\carol\Desktop\UNIVERSIDAD\SID2\proyectoIntegradorSid\ProyectoSid2-losIlucionistas\src\main\java\co\icesi\UniPlan\controller\LoginController.java. Using fallback presentation compiler.
2026.05.31 13:00:31 INFO  no build target found for C:\Users\carol\Desktop\UNIVERSIDAD\SID2\proyectoIntegradorSid\ProyectoSid2-losIlucionistas\src\main\java\co\icesi\UniPlan\controller\LoginController.java. Using fallback presentation compiler.
2026.05.31 13:00:35 INFO  no build target found for C:\Users\carol\Desktop\UNIVERSIDAD\SID2\proyectoIntegradorSid\ProyectoSid2-losIlucionistas\src\main\java\co\icesi\UniPlan\controller\LoginController.java. Using fallback presentation compiler.
2026.05.31 13:01:22 INFO  no build target found for C:\Users\carol\Desktop\UNIVERSIDAD\SID2\proyectoIntegradorSid\ProyectoSid2-losIlucionistas\src\main\java\co\icesi\UniPlan\controller\LoginController.java. Using fallback presentation compiler.
2026.05.31 13:01:22 INFO  no build target found for C:\Users\carol\Desktop\UNIVERSIDAD\SID2\proyectoIntegradorSid\ProyectoSid2-losIlucionistas\src\main\java\co\icesi\UniPlan\controller\LoginController.java. Using fallback presentation compiler.
2026.05.31 13:01:23 WARN  no build target for: C:\Users\carol\Desktop\UNIVERSIDAD\SID2\proyectoIntegradorSid\ProyectoSid2-losIlucionistas\src\main\java\co\icesi\UniPlan\controller\LoginController.java
2026.05.31 13:01:23 INFO  no build target found for C:\Users\carol\Desktop\UNIVERSIDAD\SID2\proyectoIntegradorSid\ProyectoSid2-losIlucionistas\src\main\java\co\icesi\UniPlan\controller\LoginController.java. Using fallback presentation compiler.
2026.05.31 13:01:24 INFO  no build target found for C:\Users\carol\Desktop\UNIVERSIDAD\SID2\proyectoIntegradorSid\ProyectoSid2-losIlucionistas\src\main\java\co\icesi\UniPlan\controller\LoginController.java. Using fallback presentation compiler.
2026.05.31 13:01:29 WARN  no build target for: C:\Users\carol\Desktop\UNIVERSIDAD\SID2\proyectoIntegradorSid\ProyectoSid2-losIlucionistas\src\main\java\co\icesi\UniPlan\controller\LoginController.java
2026.05.31 13:01:29 INFO  no build target found for C:\Users\carol\Desktop\UNIVERSIDAD\SID2\proyectoIntegradorSid\ProyectoSid2-losIlucionistas\src\main\java\co\icesi\UniPlan\controller\LoginController.java. Using fallback presentation compiler.
2026.05.31 13:01:43 INFO  no build target found for C:\Users\carol\Desktop\UNIVERSIDAD\SID2\proyectoIntegradorSid\ProyectoSid2-losIlucionistas\src\main\java\co\icesi\UniPlan\controller\LoginController.java. Using fallback presentation compiler.
2026.05.31 13:01:44 INFO  no build target found for C:\Users\carol\Desktop\UNIVERSIDAD\SID2\proyectoIntegradorSid\ProyectoSid2-losIlucionistas\src\main\java\co\icesi\UniPlan\controller\LoginController.java. Using fallback presentation compiler.
2026.05.31 13:01:47 INFO  no build target found for C:\Users\carol\Desktop\UNIVERSIDAD\SID2\proyectoIntegradorSid\ProyectoSid2-losIlucionistas\src\main\java\co\icesi\UniPlan\controller\LoginController.java. Using fallback presentation compiler.
2026.05.31 13:01:47 INFO  no build target found for C:\Users\carol\Desktop\UNIVERSIDAD\SID2\proyectoIntegradorSid\ProyectoSid2-losIlucionistas\src\main\java\co\icesi\UniPlan\controller\LoginController.java. Using fallback presentation compiler.
2026.05.31 13:01:50 INFO  no build target found for C:\Users\carol\Desktop\UNIVERSIDAD\SID2\proyectoIntegradorSid\ProyectoSid2-losIlucionistas\src\main\java\co\icesi\UniPlan\controller\LoginController.java. Using fallback presentation compiler.
2026.05.31 13:02:01 INFO  no build target found for C:\Users\carol\Desktop\UNIVERSIDAD\SID2\proyectoIntegradorSid\ProyectoSid2-losIlucionistas\src\main\java\co\icesi\UniPlan\controller\LoginController.java. Using fallback presentation compiler.
2026.05.31 13:02:01 INFO  no build target found for C:\Users\carol\Desktop\UNIVERSIDAD\SID2\proyectoIntegradorSid\ProyectoSid2-losIlucionistas\src\main\java\co\icesi\UniPlan\controller\LoginController.java. Using fallback presentation compiler.
2026.05.31 13:02:03 INFO  no build target found for C:\Users\carol\Desktop\UNIVERSIDAD\SID2\proyectoIntegradorSid\ProyectoSid2-losIlucionistas\src\main\java\co\icesi\UniPlan\controller\LoginController.java. Using fallback presentation compiler.
2026.05.31 13:02:19 INFO  no build target found for C:\Users\carol\Desktop\UNIVERSIDAD\SID2\proyectoIntegradorSid\ProyectoSid2-losIlucionistas\src\main\java\co\icesi\UniPlan\controller\LoginController.java. Using fallback presentation compiler.
2026.05.31 13:02:19 INFO  no build target found for C:\Users\carol\Desktop\UNIVERSIDAD\SID2\proyectoIntegradorSid\ProyectoSid2-losIlucionistas\src\main\java\co\icesi\UniPlan\controller\LoginController.java. Using fallback presentation compiler.
2026.05.31 13:02:20 INFO  no build target found for C:\Users\carol\Desktop\UNIVERSIDAD\SID2\proyectoIntegradorSid\ProyectoSid2-losIlucionistas\src\main\java\co\icesi\UniPlan\controller\LoginController.java. Using fallback presentation compiler.
2026.05.31 13:02:20 WARN  no build target for: C:\Users\carol\Desktop\UNIVERSIDAD\SID2\proyectoIntegradorSid\ProyectoSid2-losIlucionistas\src\main\java\co\icesi\UniPlan\controller\LoginController.java
2026.05.31 13:02:20 INFO  no build target found for C:\Users\carol\Desktop\UNIVERSIDAD\SID2\proyectoIntegradorSid\ProyectoSid2-losIlucionistas\src\main\java\co\icesi\UniPlan\controller\LoginController.java. Using fallback presentation compiler.
2026.05.31 13:02:21 INFO  no build target found for C:\Users\carol\Desktop\UNIVERSIDAD\SID2\proyectoIntegradorSid\ProyectoSid2-losIlucionistas\src\main\java\co\icesi\UniPlan\controller\LoginController.java. Using fallback presentation compiler.
2026.05.31 13:02:21 INFO  no build target found for C:\Users\carol\Desktop\UNIVERSIDAD\SID2\proyectoIntegradorSid\ProyectoSid2-losIlucionistas\src\main\java\co\icesi\UniPlan\controller\LoginController.java. Using fallback presentation compiler.
2026.05.31 13:02:22 INFO  no build target found for C:\Users\carol\Desktop\UNIVERSIDAD\SID2\proyectoIntegradorSid\ProyectoSid2-losIlucionistas\src\main\java\co\icesi\UniPlan\controller\LoginController.java. Using fallback presentation compiler.
2026.05.31 13:02:29 INFO  no build target found for C:\Users\carol\Desktop\UNIVERSIDAD\SID2\proyectoIntegradorSid\ProyectoSid2-losIlucionistas\src\main\java\co\icesi\UniPlan\controller\LoginController.java. Using fallback presentation compiler.
2026.05.31 13:03:02 INFO  no build target found for C:\Users\carol\Desktop\UNIVERSIDAD\SID2\proyectoIntegradorSid\ProyectoSid2-losIlucionistas\src\main\java\co\icesi\UniPlan\controller\AdminController.java. Using fallback presentation compiler.
2026.05.31 13:03:04 INFO  no build target found for C:\Users\carol\Desktop\UNIVERSIDAD\SID2\proyectoIntegradorSid\ProyectoSid2-losIlucionistas\src\main\java\co\icesi\UniPlan\controller\AdminController.java. Using fallback presentation compiler.
2026.05.31 13:03:04 INFO  no build target found for C:\Users\carol\Desktop\UNIVERSIDAD\SID2\proyectoIntegradorSid\ProyectoSid2-losIlucionistas\src\main\java\co\icesi\UniPlan\controller\AdminController.java. Using fallback presentation compiler.
2026.05.31 13:03:04 INFO  no build target found for C:\Users\carol\Desktop\UNIVERSIDAD\SID2\proyectoIntegradorSid\ProyectoSid2-losIlucionistas\src\main\java\co\icesi\UniPlan\controller\AdminController.java. Using fallback presentation compiler.
2026.05.31 13:03:05 WARN  no build target for: C:\Users\carol\Desktop\UNIVERSIDAD\SID2\proyectoIntegradorSid\ProyectoSid2-losIlucionistas\src\main\java\co\icesi\UniPlan\controller\AdminController.java
2026.05.31 13:03:05 INFO  no build target found for C:\Users\carol\Desktop\UNIVERSIDAD\SID2\proyectoIntegradorSid\ProyectoSid2-losIlucionistas\src\main\java\co\icesi\UniPlan\controller\AdminController.java. Using fallback presentation compiler.
2026.05.31 13:03:44 INFO  no build target found for C:\Users\carol\Desktop\UNIVERSIDAD\SID2\proyectoIntegradorSid\ProyectoSid2-losIlucionistas\src\main\java\co\icesi\UniPlan\controller\AdminController.java. Using fallback presentation compiler.
2026.05.31 13:03:44 INFO  no build target found for C:\Users\carol\Desktop\UNIVERSIDAD\SID2\proyectoIntegradorSid\ProyectoSid2-losIlucionistas\src\main\java\co\icesi\UniPlan\controller\AdminController.java. Using fallback presentation compiler.
2026.05.31 13:03:44 INFO  no build target found for C:\Users\carol\Desktop\UNIVERSIDAD\SID2\proyectoIntegradorSid\ProyectoSid2-losIlucionistas\src\main\java\co\icesi\UniPlan\controller\AdminController.java. Using fallback presentation compiler.
2026.05.31 13:03:46 INFO  no build target found for C:\Users\carol\Desktop\UNIVERSIDAD\SID2\proyectoIntegradorSid\ProyectoSid2-losIlucionistas\src\main\java\co\icesi\UniPlan\controller\AdminController.java. Using fallback presentation compiler.
2026.05.31 13:03:46 INFO  no build target found for C:\Users\carol\Desktop\UNIVERSIDAD\SID2\proyectoIntegradorSid\ProyectoSid2-losIlucionistas\src\main\java\co\icesi\UniPlan\controller\AdminController.java. Using fallback presentation compiler.
may 31, 2026 1:03:46 P. M. org.eclipse.lsp4j.jsonrpc.RemoteEndpoint handleCancellation
WARNING: Unmatched cancel notification for request id 1391
2026.05.31 13:03:48 WARN  no build target for: C:\Users\carol\Desktop\UNIVERSIDAD\SID2\proyectoIntegradorSid\ProyectoSid2-losIlucionistas\src\main\java\co\icesi\UniPlan\controller\AdminController.java
2026.05.31 13:03:48 INFO  no build target found for C:\Users\carol\Desktop\UNIVERSIDAD\SID2\proyectoIntegradorSid\ProyectoSid2-losIlucionistas\src\main\java\co\icesi\UniPlan\controller\AdminController.java. Using fallback presentation compiler.
2026.05.31 13:03:48 INFO  no build target found for C:\Users\carol\Desktop\UNIVERSIDAD\SID2\proyectoIntegradorSid\ProyectoSid2-losIlucionistas\src\main\java\co\icesi\UniPlan\controller\AdminController.java. Using fallback presentation compiler.
2026.05.31 13:03:49 INFO  no build target found for C:\Users\carol\Desktop\UNIVERSIDAD\SID2\proyectoIntegradorSid\ProyectoSid2-losIlucionistas\src\main\java\co\icesi\UniPlan\controller\AdminController.java. Using fallback presentation compiler.
2026.05.31 13:03:49 INFO  no build target found for C:\Users\carol\Desktop\UNIVERSIDAD\SID2\proyectoIntegradorSid\ProyectoSid2-losIlucionistas\src\main\java\co\icesi\UniPlan\controller\AdminController.java. Using fallback presentation compiler.
may 31, 2026 1:03:50 P. M. org.eclipse.lsp4j.jsonrpc.RemoteEndpoint handleCancellation
WARNING: Unmatched cancel notification for request id 1402
2026.05.31 13:04:02 INFO  no build target found for C:\Users\carol\Desktop\UNIVERSIDAD\SID2\proyectoIntegradorSid\ProyectoSid2-losIlucionistas\src\main\java\co\icesi\UniPlan\controller\AdminController.java. Using fallback presentation compiler.
2026.05.31 13:04:05 INFO  no build target found for C:\Users\carol\Desktop\UNIVERSIDAD\SID2\proyectoIntegradorSid\ProyectoSid2-losIlucionistas\src\main\java\co\icesi\UniPlan\config\CustomUserDetailsService.java. Using fallback presentation compiler.
2026.05.31 13:04:05 WARN  no build target for: C:\Users\carol\Desktop\UNIVERSIDAD\SID2\proyectoIntegradorSid\ProyectoSid2-losIlucionistas\src\main\java\co\icesi\UniPlan\config\CustomUserDetailsService.java
2026.05.31 13:04:07 INFO  no build target found for C:\Users\carol\Desktop\UNIVERSIDAD\SID2\proyectoIntegradorSid\ProyectoSid2-losIlucionistas\src\main\java\co\icesi\UniPlan\config\CustomUserDetailsService.java. Using fallback presentation compiler.
2026.05.31 13:04:07 INFO  no build target found for C:\Users\carol\Desktop\UNIVERSIDAD\SID2\proyectoIntegradorSid\ProyectoSid2-losIlucionistas\src\main\java\co\icesi\UniPlan\config\CustomUserDetailsService.java. Using fallback presentation compiler.
2026.05.31 13:04:07 INFO  no build target found for C:\Users\carol\Desktop\UNIVERSIDAD\SID2\proyectoIntegradorSid\ProyectoSid2-losIlucionistas\src\main\java\co\icesi\UniPlan\config\CustomUserDetailsService.java. Using fallback presentation compiler.
may 31, 2026 1:04:07 P. M. org.eclipse.lsp4j.jsonrpc.RemoteEndpoint handleCancellation
WARNING: Unmatched cancel notification for request id 1409
2026.05.31 13:04:07 INFO  no build target found for C:\Users\carol\Desktop\UNIVERSIDAD\SID2\proyectoIntegradorSid\ProyectoSid2-losIlucionistas\src\main\java\co\icesi\UniPlan\config\CustomUserDetailsService.java. Using fallback presentation compiler.
may 31, 2026 1:04:07 P. M. org.eclipse.lsp4j.jsonrpc.RemoteEndpoint handleCancellation
WARNING: Unmatched cancel notification for request id 1408
2026.05.31 13:04:09 INFO  no build target found for C:\Users\carol\Desktop\UNIVERSIDAD\SID2\proyectoIntegradorSid\ProyectoSid2-losIlucionistas\src\main\java\co\icesi\UniPlan\config\CustomUserDetailsService.java. Using fallback presentation compiler.
2026.05.31 13:04:18 INFO  no build target found for C:\Users\carol\Desktop\UNIVERSIDAD\SID2\proyectoIntegradorSid\ProyectoSid2-losIlucionistas\src\main\java\co\icesi\UniPlan\config\CustomUserDetailsService.java. Using fallback presentation compiler.
2026.05.31 13:04:19 INFO  no build target found for C:\Users\carol\Desktop\UNIVERSIDAD\SID2\proyectoIntegradorSid\ProyectoSid2-losIlucionistas\src\main\java\co\icesi\UniPlan\config\CustomUserDetailsService.java. Using fallback presentation compiler.
2026.05.31 13:04:19 INFO  no build target found for C:\Users\carol\Desktop\UNIVERSIDAD\SID2\proyectoIntegradorSid\ProyectoSid2-losIlucionistas\src\main\java\co\icesi\UniPlan\config\CustomUserDetailsService.java. Using fallback presentation compiler.
2026.05.31 13:04:19 INFO  no build target found for C:\Users\carol\Desktop\UNIVERSIDAD\SID2\proyectoIntegradorSid\ProyectoSid2-losIlucionistas\src\main\java\co\icesi\UniPlan\config\CustomUserDetailsService.java. Using fallback presentation compiler.
2026.05.31 13:04:19 INFO  no build target found for C:\Users\carol\Desktop\UNIVERSIDAD\SID2\proyectoIntegradorSid\ProyectoSid2-losIlucionistas\src\main\java\co\icesi\UniPlan\config\CustomUserDetailsService.java. Using fallback presentation compiler.
2026.05.31 13:04:20 INFO  no build target found for C:\Users\carol\Desktop\UNIVERSIDAD\SID2\proyectoIntegradorSid\ProyectoSid2-losIlucionistas\src\main\java\co\icesi\UniPlan\config\CustomUserDetailsService.java. Using fallback presentation compiler.
2026.05.31 13:04:21 WARN  no build target for: C:\Users\carol\Desktop\UNIVERSIDAD\SID2\proyectoIntegradorSid\ProyectoSid2-losIlucionistas\src\main\java\co\icesi\UniPlan\config\CustomUserDetailsService.java
2026.05.31 13:04:21 INFO  no build target found for C:\Users\carol\Desktop\UNIVERSIDAD\SID2\proyectoIntegradorSid\ProyectoSid2-losIlucionistas\src\main\java\co\icesi\UniPlan\config\CustomUserDetailsService.java. Using fallback presentation compiler.
2026.05.31 13:04:21 INFO  no build target found for C:\Users\carol\Desktop\UNIVERSIDAD\SID2\proyectoIntegradorSid\ProyectoSid2-losIlucionistas\src\main\java\co\icesi\UniPlan\config\CustomUserDetailsService.java. Using fallback presentation compiler.
2026.05.31 13:04:24 INFO  no build target found for C:\Users\carol\Desktop\UNIVERSIDAD\SID2\proyectoIntegradorSid\ProyectoSid2-losIlucionistas\src\main\java\co\icesi\UniPlan\config\CustomUserDetailsService.java. Using fallback presentation compiler.
2026.05.31 13:04:29 INFO  no build target found for C:\Users\carol\Desktop\UNIVERSIDAD\SID2\proyectoIntegradorSid\ProyectoSid2-losIlucionistas\src\main\java\co\icesi\UniPlan\controller\api\AppUserController.java. Using fallback presentation compiler.
2026.05.31 13:04:29 INFO  no build target found for C:\Users\carol\Desktop\UNIVERSIDAD\SID2\proyectoIntegradorSid\ProyectoSid2-losIlucionistas\src\main\java\co\icesi\UniPlan\controller\api\AppUserController.java. Using fallback presentation compiler.
2026.05.31 13:04:29 INFO  no build target found for C:\Users\carol\Desktop\UNIVERSIDAD\SID2\proyectoIntegradorSid\ProyectoSid2-losIlucionistas\src\main\java\co\icesi\UniPlan\controller\api\AppUserController.java. Using fallback presentation compiler.
2026.05.31 13:04:32 INFO  no build target found for C:\Users\carol\Desktop\UNIVERSIDAD\SID2\proyectoIntegradorSid\ProyectoSid2-losIlucionistas\src\main\java\co\icesi\UniPlan\controller\api\AppUserController.java. Using fallback presentation compiler.
2026.05.31 13:04:38 INFO  no build target found for C:\Users\carol\Desktop\UNIVERSIDAD\SID2\proyectoIntegradorSid\ProyectoSid2-losIlucionistas\src\main\java\co\icesi\UniPlan\controller\api\AppUserController.java. Using fallback presentation compiler.
2026.05.31 13:05:00 INFO  no build target found for C:\Users\carol\Desktop\UNIVERSIDAD\SID2\proyectoIntegradorSid\ProyectoSid2-losIlucionistas\src\main\java\co\icesi\UniPlan\controller\api\AppUserController.java. Using fallback presentation compiler.
2026.05.31 13:05:01 INFO  no build target found for C:\Users\carol\Desktop\UNIVERSIDAD\SID2\proyectoIntegradorSid\ProyectoSid2-losIlucionistas\src\main\java\co\icesi\UniPlan\controller\api\AppUserController.java. Using fallback presentation compiler.
2026.05.31 13:05:02 INFO  no build target found for C:\Users\carol\Desktop\UNIVERSIDAD\SID2\proyectoIntegradorSid\ProyectoSid2-losIlucionistas\src\main\java\co\icesi\UniPlan\controller\api\AppUserController.java. Using fallback presentation compiler.
2026.05.31 13:05:02 INFO  no build target found for C:\Users\carol\Desktop\UNIVERSIDAD\SID2\proyectoIntegradorSid\ProyectoSid2-losIlucionistas\src\main\java\co\icesi\UniPlan\controller\api\AppUserController.java. Using fallback presentation compiler.
2026.05.31 13:05:04 INFO  no build target found for C:\Users\carol\Desktop\UNIVERSIDAD\SID2\proyectoIntegradorSid\ProyectoSid2-losIlucionistas\src\main\java\co\icesi\UniPlan\controller\api\AppUserController.java. Using fallback presentation compiler.
2026.05.31 13:05:04 INFO  no build target found for C:\Users\carol\Desktop\UNIVERSIDAD\SID2\proyectoIntegradorSid\ProyectoSid2-losIlucionistas\src\main\java\co\icesi\UniPlan\controller\api\AppUserController.java. Using fallback presentation compiler.
2026.05.31 13:05:04 INFO  no build target found for C:\Users\carol\Desktop\UNIVERSIDAD\SID2\proyectoIntegradorSid\ProyectoSid2-losIlucionistas\src\main\java\co\icesi\UniPlan\controller\api\AppUserController.java. Using fallback presentation compiler.
2026.05.31 13:05:04 INFO  no build target found for C:\Users\carol\Desktop\UNIVERSIDAD\SID2\proyectoIntegradorSid\ProyectoSid2-losIlucionistas\src\main\java\co\icesi\UniPlan\controller\api\AppUserController.java. Using fallback presentation compiler.
2026.05.31 13:05:51 INFO  no build target found for C:\Users\carol\Desktop\UNIVERSIDAD\SID2\proyectoIntegradorSid\ProyectoSid2-losIlucionistas\src\main\java\co\icesi\UniPlan\controller\api\AppUserController.java. Using fallback presentation compiler.
2026.05.31 13:05:54 INFO  no build target found for C:\Users\carol\Desktop\UNIVERSIDAD\SID2\proyectoIntegradorSid\ProyectoSid2-losIlucionistas\src\main\java\co\icesi\UniPlan\controller\api\AppUserController.java. Using fallback presentation compiler.
2026.05.31 13:05:59 INFO  no build target found for C:\Users\carol\Desktop\UNIVERSIDAD\SID2\proyectoIntegradorSid\ProyectoSid2-losIlucionistas\src\main\java\co\icesi\UniPlan\controller\api\AppUserController.java. Using fallback presentation compiler.
2026.05.31 13:06:00 INFO  no build target found for C:\Users\carol\Desktop\UNIVERSIDAD\SID2\proyectoIntegradorSid\ProyectoSid2-losIlucionistas\src\main\java\co\icesi\UniPlan\controller\api\AppUserController.java. Using fallback presentation compiler.
2026.05.31 13:11:55 INFO  no build target found for C:\Users\carol\Desktop\UNIVERSIDAD\SID2\proyectoIntegradorSid\ProyectoSid2-losIlucionistas\src\main\java\co\icesi\UniPlan\controller\api\AppUserController.java. Using fallback presentation compiler.
2026.05.31 13:13:52 INFO  no build target found for C:\Users\carol\Desktop\UNIVERSIDAD\SID2\proyectoIntegradorSid\ProyectoSid2-losIlucionistas\src\main\java\co\icesi\UniPlan\controller\api\AppUserController.java. Using fallback presentation compiler.
2026.05.31 13:13:52 INFO  no build target found for C:\Users\carol\Desktop\UNIVERSIDAD\SID2\proyectoIntegradorSid\ProyectoSid2-losIlucionistas\src\main\java\co\icesi\UniPlan\controller\api\AppUserController.java. Using fallback presentation compiler.
2026.05.31 13:13:52 INFO  no build target found for C:\Users\carol\Desktop\UNIVERSIDAD\SID2\proyectoIntegradorSid\ProyectoSid2-losIlucionistas\src\main\java\co\icesi\UniPlan\controller\api\AppUserController.java. Using fallback presentation compiler.
2026.05.31 13:13:52 INFO  no build target found for C:\Users\carol\Desktop\UNIVERSIDAD\SID2\proyectoIntegradorSid\ProyectoSid2-losIlucionistas\src\main\java\co\icesi\UniPlan\controller\api\AppUserController.java. Using fallback presentation compiler.
2026.05.31 13:13:53 INFO  no build target found for C:\Users\carol\Desktop\UNIVERSIDAD\SID2\proyectoIntegradorSid\ProyectoSid2-losIlucionistas\src\main\java\co\icesi\UniPlan\controller\api\AppUserController.java. Using fallback presentation compiler.
2026.05.31 13:13:54 INFO  no build target found for C:\Users\carol\Desktop\UNIVERSIDAD\SID2\proyectoIntegradorSid\ProyectoSid2-losIlucionistas\src\main\java\co\icesi\UniPlan\controller\api\AppUserController.java. Using fallback presentation compiler.
2026.05.31 13:13:56 INFO  no build target found for C:\Users\carol\Desktop\UNIVERSIDAD\SID2\proyectoIntegradorSid\ProyectoSid2-losIlucionistas\src\main\java\co\icesi\UniPlan\controller\api\AppUserController.java. Using fallback presentation compiler.
2026.05.31 13:13:56 INFO  no build target found for C:\Users\carol\Desktop\UNIVERSIDAD\SID2\proyectoIntegradorSid\ProyectoSid2-losIlucionistas\src\main\java\co\icesi\UniPlan\config\SecurityConfig.java. Using fallback presentation compiler.
2026.05.31 13:13:56 INFO  no build target found for C:\Users\carol\Desktop\UNIVERSIDAD\SID2\proyectoIntegradorSid\ProyectoSid2-losIlucionistas\src\main\java\co\icesi\UniPlan\config\SecurityConfig.java. Using fallback presentation compiler.
2026.05.31 13:13:56 INFO  no build target found for C:\Users\carol\Desktop\UNIVERSIDAD\SID2\proyectoIntegradorSid\ProyectoSid2-losIlucionistas\src\main\java\co\icesi\UniPlan\config\SecurityConfig.java. Using fallback presentation compiler.
2026.05.31 13:13:56 INFO  no build target found for C:\Users\carol\Desktop\UNIVERSIDAD\SID2\proyectoIntegradorSid\ProyectoSid2-losIlucionistas\src\main\java\co\icesi\UniPlan\config\SecurityConfig.java. Using fallback presentation compiler.
2026.05.31 13:14:02 INFO  no build target found for C:\Users\carol\Desktop\UNIVERSIDAD\SID2\proyectoIntegradorSid\ProyectoSid2-losIlucionistas\src\main\java\co\icesi\UniPlan\config\SecurityConfig.java. Using fallback presentation compiler.
2026.05.31 13:14:02 INFO  no build target found for C:\Users\carol\Desktop\UNIVERSIDAD\SID2\proyectoIntegradorSid\ProyectoSid2-losIlucionistas\src\main\java\co\icesi\UniPlan\config\SecurityConfig.java. Using fallback presentation compiler.
2026.05.31 13:14:12 INFO  no build target found for C:\Users\carol\Desktop\UNIVERSIDAD\SID2\proyectoIntegradorSid\ProyectoSid2-losIlucionistas\src\main\java\co\icesi\UniPlan\config\SecurityConfig.java. Using fallback presentation compiler.
2026.05.31 13:14:21 INFO  no build target found for C:\Users\carol\Desktop\UNIVERSIDAD\SID2\proyectoIntegradorSid\ProyectoSid2-losIlucionistas\src\main\java\co\icesi\UniPlan\config\SecurityConfig.java. Using fallback presentation compiler.
2026.05.31 13:14:22 INFO  no build target found for C:\Users\carol\Desktop\UNIVERSIDAD\SID2\proyectoIntegradorSid\ProyectoSid2-losIlucionistas\src\main\java\co\icesi\UniPlan\config\SecurityConfig.java. Using fallback presentation compiler.
2026.05.31 13:14:22 INFO  no build target found for C:\Users\carol\Desktop\UNIVERSIDAD\SID2\proyectoIntegradorSid\ProyectoSid2-losIlucionistas\src\main\java\co\icesi\UniPlan\config\SecurityConfig.java. Using fallback presentation compiler.
2026.05.31 13:14:22 WARN  no build target for: C:\Users\carol\Desktop\UNIVERSIDAD\SID2\proyectoIntegradorSid\ProyectoSid2-losIlucionistas\src\main\java\co\icesi\UniPlan\config\SecurityConfig.java
2026.05.31 13:14:22 INFO  no build target found for C:\Users\carol\Desktop\UNIVERSIDAD\SID2\proyectoIntegradorSid\ProyectoSid2-losIlucionistas\src\main\java\co\icesi\UniPlan\config\SecurityConfig.java. Using fallback presentation compiler.
2026.05.31 13:14:24 INFO  no build target found for C:\Users\carol\Desktop\UNIVERSIDAD\SID2\proyectoIntegradorSid\ProyectoSid2-losIlucionistas\src\main\java\co\icesi\UniPlan\config\SecurityConfig.java. Using fallback presentation compiler.
2026.05.31 13:14:36 INFO  no build target found for C:\Users\carol\Desktop\UNIVERSIDAD\SID2\proyectoIntegradorSid\ProyectoSid2-losIlucionistas\src\main\java\co\icesi\UniPlan\controller\HomeController.java. Using fallback presentation compiler.
2026.05.31 13:14:36 WARN  no build target for: C:\Users\carol\Desktop\UNIVERSIDAD\SID2\proyectoIntegradorSid\ProyectoSid2-losIlucionistas\src\main\java\co\icesi\UniPlan\controller\HomeController.java
2026.05.31 13:14:37 INFO  no build target found for C:\Users\carol\Desktop\UNIVERSIDAD\SID2\proyectoIntegradorSid\ProyectoSid2-losIlucionistas\src\main\java\co\icesi\UniPlan\controller\HomeController.java. Using fallback presentation compiler.
2026.05.31 13:14:42 INFO  no build target found for C:\Users\carol\Desktop\UNIVERSIDAD\SID2\proyectoIntegradorSid\ProyectoSid2-losIlucionistas\src\main\java\co\icesi\UniPlan\controller\HomeController.java. Using fallback presentation compiler.
2026.05.31 13:14:44 INFO  no build target found for C:\Users\carol\Desktop\UNIVERSIDAD\SID2\proyectoIntegradorSid\ProyectoSid2-losIlucionistas\src\main\java\co\icesi\UniPlan\controller\HomeController.java. Using fallback presentation compiler.
2026.05.31 13:14:44 INFO  no build target found for C:\Users\carol\Desktop\UNIVERSIDAD\SID2\proyectoIntegradorSid\ProyectoSid2-losIlucionistas\src\main\java\co\icesi\UniPlan\controller\HomeController.java. Using fallback presentation compiler.
2026.05.31 13:14:47 INFO  no build target found for C:\Users\carol\Desktop\UNIVERSIDAD\SID2\proyectoIntegradorSid\ProyectoSid2-losIlucionistas\src\main\java\co\icesi\UniPlan\controller\HomeController.java. Using fallback presentation compiler.
2026.05.31 13:14:50 INFO  no build target found for C:\Users\carol\Desktop\UNIVERSIDAD\SID2\proyectoIntegradorSid\ProyectoSid2-losIlucionistas\src\main\java\co\icesi\UniPlan\controller\HomeController.java. Using fallback presentation compiler.
2026.05.31 13:14:50 INFO  no build target found for C:\Users\carol\Desktop\UNIVERSIDAD\SID2\proyectoIntegradorSid\ProyectoSid2-losIlucionistas\src\main\java\co\icesi\UniPlan\controller\HomeController.java. Using fallback presentation compiler.
2026.05.31 13:14:50 INFO  no build target found for C:\Users\carol\Desktop\UNIVERSIDAD\SID2\proyectoIntegradorSid\ProyectoSid2-losIlucionistas\src\main\java\co\icesi\UniPlan\controller\HomeController.java. Using fallback presentation compiler.
2026.05.31 13:14:51 INFO  no build target found for C:\Users\carol\Desktop\UNIVERSIDAD\SID2\proyectoIntegradorSid\ProyectoSid2-losIlucionistas\src\main\java\co\icesi\UniPlan\controller\HomeController.java. Using fallback presentation compiler.
2026.05.31 13:14:51 INFO  no build target found for C:\Users\carol\Desktop\UNIVERSIDAD\SID2\proyectoIntegradorSid\ProyectoSid2-losIlucionistas\src\main\java\co\icesi\UniPlan\controller\HomeController.java. Using fallback presentation compiler.
2026.05.31 13:14:52 INFO  no build target found for C:\Users\carol\Desktop\UNIVERSIDAD\SID2\proyectoIntegradorSid\ProyectoSid2-losIlucionistas\src\main\java\co\icesi\UniPlan\controller\HomeController.java. Using fallback presentation compiler.
2026.05.31 13:14:52 WARN  no build target for: C:\Users\carol\Desktop\UNIVERSIDAD\SID2\proyectoIntegradorSid\ProyectoSid2-losIlucionistas\src\main\java\co\icesi\UniPlan\controller\HomeController.java
2026.05.31 13:14:52 INFO  no build target found for C:\Users\carol\Desktop\UNIVERSIDAD\SID2\proyectoIntegradorSid\ProyectoSid2-losIlucionistas\src\main\java\co\icesi\UniPlan\controller\HomeController.java. Using fallback presentation compiler.
2026.05.31 13:14:55 INFO  no build target found for C:\Users\carol\Desktop\UNIVERSIDAD\SID2\proyectoIntegradorSid\ProyectoSid2-losIlucionistas\src\main\java\co\icesi\UniPlan\controller\HomeController.java. Using fallback presentation compiler.
2026.05.31 13:14:59 INFO  no build target found for C:\Users\carol\Desktop\UNIVERSIDAD\SID2\proyectoIntegradorSid\ProyectoSid2-losIlucionistas\src\main\java\co\icesi\UniPlan\controller\HomeController.java. Using fallback presentation compiler.
2026.05.31 13:14:59 INFO  no build target found for C:\Users\carol\Desktop\UNIVERSIDAD\SID2\proyectoIntegradorSid\ProyectoSid2-losIlucionistas\src\main\java\co\icesi\UniPlan\controller\HomeController.java. Using fallback presentation compiler.
2026.05.31 13:15:00 INFO  no build target found for C:\Users\carol\Desktop\UNIVERSIDAD\SID2\proyectoIntegradorSid\ProyectoSid2-losIlucionistas\src\main\java\co\icesi\UniPlan\controller\HomeController.java. Using fallback presentation compiler.
2026.05.31 13:15:00 INFO  no build target found for C:\Users\carol\Desktop\UNIVERSIDAD\SID2\proyectoIntegradorSid\ProyectoSid2-losIlucionistas\src\main\java\co\icesi\UniPlan\controller\HomeController.java. Using fallback presentation compiler.
2026.05.31 13:15:00 INFO  no build target found for C:\Users\carol\Desktop\UNIVERSIDAD\SID2\proyectoIntegradorSid\ProyectoSid2-losIlucionistas\src\main\java\co\icesi\UniPlan\controller\HomeController.java. Using fallback presentation compiler.
2026.05.31 13:15:09 INFO  no build target found for C:\Users\carol\Desktop\UNIVERSIDAD\SID2\proyectoIntegradorSid\ProyectoSid2-losIlucionistas\src\main\java\co\icesi\UniPlan\controller\HomeController.java. Using fallback presentation compiler.
2026.05.31 13:15:13 INFO  no build target found for C:\Users\carol\Desktop\UNIVERSIDAD\SID2\proyectoIntegradorSid\ProyectoSid2-losIlucionistas\src\main\java\co\icesi\UniPlan\controller\HomeController.java. Using fallback presentation compiler.
2026.05.31 13:15:13 INFO  no build target found for C:\Users\carol\Desktop\UNIVERSIDAD\SID2\proyectoIntegradorSid\ProyectoSid2-losIlucionistas\src\main\java\co\icesi\UniPlan\controller\HomeController.java. Using fallback presentation compiler.
2026.05.31 13:15:13 INFO  no build target found for C:\Users\carol\Desktop\UNIVERSIDAD\SID2\proyectoIntegradorSid\ProyectoSid2-losIlucionistas\src\main\java\co\icesi\UniPlan\controller\HomeController.java. Using fallback presentation compiler.
2026.05.31 13:15:14 INFO  no build target found for C:\Users\carol\Desktop\UNIVERSIDAD\SID2\proyectoIntegradorSid\ProyectoSid2-losIlucionistas\src\main\java\co\icesi\UniPlan\controller\HomeController.java. Using fallback presentation compiler.
2026.05.31 13:15:14 INFO  no build target found for C:\Users\carol\Desktop\UNIVERSIDAD\SID2\proyectoIntegradorSid\ProyectoSid2-losIlucionistas\src\main\java\co\icesi\UniPlan\controller\HomeController.java. Using fallback presentation compiler.
2026.05.31 13:15:14 INFO  no build target found for C:\Users\carol\Desktop\UNIVERSIDAD\SID2\proyectoIntegradorSid\ProyectoSid2-losIlucionistas\src\main\java\co\icesi\UniPlan\controller\HomeController.java. Using fallback presentation compiler.
2026.05.31 13:15:20 INFO  no build target found for C:\Users\carol\Desktop\UNIVERSIDAD\SID2\proyectoIntegradorSid\ProyectoSid2-losIlucionistas\src\main\java\co\icesi\UniPlan\controller\HomeController.java. Using fallback presentation compiler.
2026.05.31 13:15:20 INFO  no build target found for C:\Users\carol\Desktop\UNIVERSIDAD\SID2\proyectoIntegradorSid\ProyectoSid2-losIlucionistas\src\main\java\co\icesi\UniPlan\controller\HomeController.java. Using fallback presentation compiler.
2026.05.31 13:15:20 INFO  no build target found for C:\Users\carol\Desktop\UNIVERSIDAD\SID2\proyectoIntegradorSid\ProyectoSid2-losIlucionistas\src\main\java\co\icesi\UniPlan\controller\HomeController.java. Using fallback presentation compiler.
2026.05.31 13:15:20 INFO  no build target found for C:\Users\carol\Desktop\UNIVERSIDAD\SID2\proyectoIntegradorSid\ProyectoSid2-losIlucionistas\src\main\java\co\icesi\UniPlan\controller\HomeController.java. Using fallback presentation compiler.
2026.05.31 13:15:20 INFO  no build target found for C:\Users\carol\Desktop\UNIVERSIDAD\SID2\proyectoIntegradorSid\ProyectoSid2-losIlucionistas\src\main\java\co\icesi\UniPlan\controller\HomeController.java. Using fallback presentation compiler.
2026.05.31 13:15:22 INFO  no build target found for C:\Users\carol\Desktop\UNIVERSIDAD\SID2\proyectoIntegradorSid\ProyectoSid2-losIlucionistas\src\main\java\co\icesi\UniPlan\controller\HomeController.java. Using fallback presentation compiler.
2026.05.31 13:15:23 INFO  no build target found for C:\Users\carol\Desktop\UNIVERSIDAD\SID2\proyectoIntegradorSid\ProyectoSid2-losIlucionistas\src\main\java\co\icesi\UniPlan\controller\HomeController.java. Using fallback presentation compiler.
2026.05.31 13:15:23 INFO  no build target found for C:\Users\carol\Desktop\UNIVERSIDAD\SID2\proyectoIntegradorSid\ProyectoSid2-losIlucionistas\src\main\java\co\icesi\UniPlan\controller\HomeController.java. Using fallback presentation compiler.
2026.05.31 13:15:24 INFO  no build target found for C:\Users\carol\Desktop\UNIVERSIDAD\SID2\proyectoIntegradorSid\ProyectoSid2-losIlucionistas\src\main\java\co\icesi\UniPlan\controller\HomeController.java. Using fallback presentation compiler.
2026.05.31 13:15:29 INFO  no build target found for C:\Users\carol\Desktop\UNIVERSIDAD\SID2\proyectoIntegradorSid\ProyectoSid2-losIlucionistas\src\main\java\co\icesi\UniPlan\controller\HomeController.java. Using fallback presentation compiler.
2026.05.31 13:15:29 INFO  no build target found for C:\Users\carol\Desktop\UNIVERSIDAD\SID2\proyectoIntegradorSid\ProyectoSid2-losIlucionistas\src\main\java\co\icesi\UniPlan\controller\HomeController.java. Using fallback presentation compiler.
2026.05.31 13:15:29 INFO  no build target found for C:\Users\carol\Desktop\UNIVERSIDAD\SID2\proyectoIntegradorSid\ProyectoSid2-losIlucionistas\src\main\java\co\icesi\UniPlan\controller\HomeController.java. Using fallback presentation compiler.
2026.05.31 13:15:30 INFO  no build target found for C:\Users\carol\Desktop\UNIVERSIDAD\SID2\proyectoIntegradorSid\ProyectoSid2-losIlucionistas\src\main\java\co\icesi\UniPlan\controller\HomeController.java. Using fallback presentation compiler.
2026.05.31 13:15:30 INFO  no build target found for C:\Users\carol\Desktop\UNIVERSIDAD\SID2\proyectoIntegradorSid\ProyectoSid2-losIlucionistas\src\main\java\co\icesi\UniPlan\controller\HomeController.java. Using fallback presentation compiler.
2026.05.31 13:15:32 INFO  no build target found for C:\Users\carol\Desktop\UNIVERSIDAD\SID2\proyectoIntegradorSid\ProyectoSid2-losIlucionistas\src\main\java\co\icesi\UniPlan\controller\HomeController.java. Using fallback presentation compiler.
2026.05.31 13:15:32 INFO  no build target found for C:\Users\carol\Desktop\UNIVERSIDAD\SID2\proyectoIntegradorSid\ProyectoSid2-losIlucionistas\src\main\java\co\icesi\UniPlan\controller\HomeController.java. Using fallback presentation compiler.
2026.05.31 13:15:32 WARN  no build target for: C:\Users\carol\Desktop\UNIVERSIDAD\SID2\proyectoIntegradorSid\ProyectoSid2-losIlucionistas\src\main\java\co\icesi\UniPlan\controller\HomeController.java
2026.05.31 13:15:33 INFO  no build target found for C:\Users\carol\Desktop\UNIVERSIDAD\SID2\proyectoIntegradorSid\ProyectoSid2-losIlucionistas\src\main\java\co\icesi\UniPlan\controller\HomeController.java. Using fallback presentation compiler.
2026.05.31 13:15:36 INFO  no build target found for C:\Users\carol\Desktop\UNIVERSIDAD\SID2\proyectoIntegradorSid\ProyectoSid2-losIlucionistas\src\main\java\co\icesi\UniPlan\controller\HomeController.java. Using fallback presentation compiler.
2026.05.31 13:15:36 INFO  no build target found for C:\Users\carol\Desktop\UNIVERSIDAD\SID2\proyectoIntegradorSid\ProyectoSid2-losIlucionistas\src\main\java\co\icesi\UniPlan\controller\HomeController.java. Using fallback presentation compiler.
2026.05.31 13:15:36 INFO  no build target found for C:\Users\carol\Desktop\UNIVERSIDAD\SID2\proyectoIntegradorSid\ProyectoSid2-losIlucionistas\src\main\java\co\icesi\UniPlan\controller\HomeController.java. Using fallback presentation compiler.
2026.05.31 13:15:36 INFO  no build target found for C:\Users\carol\Desktop\UNIVERSIDAD\SID2\proyectoIntegradorSid\ProyectoSid2-losIlucionistas\src\main\java\co\icesi\UniPlan\controller\HomeController.java. Using fallback presentation compiler.
2026.05.31 13:15:37 WARN  no build target for: C:\Users\carol\Desktop\UNIVERSIDAD\SID2\proyectoIntegradorSid\ProyectoSid2-losIlucionistas\src\main\java\co\icesi\UniPlan\controller\HomeController.java
2026.05.31 13:15:37 INFO  no build target found for C:\Users\carol\Desktop\UNIVERSIDAD\SID2\proyectoIntegradorSid\ProyectoSid2-losIlucionistas\src\main\java\co\icesi\UniPlan\controller\HomeController.java. Using fallback presentation compiler.
2026.05.31 13:15:40 INFO  no build target found for C:\Users\carol\Desktop\UNIVERSIDAD\SID2\proyectoIntegradorSid\ProyectoSid2-losIlucionistas\src\main\java\co\icesi\UniPlan\controller\HomeController.java. Using fallback presentation compiler.
2026.05.31 13:15:44 INFO  no build target found for C:\Users\carol\Desktop\UNIVERSIDAD\SID2\proyectoIntegradorSid\ProyectoSid2-losIlucionistas\src\main\java\co\icesi\UniPlan\controller\HomeController.java. Using fallback presentation compiler.
2026.05.31 13:15:44 INFO  no build target found for C:\Users\carol\Desktop\UNIVERSIDAD\SID2\proyectoIntegradorSid\ProyectoSid2-losIlucionistas\src\main\java\co\icesi\UniPlan\controller\HomeController.java. Using fallback presentation compiler.
2026.05.31 13:15:44 INFO  no build target found for C:\Users\carol\Desktop\UNIVERSIDAD\SID2\proyectoIntegradorSid\ProyectoSid2-losIlucionistas\src\main\java\co\icesi\UniPlan\controller\HomeController.java. Using fallback presentation compiler.
2026.05.31 13:15:45 INFO  no build target found for C:\Users\carol\Desktop\UNIVERSIDAD\SID2\proyectoIntegradorSid\ProyectoSid2-losIlucionistas\src\main\java\co\icesi\UniPlan\controller\HomeController.java. Using fallback presentation compiler.
2026.05.31 13:15:45 INFO  no build target found for C:\Users\carol\Desktop\UNIVERSIDAD\SID2\proyectoIntegradorSid\ProyectoSid2-losIlucionistas\src\main\java\co\icesi\UniPlan\controller\HomeController.java. Using fallback presentation compiler.
2026.05.31 13:15:46 INFO  no build target found for C:\Users\carol\Desktop\UNIVERSIDAD\SID2\proyectoIntegradorSid\ProyectoSid2-losIlucionistas\src\main\java\co\icesi\UniPlan\controller\HomeController.java. Using fallback presentation compiler.
2026.05.31 13:15:45 INFO  no build target found for C:\Users\carol\Desktop\UNIVERSIDAD\SID2\proyectoIntegradorSid\ProyectoSid2-losIlucionistas\src\main\java\co\icesi\UniPlan\controller\HomeController.java. Using fallback presentation compiler.
2026.05.31 13:15:46 INFO  no build target found for C:\Users\carol\Desktop\UNIVERSIDAD\SID2\proyectoIntegradorSid\ProyectoSid2-losIlucionistas\src\main\java\co\icesi\UniPlan\controller\HomeController.java. Using fallback presentation compiler.
2026.05.31 13:15:47 WARN  no build target for: C:\Users\carol\Desktop\UNIVERSIDAD\SID2\proyectoIntegradorSid\ProyectoSid2-losIlucionistas\src\main\java\co\icesi\UniPlan\controller\HomeController.java
2026.05.31 13:15:47 INFO  no build target found for C:\Users\carol\Desktop\UNIVERSIDAD\SID2\proyectoIntegradorSid\ProyectoSid2-losIlucionistas\src\main\java\co\icesi\UniPlan\controller\HomeController.java. Using fallback presentation compiler.
2026.05.31 13:15:54 INFO  no build target found for C:\Users\carol\Desktop\UNIVERSIDAD\SID2\proyectoIntegradorSid\ProyectoSid2-losIlucionistas\src\main\java\co\icesi\UniPlan\controller\HomeController.java. Using fallback presentation compiler.
2026.05.31 13:15:56 INFO  no build target found for C:\Users\carol\Desktop\UNIVERSIDAD\SID2\proyectoIntegradorSid\ProyectoSid2-losIlucionistas\src\main\java\co\icesi\UniPlan\controller\HomeController.java. Using fallback presentation compiler.
2026.05.31 13:16:04 INFO  no build target found for C:\Users\carol\Desktop\UNIVERSIDAD\SID2\proyectoIntegradorSid\ProyectoSid2-losIlucionistas\src\main\java\co\icesi\UniPlan\controller\HomeController.java. Using fallback presentation compiler.
2026.05.31 13:16:12 INFO  no build target found for C:\Users\carol\Desktop\UNIVERSIDAD\SID2\proyectoIntegradorSid\ProyectoSid2-losIlucionistas\src\main\java\co\icesi\UniPlan\controller\HomeController.java. Using fallback presentation compiler.
2026.05.31 13:16:12 INFO  no build target found for C:\Users\carol\Desktop\UNIVERSIDAD\SID2\proyectoIntegradorSid\ProyectoSid2-losIlucionistas\src\main\java\co\icesi\UniPlan\controller\HomeController.java. Using fallback presentation compiler.
2026.05.31 13:16:12 INFO  no build target found for C:\Users\carol\Desktop\UNIVERSIDAD\SID2\proyectoIntegradorSid\ProyectoSid2-losIlucionistas\src\main\java\co\icesi\UniPlan\controller\HomeController.java. Using fallback presentation compiler.
2026.05.31 13:16:19 INFO  no build target found for C:\Users\carol\Desktop\UNIVERSIDAD\SID2\proyectoIntegradorSid\ProyectoSid2-losIlucionistas\src\main\java\co\icesi\UniPlan\controller\HomeController.java. Using fallback presentation compiler.
2026.05.31 13:16:19 INFO  no build target found for C:\Users\carol\Desktop\UNIVERSIDAD\SID2\proyectoIntegradorSid\ProyectoSid2-losIlucionistas\src\main\java\co\icesi\UniPlan\controller\HomeController.java. Using fallback presentation compiler.
2026.05.31 13:16:19 INFO  no build target found for C:\Users\carol\Desktop\UNIVERSIDAD\SID2\proyectoIntegradorSid\ProyectoSid2-losIlucionistas\src\main\java\co\icesi\UniPlan\controller\HomeController.java. Using fallback presentation compiler.
2026.05.31 13:16:20 INFO  no build target found for C:\Users\carol\Desktop\UNIVERSIDAD\SID2\proyectoIntegradorSid\ProyectoSid2-losIlucionistas\src\main\java\co\icesi\UniPlan\controller\HomeController.java. Using fallback presentation compiler.
2026.05.31 13:16:20 WARN  no build target for: C:\Users\carol\Desktop\UNIVERSIDAD\SID2\proyectoIntegradorSid\ProyectoSid2-losIlucionistas\src\main\java\co\icesi\UniPlan\controller\HomeController.java
2026.05.31 13:16:20 INFO  no build target found for C:\Users\carol\Desktop\UNIVERSIDAD\SID2\proyectoIntegradorSid\ProyectoSid2-losIlucionistas\src\main\java\co\icesi\UniPlan\controller\HomeController.java. Using fallback presentation compiler.
2026.05.31 13:16:28 INFO  no build target found for C:\Users\carol\Desktop\UNIVERSIDAD\SID2\proyectoIntegradorSid\ProyectoSid2-losIlucionistas\src\main\java\co\icesi\UniPlan\controller\HomeController.java. Using fallback presentation compiler.
2026.05.31 13:16:28 INFO  no build target found for C:\Users\carol\Desktop\UNIVERSIDAD\SID2\proyectoIntegradorSid\ProyectoSid2-losIlucionistas\src\main\java\co\icesi\UniPlan\controller\HomeController.java. Using fallback presentation compiler.
2026.05.31 13:16:29 INFO  no build target found for C:\Users\carol\Desktop\UNIVERSIDAD\SID2\proyectoIntegradorSid\ProyectoSid2-losIlucionistas\src\main\java\co\icesi\UniPlan\controller\HomeController.java. Using fallback presentation compiler.
2026.05.31 13:16:29 WARN  no build target for: C:\Users\carol\Desktop\UNIVERSIDAD\SID2\proyectoIntegradorSid\ProyectoSid2-losIlucionistas\src\main\java\co\icesi\UniPlan\controller\HomeController.java
2026.05.31 13:16:29 INFO  no build target found for C:\Users\carol\Desktop\UNIVERSIDAD\SID2\proyectoIntegradorSid\ProyectoSid2-losIlucionistas\src\main\java\co\icesi\UniPlan\controller\HomeController.java. Using fallback presentation compiler.
2026.05.31 13:16:30 INFO  no build target found for C:\Users\carol\Desktop\UNIVERSIDAD\SID2\proyectoIntegradorSid\ProyectoSid2-losIlucionistas\src\main\java\co\icesi\UniPlan\controller\HomeController.java. Using fallback presentation compiler.
2026.05.31 13:16:30 INFO  no build target found for C:\Users\carol\Desktop\UNIVERSIDAD\SID2\proyectoIntegradorSid\ProyectoSid2-losIlucionistas\src\main\java\co\icesi\UniPlan\controller\HomeController.java. Using fallback presentation compiler.
2026.05.31 13:16:30 INFO  no build target found for C:\Users\carol\Desktop\UNIVERSIDAD\SID2\proyectoIntegradorSid\ProyectoSid2-losIlucionistas\src\main\java\co\icesi\UniPlan\controller\HomeController.java. Using fallback presentation compiler.
2026.05.31 13:16:32 INFO  no build target found for C:\Users\carol\Desktop\UNIVERSIDAD\SID2\proyectoIntegradorSid\ProyectoSid2-losIlucionistas\src\main\java\co\icesi\UniPlan\controller\HomeController.java. Using fallback presentation compiler.
2026.05.31 13:16:32 INFO  no build target found for C:\Users\carol\Desktop\UNIVERSIDAD\SID2\proyectoIntegradorSid\ProyectoSid2-losIlucionistas\src\main\java\co\icesi\UniPlan\controller\HomeController.java. Using fallback presentation compiler.
2026.05.31 13:16:34 INFO  no build target found for C:\Users\carol\Desktop\UNIVERSIDAD\SID2\proyectoIntegradorSid\ProyectoSid2-losIlucionistas\src\main\java\co\icesi\UniPlan\controller\HomeController.java. Using fallback presentation compiler.
2026.05.31 13:16:34 INFO  no build target found for C:\Users\carol\Desktop\UNIVERSIDAD\SID2\proyectoIntegradorSid\ProyectoSid2-losIlucionistas\src\main\java\co\icesi\UniPlan\controller\HomeController.java. Using fallback presentation compiler.
2026.05.31 13:16:34 INFO  no build target found for C:\Users\carol\Desktop\UNIVERSIDAD\SID2\proyectoIntegradorSid\ProyectoSid2-losIlucionistas\src\main\java\co\icesi\UniPlan\controller\HomeController.java. Using fallback presentation compiler.
2026.05.31 13:16:34 INFO  no build target found for C:\Users\carol\Desktop\UNIVERSIDAD\SID2\proyectoIntegradorSid\ProyectoSid2-losIlucionistas\src\main\java\co\icesi\UniPlan\controller\HomeController.java. Using fallback presentation compiler.
2026.05.31 13:16:34 INFO  no build target found for C:\Users\carol\Desktop\UNIVERSIDAD\SID2\proyectoIntegradorSid\ProyectoSid2-losIlucionistas\src\main\java\co\icesi\UniPlan\controller\HomeController.java. Using fallback presentation compiler.
2026.05.31 13:16:34 INFO  no build target found for C:\Users\carol\Desktop\UNIVERSIDAD\SID2\proyectoIntegradorSid\ProyectoSid2-losIlucionistas\src\main\java\co\icesi\UniPlan\controller\HomeController.java. Using fallback presentation compiler.
2026.05.31 13:16:35 WARN  no build target for: C:\Users\carol\Desktop\UNIVERSIDAD\SID2\proyectoIntegradorSid\ProyectoSid2-losIlucionistas\src\main\java\co\icesi\UniPlan\controller\HomeController.java
2026.05.31 13:16:35 INFO  no build target found for C:\Users\carol\Desktop\UNIVERSIDAD\SID2\proyectoIntegradorSid\ProyectoSid2-losIlucionistas\src\main\java\co\icesi\UniPlan\controller\HomeController.java. Using fallback presentation compiler.
2026.05.31 13:16:35 INFO  no build target found for C:\Users\carol\Desktop\UNIVERSIDAD\SID2\proyectoIntegradorSid\ProyectoSid2-losIlucionistas\src\main\java\co\icesi\UniPlan\controller\HomeController.java. Using fallback presentation compiler.
2026.05.31 13:16:35 INFO  no build target found for C:\Users\carol\Desktop\UNIVERSIDAD\SID2\proyectoIntegradorSid\ProyectoSid2-losIlucionistas\src\main\java\co\icesi\UniPlan\controller\HomeController.java. Using fallback presentation compiler.
2026.05.31 13:16:36 INFO  no build target found for C:\Users\carol\Desktop\UNIVERSIDAD\SID2\proyectoIntegradorSid\ProyectoSid2-losIlucionistas\src\main\java\co\icesi\UniPlan\controller\HomeController.java. Using fallback presentation compiler.
2026.05.31 13:16:35 INFO  no build target found for C:\Users\carol\Desktop\UNIVERSIDAD\SID2\proyectoIntegradorSid\ProyectoSid2-losIlucionistas\src\main\java\co\icesi\UniPlan\controller\HomeController.java. Using fallback presentation compiler.
2026.05.31 13:16:36 INFO  no build target found for C:\Users\carol\Desktop\UNIVERSIDAD\SID2\proyectoIntegradorSid\ProyectoSid2-losIlucionistas\src\main\java\co\icesi\UniPlan\controller\HomeController.java. Using fallback presentation compiler.
2026.05.31 13:16:37 INFO  no build target found for C:\Users\carol\Desktop\UNIVERSIDAD\SID2\proyectoIntegradorSid\ProyectoSid2-losIlucionistas\src\main\java\co\icesi\UniPlan\controller\HomeController.java. Using fallback presentation compiler.
2026.05.31 13:16:36 INFO  no build target found for C:\Users\carol\Desktop\UNIVERSIDAD\SID2\proyectoIntegradorSid\ProyectoSid2-losIlucionistas\src\main\java\co\icesi\UniPlan\controller\HomeController.java. Using fallback presentation compiler.
2026.05.31 13:16:36 INFO  no build target found for C:\Users\carol\Desktop\UNIVERSIDAD\SID2\proyectoIntegradorSid\ProyectoSid2-losIlucionistas\src\main\java\co\icesi\UniPlan\controller\HomeController.java. Using fallback presentation compiler.
2026.05.31 13:16:37 WARN  no build target for: C:\Users\carol\Desktop\UNIVERSIDAD\SID2\proyectoIntegradorSid\ProyectoSid2-losIlucionistas\src\main\java\co\icesi\UniPlan\controller\HomeController.java
2026.05.31 13:16:37 INFO  no build target found for C:\Users\carol\Desktop\UNIVERSIDAD\SID2\proyectoIntegradorSid\ProyectoSid2-losIlucionistas\src\main\java\co\icesi\UniPlan\controller\HomeController.java. Using fallback presentation compiler.
2026.05.31 13:16:38 INFO  no build target found for C:\Users\carol\Desktop\UNIVERSIDAD\SID2\proyectoIntegradorSid\ProyectoSid2-losIlucionistas\src\main\java\co\icesi\UniPlan\controller\HomeController.java. Using fallback presentation compiler.
2026.05.31 13:16:38 INFO  no build target found for C:\Users\carol\Desktop\UNIVERSIDAD\SID2\proyectoIntegradorSid\ProyectoSid2-losIlucionistas\src\main\java\co\icesi\UniPlan\controller\HomeController.java. Using fallback presentation compiler.
2026.05.31 13:16:38 INFO  no build target found for C:\Users\carol\Desktop\UNIVERSIDAD\SID2\proyectoIntegradorSid\ProyectoSid2-losIlucionistas\src\main\java\co\icesi\UniPlan\controller\HomeController.java. Using fallback presentation compiler.
2026.05.31 13:16:39 INFO  no build target found for C:\Users\carol\Desktop\UNIVERSIDAD\SID2\proyectoIntegradorSid\ProyectoSid2-losIlucionistas\src\main\java\co\icesi\UniPlan\controller\HomeController.java. Using fallback presentation compiler.
2026.05.31 13:16:39 INFO  no build target found for C:\Users\carol\Desktop\UNIVERSIDAD\SID2\proyectoIntegradorSid\ProyectoSid2-losIlucionistas\src\main\java\co\icesi\UniPlan\controller\HomeController.java. Using fallback presentation compiler.
2026.05.31 13:16:40 INFO  no build target found for C:\Users\carol\Desktop\UNIVERSIDAD\SID2\proyectoIntegradorSid\ProyectoSid2-losIlucionistas\src\main\java\co\icesi\UniPlan\controller\HomeController.java. Using fallback presentation compiler.
2026.05.31 13:16:39 INFO  no build target found for C:\Users\carol\Desktop\UNIVERSIDAD\SID2\proyectoIntegradorSid\ProyectoSid2-losIlucionistas\src\main\java\co\icesi\UniPlan\controller\HomeController.java. Using fallback presentation compiler.
2026.05.31 13:16:39 INFO  no build target found for C:\Users\carol\Desktop\UNIVERSIDAD\SID2\proyectoIntegradorSid\ProyectoSid2-losIlucionistas\src\main\java\co\icesi\UniPlan\controller\HomeController.java. Using fallback presentation compiler.
2026.05.31 13:16:40 INFO  no build target found for C:\Users\carol\Desktop\UNIVERSIDAD\SID2\proyectoIntegradorSid\ProyectoSid2-losIlucionistas\src\main\java\co\icesi\UniPlan\controller\HomeController.java. Using fallback presentation compiler.
2026.05.31 13:16:41 WARN  no build target for: C:\Users\carol\Desktop\UNIVERSIDAD\SID2\proyectoIntegradorSid\ProyectoSid2-losIlucionistas\src\main\java\co\icesi\UniPlan\controller\HomeController.java
2026.05.31 13:16:41 INFO  no build target found for C:\Users\carol\Desktop\UNIVERSIDAD\SID2\proyectoIntegradorSid\ProyectoSid2-losIlucionistas\src\main\java\co\icesi\UniPlan\controller\HomeController.java. Using fallback presentation compiler.
2026.05.31 13:19:23 INFO  no build target found for C:\Users\carol\Desktop\UNIVERSIDAD\SID2\proyectoIntegradorSid\ProyectoSid2-losIlucionistas\src\main\java\co\icesi\UniPlan\service\AppUserService.java. Using fallback presentation compiler.
2026.05.31 13:19:23 WARN  no build target for: C:\Users\carol\Desktop\UNIVERSIDAD\SID2\proyectoIntegradorSid\ProyectoSid2-losIlucionistas\src\main\java\co\icesi\UniPlan\service\AppUserService.java
2026.05.31 13:19:23 INFO  no build target found for C:\Users\carol\Desktop\UNIVERSIDAD\SID2\proyectoIntegradorSid\ProyectoSid2-losIlucionistas\src\main\java\co\icesi\UniPlan\service\AppUserService.java. Using fallback presentation compiler.
2026.05.31 13:19:23 INFO  no build target found for C:\Users\carol\Desktop\UNIVERSIDAD\SID2\proyectoIntegradorSid\ProyectoSid2-losIlucionistas\src\main\java\co\icesi\UniPlan\service\AppUserService.java. Using fallback presentation compiler.
2026.05.31 13:19:23 INFO  no build target found for C:\Users\carol\Desktop\UNIVERSIDAD\SID2\proyectoIntegradorSid\ProyectoSid2-losIlucionistas\src\main\java\co\icesi\UniPlan\service\AppUserService.java. Using fallback presentation compiler.
2026.05.31 13:19:24 INFO  no build target found for C:\Users\carol\Desktop\UNIVERSIDAD\SID2\proyectoIntegradorSid\ProyectoSid2-losIlucionistas\src\main\java\co\icesi\UniPlan\service\AppUserService.java. Using fallback presentation compiler.
2026.05.31 13:19:24 INFO  no build target found for C:\Users\carol\Desktop\UNIVERSIDAD\SID2\proyectoIntegradorSid\ProyectoSid2-losIlucionistas\src\main\java\co\icesi\UniPlan\service\AppUserService.java. Using fallback presentation compiler.
2026.05.31 13:19:24 INFO  no build target found for C:\Users\carol\Desktop\UNIVERSIDAD\SID2\proyectoIntegradorSid\ProyectoSid2-losIlucionistas\src\main\java\co\icesi\UniPlan\service\AppUserService.java. Using fallback presentation compiler.
2026.05.31 13:19:43 INFO  no build target found for C:\Users\carol\Desktop\UNIVERSIDAD\SID2\proyectoIntegradorSid\ProyectoSid2-losIlucionistas\src\main\java\co\icesi\UniPlan\controller\HomeController.java. Using fallback presentation compiler.
2026.05.31 13:19:43 WARN  no build target for: C:\Users\carol\Desktop\UNIVERSIDAD\SID2\proyectoIntegradorSid\ProyectoSid2-losIlucionistas\src\main\java\co\icesi\UniPlan\controller\HomeController.java
2026.05.31 13:19:43 INFO  no build target found for C:\Users\carol\Desktop\UNIVERSIDAD\SID2\proyectoIntegradorSid\ProyectoSid2-losIlucionistas\src\main\java\co\icesi\UniPlan\controller\HomeController.java. Using fallback presentation compiler.
2026.05.31 13:19:53 INFO  no build target found for C:\Users\carol\Desktop\UNIVERSIDAD\SID2\proyectoIntegradorSid\ProyectoSid2-losIlucionistas\src\main\java\co\icesi\UniPlan\controller\HomeController.java. Using fallback presentation compiler.
2026.05.31 13:19:53 INFO  no build target found for C:\Users\carol\Desktop\UNIVERSIDAD\SID2\proyectoIntegradorSid\ProyectoSid2-losIlucionistas\src\main\java\co\icesi\UniPlan\controller\HomeController.java. Using fallback presentation compiler.
2026.05.31 13:19:53 INFO  no build target found for C:\Users\carol\Desktop\UNIVERSIDAD\SID2\proyectoIntegradorSid\ProyectoSid2-losIlucionistas\src\main\java\co\icesi\UniPlan\controller\HomeController.java. Using fallback presentation compiler.
2026.05.31 13:20:02 INFO  no build target found for C:\Users\carol\Desktop\UNIVERSIDAD\SID2\proyectoIntegradorSid\ProyectoSid2-losIlucionistas\src\main\java\co\icesi\UniPlan\controller\HomeController.java. Using fallback presentation compiler.
2026.05.31 13:20:02 INFO  no build target found for C:\Users\carol\Desktop\UNIVERSIDAD\SID2\proyectoIntegradorSid\ProyectoSid2-losIlucionistas\src\main\java\co\icesi\UniPlan\controller\HomeController.java. Using fallback presentation compiler.
2026.05.31 13:20:04 INFO  no build target found for C:\Users\carol\Desktop\UNIVERSIDAD\SID2\proyectoIntegradorSid\ProyectoSid2-losIlucionistas\src\main\java\co\icesi\UniPlan\controller\HomeController.java. Using fallback presentation compiler.
2026.05.31 13:20:04 INFO  no build target found for C:\Users\carol\Desktop\UNIVERSIDAD\SID2\proyectoIntegradorSid\ProyectoSid2-losIlucionistas\src\main\java\co\icesi\UniPlan\controller\HomeController.java. Using fallback presentation compiler.
2026.05.31 13:20:16 INFO  no build target found for C:\Users\carol\Desktop\UNIVERSIDAD\SID2\proyectoIntegradorSid\ProyectoSid2-losIlucionistas\src\main\java\co\icesi\UniPlan\controller\api\AppUserController.java. Using fallback presentation compiler.
2026.05.31 13:20:16 INFO  no build target found for C:\Users\carol\Desktop\UNIVERSIDAD\SID2\proyectoIntegradorSid\ProyectoSid2-losIlucionistas\src\main\java\co\icesi\UniPlan\controller\api\AppUserController.java. Using fallback presentation compiler.
2026.05.31 13:20:16 INFO  no build target found for C:\Users\carol\Desktop\UNIVERSIDAD\SID2\proyectoIntegradorSid\ProyectoSid2-losIlucionistas\src\main\java\co\icesi\UniPlan\controller\api\AppUserController.java. Using fallback presentation compiler.
2026.05.31 13:20:16 INFO  no build target found for C:\Users\carol\Desktop\UNIVERSIDAD\SID2\proyectoIntegradorSid\ProyectoSid2-losIlucionistas\src\main\java\co\icesi\UniPlan\controller\api\AppUserController.java. Using fallback presentation compiler.
2026.05.31 13:20:18 INFO  no build target found for C:\Users\carol\Desktop\UNIVERSIDAD\SID2\proyectoIntegradorSid\ProyectoSid2-losIlucionistas\src\main\java\co\icesi\UniPlan\controller\api\AppUserController.java. Using fallback presentation compiler.
2026.05.31 13:20:27 INFO  no build target found for C:\Users\carol\Desktop\UNIVERSIDAD\SID2\proyectoIntegradorSid\ProyectoSid2-losIlucionistas\src\main\java\co\icesi\UniPlan\controller\api\AppUserController.java. Using fallback presentation compiler.
2026.05.31 13:20:30 INFO  no build target found for C:\Users\carol\Desktop\UNIVERSIDAD\SID2\proyectoIntegradorSid\ProyectoSid2-losIlucionistas\src\main\java\co\icesi\UniPlan\controller\api\AppUserController.java. Using fallback presentation compiler.
2026.05.31 13:20:30 INFO  no build target found for C:\Users\carol\Desktop\UNIVERSIDAD\SID2\proyectoIntegradorSid\ProyectoSid2-losIlucionistas\src\main\java\co\icesi\UniPlan\controller\api\AppUserController.java. Using fallback presentation compiler.
2026.05.31 13:20:31 INFO  no build target found for C:\Users\carol\Desktop\UNIVERSIDAD\SID2\proyectoIntegradorSid\ProyectoSid2-losIlucionistas\src\main\java\co\icesi\UniPlan\controller\api\AppUserController.java. Using fallback presentation compiler.
2026.05.31 13:20:31 INFO  no build target found for C:\Users\carol\Desktop\UNIVERSIDAD\SID2\proyectoIntegradorSid\ProyectoSid2-losIlucionistas\src\main\java\co\icesi\UniPlan\controller\api\AppUserController.java. Using fallback presentation compiler.
2026.05.31 13:20:39 INFO  no build target found for C:\Users\carol\Desktop\UNIVERSIDAD\SID2\proyectoIntegradorSid\ProyectoSid2-losIlucionistas\src\main\java\co\icesi\UniPlan\controller\api\AppUserController.java. Using fallback presentation compiler.
2026.05.31 13:20:39 INFO  no build target found for C:\Users\carol\Desktop\UNIVERSIDAD\SID2\proyectoIntegradorSid\ProyectoSid2-losIlucionistas\src\main\java\co\icesi\UniPlan\controller\api\AppUserController.java. Using fallback presentation compiler.
2026.05.31 13:20:39 INFO  no build target found for C:\Users\carol\Desktop\UNIVERSIDAD\SID2\proyectoIntegradorSid\ProyectoSid2-losIlucionistas\src\main\java\co\icesi\UniPlan\controller\api\AppUserController.java. Using fallback presentation compiler.
2026.05.31 13:20:40 INFO  no build target found for C:\Users\carol\Desktop\UNIVERSIDAD\SID2\proyectoIntegradorSid\ProyectoSid2-losIlucionistas\src\main\java\co\icesi\UniPlan\controller\api\AppUserController.java. Using fallback presentation compiler.
2026.05.31 13:20:40 INFO  no build target found for C:\Users\carol\Desktop\UNIVERSIDAD\SID2\proyectoIntegradorSid\ProyectoSid2-losIlucionistas\src\main\java\co\icesi\UniPlan\controller\api\AppUserController.java. Using fallback presentation compiler.
2026.05.31 13:21:12 INFO  no build target found for C:\Users\carol\Desktop\UNIVERSIDAD\SID2\proyectoIntegradorSid\ProyectoSid2-losIlucionistas\src\main\java\co\icesi\UniPlan\controller\HomeController.java. Using fallback presentation compiler.
2026.05.31 13:21:12 WARN  no build target for: C:\Users\carol\Desktop\UNIVERSIDAD\SID2\proyectoIntegradorSid\ProyectoSid2-losIlucionistas\src\main\java\co\icesi\UniPlan\controller\HomeController.java
2026.05.31 13:21:12 INFO  no build target found for C:\Users\carol\Desktop\UNIVERSIDAD\SID2\proyectoIntegradorSid\ProyectoSid2-losIlucionistas\src\main\java\co\icesi\UniPlan\controller\HomeController.java. Using fallback presentation compiler.
2026.05.31 13:21:12 INFO  no build target found for C:\Users\carol\Desktop\UNIVERSIDAD\SID2\proyectoIntegradorSid\ProyectoSid2-losIlucionistas\src\main\java\co\icesi\UniPlan\controller\HomeController.java. Using fallback presentation compiler.
2026.05.31 13:21:12 INFO  no build target found for C:\Users\carol\Desktop\UNIVERSIDAD\SID2\proyectoIntegradorSid\ProyectoSid2-losIlucionistas\src\main\java\co\icesi\UniPlan\controller\HomeController.java. Using fallback presentation compiler.
2026.05.31 13:21:14 INFO  no build target found for C:\Users\carol\Desktop\UNIVERSIDAD\SID2\proyectoIntegradorSid\ProyectoSid2-losIlucionistas\src\main\java\co\icesi\UniPlan\controller\HomeController.java. Using fallback presentation compiler.
2026.05.31 13:21:15 INFO  no build target found for C:\Users\carol\Desktop\UNIVERSIDAD\SID2\proyectoIntegradorSid\ProyectoSid2-losIlucionistas\src\main\java\co\icesi\UniPlan\controller\HomeController.java. Using fallback presentation compiler.
2026.05.31 13:21:14 INFO  no build target found for C:\Users\carol\Desktop\UNIVERSIDAD\SID2\proyectoIntegradorSid\ProyectoSid2-losIlucionistas\src\main\java\co\icesi\UniPlan\controller\HomeController.java. Using fallback presentation compiler.
2026.05.31 13:21:14 INFO  no build target found for C:\Users\carol\Desktop\UNIVERSIDAD\SID2\proyectoIntegradorSid\ProyectoSid2-losIlucionistas\src\main\java\co\icesi\UniPlan\controller\HomeController.java. Using fallback presentation compiler.
2026.05.31 13:21:15 INFO  no build target found for C:\Users\carol\Desktop\UNIVERSIDAD\SID2\proyectoIntegradorSid\ProyectoSid2-losIlucionistas\src\main\java\co\icesi\UniPlan\controller\HomeController.java. Using fallback presentation compiler.
2026.05.31 13:21:16 WARN  no build target for: C:\Users\carol\Desktop\UNIVERSIDAD\SID2\proyectoIntegradorSid\ProyectoSid2-losIlucionistas\src\main\java\co\icesi\UniPlan\controller\HomeController.java
2026.05.31 13:21:16 INFO  no build target found for C:\Users\carol\Desktop\UNIVERSIDAD\SID2\proyectoIntegradorSid\ProyectoSid2-losIlucionistas\src\main\java\co\icesi\UniPlan\controller\HomeController.java. Using fallback presentation compiler.
2026.05.31 13:21:16 INFO  no build target found for C:\Users\carol\Desktop\UNIVERSIDAD\SID2\proyectoIntegradorSid\ProyectoSid2-losIlucionistas\src\main\java\co\icesi\UniPlan\controller\HomeController.java. Using fallback presentation compiler.
2026.05.31 13:21:18 INFO  no build target found for C:\Users\carol\Desktop\UNIVERSIDAD\SID2\proyectoIntegradorSid\ProyectoSid2-losIlucionistas\src\main\java\co\icesi\UniPlan\controller\HomeController.java. Using fallback presentation compiler.
2026.05.31 13:21:21 INFO  no build target found for C:\Users\carol\Desktop\UNIVERSIDAD\SID2\proyectoIntegradorSid\ProyectoSid2-losIlucionistas\src\main\java\co\icesi\UniPlan\controller\HomeController.java. Using fallback presentation compiler.
2026.05.31 13:21:21 INFO  no build target found for C:\Users\carol\Desktop\UNIVERSIDAD\SID2\proyectoIntegradorSid\ProyectoSid2-losIlucionistas\src\main\java\co\icesi\UniPlan\controller\HomeController.java. Using fallback presentation compiler.
2026.05.31 13:21:21 INFO  no build target found for C:\Users\carol\Desktop\UNIVERSIDAD\SID2\proyectoIntegradorSid\ProyectoSid2-losIlucionistas\src\main\java\co\icesi\UniPlan\controller\HomeController.java. Using fallback presentation compiler.
2026.05.31 13:21:22 INFO  no build target found for C:\Users\carol\Desktop\UNIVERSIDAD\SID2\proyectoIntegradorSid\ProyectoSid2-losIlucionistas\src\main\java\co\icesi\UniPlan\controller\HomeController.java. Using fallback presentation compiler.
2026.05.31 13:21:22 INFO  no build target found for C:\Users\carol\Desktop\UNIVERSIDAD\SID2\proyectoIntegradorSid\ProyectoSid2-losIlucionistas\src\main\java\co\icesi\UniPlan\controller\HomeController.java. Using fallback presentation compiler.
2026.05.31 13:21:23 INFO  no build target found for C:\Users\carol\Desktop\UNIVERSIDAD\SID2\proyectoIntegradorSid\ProyectoSid2-losIlucionistas\src\main\java\co\icesi\UniPlan\controller\HomeController.java. Using fallback presentation compiler.
2026.05.31 13:21:23 INFO  no build target found for C:\Users\carol\Desktop\UNIVERSIDAD\SID2\proyectoIntegradorSid\ProyectoSid2-losIlucionistas\src\main\java\co\icesi\UniPlan\controller\HomeController.java. Using fallback presentation compiler.
2026.05.31 13:21:23 INFO  no build target found for C:\Users\carol\Desktop\UNIVERSIDAD\SID2\proyectoIntegradorSid\ProyectoSid2-losIlucionistas\src\main\java\co\icesi\UniPlan\controller\HomeController.java. Using fallback presentation compiler.
2026.05.31 13:21:23 INFO  no build target found for C:\Users\carol\Desktop\UNIVERSIDAD\SID2\proyectoIntegradorSid\ProyectoSid2-losIlucionistas\src\main\java\co\icesi\UniPlan\controller\HomeController.java. Using fallback presentation compiler.
2026.05.31 13:21:24 WARN  no build target for: C:\Users\carol\Desktop\UNIVERSIDAD\SID2\proyectoIntegradorSid\ProyectoSid2-losIlucionistas\src\main\java\co\icesi\UniPlan\controller\HomeController.java
2026.05.31 13:21:24 INFO  no build target found for C:\Users\carol\Desktop\UNIVERSIDAD\SID2\proyectoIntegradorSid\ProyectoSid2-losIlucionistas\src\main\java\co\icesi\UniPlan\controller\HomeController.java. Using fallback presentation compiler.
2026.05.31 13:21:25 INFO  no build target found for C:\Users\carol\Desktop\UNIVERSIDAD\SID2\proyectoIntegradorSid\ProyectoSid2-losIlucionistas\src\main\java\co\icesi\UniPlan\controller\HomeController.java. Using fallback presentation compiler.
2026.05.31 13:21:25 INFO  no build target found for C:\Users\carol\Desktop\UNIVERSIDAD\SID2\proyectoIntegradorSid\ProyectoSid2-losIlucionistas\src\main\java\co\icesi\UniPlan\controller\HomeController.java. Using fallback presentation compiler.
2026.05.31 13:21:27 INFO  no build target found for C:\Users\carol\Desktop\UNIVERSIDAD\SID2\proyectoIntegradorSid\ProyectoSid2-losIlucionistas\src\main\java\co\icesi\UniPlan\controller\HomeController.java. Using fallback presentation compiler.
2026.05.31 13:21:44 INFO  no build target found for C:\Users\carol\Desktop\UNIVERSIDAD\SID2\proyectoIntegradorSid\ProyectoSid2-losIlucionistas\src\main\java\co\icesi\UniPlan\controller\api\AppUserController.java. Using fallback presentation compiler.
2026.05.31 13:21:44 WARN  no build target for: C:\Users\carol\Desktop\UNIVERSIDAD\SID2\proyectoIntegradorSid\ProyectoSid2-losIlucionistas\src\main\java\co\icesi\UniPlan\controller\api\AppUserController.java
2026.05.31 13:21:44 INFO  no build target found for C:\Users\carol\Desktop\UNIVERSIDAD\SID2\proyectoIntegradorSid\ProyectoSid2-losIlucionistas\src\main\java\co\icesi\UniPlan\controller\api\AppUserController.java. Using fallback presentation compiler.
2026.05.31 13:21:44 INFO  no build target found for C:\Users\carol\Desktop\UNIVERSIDAD\SID2\proyectoIntegradorSid\ProyectoSid2-losIlucionistas\src\main\java\co\icesi\UniPlan\controller\api\AppUserController.java. Using fallback presentation compiler.
2026.05.31 13:21:44 INFO  no build target found for C:\Users\carol\Desktop\UNIVERSIDAD\SID2\proyectoIntegradorSid\ProyectoSid2-losIlucionistas\src\main\java\co\icesi\UniPlan\controller\api\AppUserController.java. Using fallback presentation compiler.
2026.05.31 13:21:45 INFO  no build target found for C:\Users\carol\Desktop\UNIVERSIDAD\SID2\proyectoIntegradorSid\ProyectoSid2-losIlucionistas\src\main\java\co\icesi\UniPlan\controller\api\AppUserController.java. Using fallback presentation compiler.
2026.05.31 13:21:45 INFO  no build target found for C:\Users\carol\Desktop\UNIVERSIDAD\SID2\proyectoIntegradorSid\ProyectoSid2-losIlucionistas\src\main\java\co\icesi\UniPlan\controller\api\AppUserController.java. Using fallback presentation compiler.
2026.05.31 13:21:50 INFO  no build target found for C:\Users\carol\Desktop\UNIVERSIDAD\SID2\proyectoIntegradorSid\ProyectoSid2-losIlucionistas\src\main\java\co\icesi\UniPlan\controller\api\AppUserController.java. Using fallback presentation compiler.
2026.05.31 13:21:50 INFO  no build target found for C:\Users\carol\Desktop\UNIVERSIDAD\SID2\proyectoIntegradorSid\ProyectoSid2-losIlucionistas\src\main\java\co\icesi\UniPlan\controller\api\AppUserController.java. Using fallback presentation compiler.
2026.05.31 13:21:50 INFO  no build target found for C:\Users\carol\Desktop\UNIVERSIDAD\SID2\proyectoIntegradorSid\ProyectoSid2-losIlucionistas\src\main\java\co\icesi\UniPlan\controller\api\AppUserController.java. Using fallback presentation compiler.
2026.05.31 13:21:52 INFO  no build target found for C:\Users\carol\Desktop\UNIVERSIDAD\SID2\proyectoIntegradorSid\ProyectoSid2-losIlucionistas\src\main\java\co\icesi\UniPlan\controller\api\AppUserController.java. Using fallback presentation compiler.
2026.05.31 13:21:52 INFO  no build target found for C:\Users\carol\Desktop\UNIVERSIDAD\SID2\proyectoIntegradorSid\ProyectoSid2-losIlucionistas\src\main\java\co\icesi\UniPlan\controller\api\AppUserController.java. Using fallback presentation compiler.
2026.05.31 13:21:52 INFO  no build target found for C:\Users\carol\Desktop\UNIVERSIDAD\SID2\proyectoIntegradorSid\ProyectoSid2-losIlucionistas\src\main\java\co\icesi\UniPlan\controller\api\AppUserController.java. Using fallback presentation compiler.
2026.05.31 13:21:52 INFO  no build target found for C:\Users\carol\Desktop\UNIVERSIDAD\SID2\proyectoIntegradorSid\ProyectoSid2-losIlucionistas\src\main\java\co\icesi\UniPlan\controller\api\AppUserController.java. Using fallback presentation compiler.
2026.05.31 13:21:52 INFO  no build target found for C:\Users\carol\Desktop\UNIVERSIDAD\SID2\proyectoIntegradorSid\ProyectoSid2-losIlucionistas\src\main\java\co\icesi\UniPlan\controller\api\AppUserController.java. Using fallback presentation compiler.
2026.05.31 13:21:52 INFO  Created report: Optional[file:///C:/Users/carol/Desktop/UNIVERSIDAD/SID2/proyectoIntegradorSid/ProyectoSid2-losIlucionistas/src/main/java/co/icesi/UniPlan/controller/api/AppUserController.java]
2026.05.31 13:21:52 INFO  empty definition using pc, found symbol in pc: _empty_/ResponseStatus# (full report at: "C:\Users\carol\Desktop\UNIVERSIDAD\SID2\proyectoIntegradorSid\ProyectoSid2-losIlucionistas\.metals\.reports\metals-full\2026-05-31\r_empty-definition_13-21-52-739.md")
2026.05.31 13:21:52 INFO  no build target found for C:\Users\carol\Desktop\UNIVERSIDAD\SID2\proyectoIntegradorSid\ProyectoSid2-losIlucionistas\src\main\java\co\icesi\UniPlan\controller\api\AppUserController.java. Using fallback presentation compiler.
2026.05.31 13:21:52 INFO  no build target found for C:\Users\carol\Desktop\UNIVERSIDAD\SID2\proyectoIntegradorSid\ProyectoSid2-losIlucionistas\src\main\java\co\icesi\UniPlan\controller\api\AppUserController.java. Using fallback presentation compiler.
2026.05.31 13:21:53 INFO  no build target found for C:\Users\carol\Desktop\UNIVERSIDAD\SID2\proyectoIntegradorSid\ProyectoSid2-losIlucionistas\src\main\java\co\icesi\UniPlan\controller\api\AppUserController.java. Using fallback presentation compiler.
2026.05.31 13:21:54 WARN  no build target for: C:\Users\carol\Desktop\UNIVERSIDAD\SID2\proyectoIntegradorSid\ProyectoSid2-losIlucionistas\src\main\java\co\icesi\UniPlan\controller\api\AppUserController.java
2026.05.31 13:21:53 INFO  no build target found for C:\Users\carol\Desktop\UNIVERSIDAD\SID2\proyectoIntegradorSid\ProyectoSid2-losIlucionistas\src\main\java\co\icesi\UniPlan\controller\api\AppUserController.java. Using fallback presentation compiler.
2026.05.31 13:21:54 INFO  no build target found for C:\Users\carol\Desktop\UNIVERSIDAD\SID2\proyectoIntegradorSid\ProyectoSid2-losIlucionistas\src\main\java\co\icesi\UniPlan\controller\api\AppUserController.java. Using fallback presentation compiler.
2026.05.31 13:21:53 INFO  no build target found for C:\Users\carol\Desktop\UNIVERSIDAD\SID2\proyectoIntegradorSid\ProyectoSid2-losIlucionistas\src\main\java\co\icesi\UniPlan\controller\api\AppUserController.java. Using fallback presentation compiler.
2026.05.31 13:21:53 INFO  no build target found for C:\Users\carol\Desktop\UNIVERSIDAD\SID2\proyectoIntegradorSid\ProyectoSid2-losIlucionistas\src\main\java\co\icesi\UniPlan\controller\api\AppUserController.java. Using fallback presentation compiler.
2026.05.31 13:21:55 INFO  no build target found for C:\Users\carol\Desktop\UNIVERSIDAD\SID2\proyectoIntegradorSid\ProyectoSid2-losIlucionistas\src\main\java\co\icesi\UniPlan\controller\api\AppUserController.java. Using fallback presentation compiler.
2026.05.31 13:21:55 INFO  no build target found for C:\Users\carol\Desktop\UNIVERSIDAD\SID2\proyectoIntegradorSid\ProyectoSid2-losIlucionistas\src\main\java\co\icesi\UniPlan\controller\api\AppUserController.java. Using fallback presentation compiler.
2026.05.31 13:21:55 INFO  no build target found for C:\Users\carol\Desktop\UNIVERSIDAD\SID2\proyectoIntegradorSid\ProyectoSid2-losIlucionistas\src\main\java\co\icesi\UniPlan\controller\api\AppUserController.java. Using fallback presentation compiler.
2026.05.31 13:21:56 INFO  no build target found for C:\Users\carol\Desktop\UNIVERSIDAD\SID2\proyectoIntegradorSid\ProyectoSid2-losIlucionistas\src\main\java\co\icesi\UniPlan\controller\api\AppUserController.java. Using fallback presentation compiler.
2026.05.31 13:21:56 INFO  no build target found for C:\Users\carol\Desktop\UNIVERSIDAD\SID2\proyectoIntegradorSid\ProyectoSid2-losIlucionistas\src\main\java\co\icesi\UniPlan\controller\api\AppUserController.java. Using fallback presentation compiler.
2026.05.31 13:21:57 WARN  no build target for: C:\Users\carol\Desktop\UNIVERSIDAD\SID2\proyectoIntegradorSid\ProyectoSid2-losIlucionistas\src\main\java\co\icesi\UniPlan\controller\api\AppUserController.java
2026.05.31 13:21:57 INFO  no build target found for C:\Users\carol\Desktop\UNIVERSIDAD\SID2\proyectoIntegradorSid\ProyectoSid2-losIlucionistas\src\main\java\co\icesi\UniPlan\controller\api\AppUserController.java. Using fallback presentation compiler.
2026.05.31 13:21:57 INFO  no build target found for C:\Users\carol\Desktop\UNIVERSIDAD\SID2\proyectoIntegradorSid\ProyectoSid2-losIlucionistas\src\main\java\co\icesi\UniPlan\controller\api\AppUserController.java. Using fallback presentation compiler.
2026.05.31 13:21:57 INFO  no build target found for C:\Users\carol\Desktop\UNIVERSIDAD\SID2\proyectoIntegradorSid\ProyectoSid2-losIlucionistas\src\main\java\co\icesi\UniPlan\controller\api\AppUserController.java. Using fallback presentation compiler.
2026.05.31 13:22:00 INFO  no build target found for C:\Users\carol\Desktop\UNIVERSIDAD\SID2\proyectoIntegradorSid\ProyectoSid2-losIlucionistas\src\main\java\co\icesi\UniPlan\controller\api\AppUserController.java. Using fallback presentation compiler.
2026.05.31 13:22:02 INFO  no build target found for C:\Users\carol\Desktop\UNIVERSIDAD\SID2\proyectoIntegradorSid\ProyectoSid2-losIlucionistas\src\main\java\co\icesi\UniPlan\controller\api\AppUserController.java. Using fallback presentation compiler.
2026.05.31 13:22:02 WARN  no build target for: C:\Users\carol\Desktop\UNIVERSIDAD\SID2\proyectoIntegradorSid\ProyectoSid2-losIlucionistas\src\main\java\co\icesi\UniPlan\controller\api\AppUserController.java
2026.05.31 13:22:02 INFO  no build target found for C:\Users\carol\Desktop\UNIVERSIDAD\SID2\proyectoIntegradorSid\ProyectoSid2-losIlucionistas\src\main\java\co\icesi\UniPlan\controller\api\AppUserController.java. Using fallback presentation compiler.
2026.06.01 22:33:00 INFO  Started: Metals version 1.6.7 in folders 'C:\Users\carol\Desktop\UNIVERSIDAD\SID2\proyectoIntegradorSid\ProyectoSid2-losIlucionistas' for client Visual Studio Code 1.122.1.
2026.06.01 22:33:01 INFO  Memory monitor started
